# Started
# PID 20192
# 240s — open app, scan
# {"type": "INFO", "msg": "sony @ 0x6e970b6000"}
# {"type": "INFO", "msg": "all hooks installed"}
1778318157.079000 nativeTune -> 473000
1778318157.079000 DRV_acquire: oldStd=0x5 freq=473000 -> ATSC 1.0
1778318157.079000 >>> sony_cxd6801_integ_atsc_Tune
1778318157.079000 >>> sony_cxd6801_demod_atsc_Tune
1778318157.079000 >>> sony_cxd6801_demod_SetTSClockModeAndFreq
1778318157.079000 W1 i2c=0xd8 reg=0x0 val=0x0
1778318157.079000 W  i2c=0xd8 reg=0x0 len=1 data=00
1778318157.083000 R  i2c=0xd8 reg=0xc4 len=1
1778318157.089000 R= ret=0 data=a1
1778318157.089000 B  i2c=0xd8 reg=0xd3 val=0x1 mask=0x1
1778318157.089000 R  i2c=0xd8 reg=0xd3 len=1
1778318157.095000 R= ret=0 data=00
1778318157.095000 W1 i2c=0xd8 reg=0xd3 val=0x1
1778318157.095000 W  i2c=0xd8 reg=0xd3 len=1 data=01
1778318157.096000 B  i2c=0xd8 reg=0xde val=0x0 mask=0x1
1778318157.096000 R  i2c=0xd8 reg=0xde len=1
1778318157.102000 R= ret=0 data=00
1778318157.102000 W1 i2c=0xd8 reg=0xde val=0x0
1778318157.102000 W  i2c=0xd8 reg=0xde len=1 data=00
1778318157.103000 B  i2c=0xd8 reg=0xda val=0x0 mask=0x1
1778318157.103000 R  i2c=0xd8 reg=0xda len=1
1778318157.108000 R= ret=0 data=00
1778318157.108000 W1 i2c=0xd8 reg=0xda val=0x0
1778318157.108000 W  i2c=0xd8 reg=0xda len=1 data=00
1778318157.109000 B  i2c=0xd8 reg=0xc4 val=0x1 mask=0x3
1778318157.109000 R  i2c=0xd8 reg=0xc4 len=1
1778318157.113000 R= ret=0 data=a1
1778318157.113000 W1 i2c=0xd8 reg=0xc4 val=0xa1
1778318157.113000 W  i2c=0xd8 reg=0xc4 len=1 data=a1
1778318157.115000 B  i2c=0xd8 reg=0xd1 val=0x1 mask=0x3
1778318157.115000 R  i2c=0xd8 reg=0xd1 len=1
1778318157.120000 R= ret=0 data=01
1778318157.120000 W1 i2c=0xd8 reg=0xd1 val=0x1
1778318157.120000 W  i2c=0xd8 reg=0xd1 len=1 data=01
1778318157.121000 W1 i2c=0xd8 reg=0xd9 val=0x8
1778318157.121000 W  i2c=0xd8 reg=0xd9 len=1 data=08
1778318157.121000 W1 i2c=0xd8 reg=0x32 val=0x0
1778318157.121000 W  i2c=0xd8 reg=0x32 len=1 data=00
1778318157.123000 W1 i2c=0xd8 reg=0x33 val=0x1
1778318157.123000 W  i2c=0xd8 reg=0x33 len=1 data=01
1778318157.124000 W1 i2c=0xd8 reg=0x32 val=0x1
1778318157.124000 W  i2c=0xd8 reg=0x32 len=1 data=01
1778318157.125000 W1 i2c=0xd8 reg=0x0 val=0x1
1778318157.125000 W  i2c=0xd8 reg=0x0 len=1 data=01
1778318157.126000 B  i2c=0xd8 reg=0xe7 val=0x1 mask=0x1
1778318157.126000 R  i2c=0xd8 reg=0xe7 len=1
1778318157.130000 R= ret=0 data=01
1778318157.130000 W1 i2c=0xd8 reg=0xe7 val=0x1
1778318157.130000 W  i2c=0xd8 reg=0xe7 len=1 data=01
1778318157.131000 W1 i2c=0xd8 reg=0x0 val=0x10
1778318157.131000 W  i2c=0xd8 reg=0x0 len=1 data=10
1778318157.132000 B  i2c=0xd8 reg=0x66 val=0x1 mask=0x1
1778318157.132000 R  i2c=0xd8 reg=0x66 len=1
1778318157.135000 R= ret=0 data=01
1778318157.135000 W1 i2c=0xd8 reg=0x66 val=0x1
1778318157.135000 W  i2c=0xd8 reg=0x66 len=1 data=01
1778318157.136000 W1 i2c=0xd8 reg=0x0 val=0x40
1778318157.136000 W  i2c=0xd8 reg=0x0 len=1 data=40
1778318157.136000 B  i2c=0xd8 reg=0x66 val=0x1 mask=0x1
1778318157.136000 R  i2c=0xd8 reg=0x66 len=1
1778318157.140000 R= ret=0 data=01
1778318157.140000 W1 i2c=0xd8 reg=0x66 val=0x1
1778318157.140000 W  i2c=0xd8 reg=0x66 len=1 data=01
1778318157.140000 W1 i2c=0xd8 reg=0x0 val=0x95
1778318157.140000 W  i2c=0xd8 reg=0x0 len=1 data=95
1778318157.141000 W1 i2c=0xd8 reg=0x11 val=0x60
1778318157.141000 W  i2c=0xd8 reg=0x11 len=1 data=60
1778318157.142000 W1 i2c=0xd8 reg=0x0 val=0x2
1778318157.142000 W  i2c=0xd8 reg=0x0 len=1 data=02
1778318157.143000 W1 i2c=0xd8 reg=0xe7 val=0x0
1778318157.143000 W  i2c=0xd8 reg=0xe7 len=1 data=00
1778318157.144000 <<< sony_cxd6801_demod_SetTSClockModeAndFreq ret=0
1778318157.144000 W1 i2c=0xdc reg=0x0 val=0x0
1778318157.144000 W  i2c=0xdc reg=0x0 len=1 data=00
1778318157.145000 W1 i2c=0xdc reg=0x17 val=0xf
1778318157.145000 W  i2c=0xdc reg=0x17 len=1 data=0f
1778318157.145000 W1 i2c=0xd8 reg=0x0 val=0x0
1778318157.145000 W  i2c=0xd8 reg=0x0 len=1 data=00
1778318157.146000 W1 i2c=0xd8 reg=0xa9 val=0x0
1778318157.146000 W  i2c=0xd8 reg=0xa9 len=1 data=00
1778318157.147000 W1 i2c=0xd8 reg=0x2c val=0x1
1778318157.147000 W  i2c=0xd8 reg=0x2c len=1 data=01
1778318157.149000 W1 i2c=0xd8 reg=0x4b val=0x74
1778318157.149000 W  i2c=0xd8 reg=0x4b len=1 data=74
1778318157.150000 W1 i2c=0xd8 reg=0x49 val=0x0
1778318157.150000 W  i2c=0xd8 reg=0x49 len=1 data=00
1778318157.150000 W1 i2c=0xdc reg=0x18 val=0x0
1778318157.150000 W  i2c=0xdc reg=0x18 len=1 data=00
1778318157.151000 W1 i2c=0x98 reg=0x0 val=0x1
1778318157.151000 W  i2c=0x98 reg=0x0 len=1 data=01
1778318157.152000 W1 i2c=0x98 reg=0x48 val=0x1
1778318157.152000 W  i2c=0x98 reg=0x48 len=1 data=01
1778318157.153000 W  i2c=0x98 reg=0xa len=6 data=c5 a3 a1 77 ff 00
1778318157.154000 R  i2c=0x98 reg=0xa len=6
1778318157.158000 R= ret=0 data=30 00 00 00 00 c5
1778318157.158000 W  i2c=0x98 reg=0xa len=6 data=c5 a3 a2 77 ff 00
1778318157.159000 R  i2c=0x98 reg=0xa len=6
1778318157.163000 R= ret=0 data=30 00 00 00 00 c5
1778318157.163000 W  i2c=0x98 reg=0xa len=6 data=c5 a3 a3 77 ff 00
1778318157.164000 R  i2c=0x98 reg=0xa len=6
1778318157.168000 R= ret=0 data=30 00 00 00 00 c5
1778318157.168000 W  i2c=0x98 reg=0xa len=6 data=c5 a3 a4 27 ff 00
1778318157.169000 R  i2c=0x98 reg=0xa len=6
1778318157.173000 R= ret=0 data=30 00 00 00 00 c5
1778318157.173000 W  i2c=0x98 reg=0xa len=6 data=c5 a0 13 03 03 00
1778318157.174000 R  i2c=0x98 reg=0xa len=6
1778318157.178000 R= ret=0 data=30 00 00 00 00 c5
1778318157.178000 W  i2c=0x98 reg=0xa len=6 data=c5 06 a0 31 ff 00
1778318157.179000 R  i2c=0x98 reg=0xa len=6
1778318157.183000 R= ret=0 data=30 00 00 00 00 c5
1778318157.183000 W  i2c=0x98 reg=0xa len=6 data=c5 06 a1 a5 ff 00
1778318157.185000 R  i2c=0x98 reg=0xa len=6
1778318157.188000 R= ret=0 data=30 00 00 00 00 c5
1778318157.188000 W  i2c=0x98 reg=0xa len=6 data=c5 06 a2 2e ff 00
1778318157.189000 R  i2c=0x98 reg=0xa len=6
1778318157.193000 R= ret=0 data=30 00 00 00 00 c5
1778318157.193000 W  i2c=0x98 reg=0xa len=6 data=c5 06 a3 9f ff 00
1778318157.194000 R  i2c=0x98 reg=0xa len=6
1778318157.198000 R= ret=0 data=30 00 00 00 00 c5
1778318157.198000 W  i2c=0x98 reg=0xa len=6 data=c5 06 a4 2b ff 00
1778318157.199000 R  i2c=0x98 reg=0xa len=6
1778318157.202000 R= ret=0 data=30 00 00 00 00 c5
1778318157.202000 W  i2c=0x98 reg=0xa len=6 data=c5 06 a5 99 ff 00
1778318157.203000 R  i2c=0x98 reg=0xa len=6
1778318157.207000 R= ret=0 data=30 00 00 00 00 c5
1778318157.207000 W  i2c=0x98 reg=0xa len=6 data=c5 06 a6 00 ff 00
1778318157.208000 R  i2c=0x98 reg=0xa len=6
1778318157.212000 R= ret=0 data=30 00 00 00 00 c5
1778318157.212000 W  i2c=0x98 reg=0xa len=6 data=c5 06 a7 cd ff 00
1778318157.213000 R  i2c=0x98 reg=0xa len=6
1778318157.216000 R= ret=0 data=30 00 00 00 00 c5
1778318157.216000 W  i2c=0x98 reg=0xa len=6 data=c5 06 a8 00 ff 00
1778318157.217000 R  i2c=0x98 reg=0xa len=6
1778318157.220000 R= ret=0 data=30 00 00 00 00 c5
1778318157.221000 W  i2c=0x98 reg=0xa len=6 data=c5 06 a9 cd ff 00
1778318157.222000 R  i2c=0x98 reg=0xa len=6
1778318157.226000 R= ret=0 data=30 00 00 00 00 c5
1778318157.226000 W  i2c=0x98 reg=0xa len=6 data=c5 06 aa 00 ff 00
1778318157.227000 R  i2c=0x98 reg=0xa len=6
1778318157.231000 R= ret=0 data=30 00 00 00 00 c5
1778318157.231000 W  i2c=0x98 reg=0xa len=6 data=c5 06 ab 00 ff 00
1778318157.232000 R  i2c=0x98 reg=0xa len=6
1778318157.236000 R= ret=0 data=30 00 00 00 00 c5
1778318157.236000 W  i2c=0x98 reg=0xa len=6 data=c5 06 ac 2b ff 00
1778318157.237000 R  i2c=0x98 reg=0xa len=6
1778318157.242000 R= ret=0 data=30 00 00 00 00 c5
1778318157.242000 W  i2c=0x98 reg=0xa len=6 data=c5 06 ad 9d ff 00
1778318157.243000 R  i2c=0x98 reg=0xa len=6
1778318157.246000 R= ret=0 data=30 00 00 00 00 c5
1778318157.246000 W  i2c=0x98 reg=0xa len=6 data=c5 a0 6f 61 ff 00
1778318157.247000 R  i2c=0x98 reg=0xa len=6
1778318157.252000 R= ret=0 data=30 00 00 00 00 c5
1778318157.252000 W  i2c=0x98 reg=0xa len=6 data=c5 a0 70 fb ff 00
1778318157.253000 R  i2c=0x98 reg=0xa len=6
1778318157.256000 R= ret=0 data=30 00 00 00 00 c5
1778318157.257000 W  i2c=0x98 reg=0xa len=6 data=c5 a0 71 7f ff 00
1778318157.258000 R  i2c=0x98 reg=0xa len=6
1778318157.261000 R= ret=0 data=30 00 00 00 00 c5
1778318157.261000 W  i2c=0x98 reg=0xa len=6 data=c5 09 80 61 ff 00
1778318157.262000 R  i2c=0x98 reg=0xa len=6
1778318157.266000 R= ret=0 data=30 00 00 00 00 c5
1778318157.266000 W  i2c=0x98 reg=0xa len=6 data=c5 09 81 fb ff 00
1778318157.267000 R  i2c=0x98 reg=0xa len=6
1778318157.273000 R= ret=0 data=30 00 00 00 00 c5
1778318157.274000 W  i2c=0x98 reg=0xa len=6 data=c5 09 82 7f ff 00
1778318157.275000 R  i2c=0x98 reg=0xa len=6
1778318157.278000 R= ret=0 data=30 00 00 00 00 c5
1778318157.278000 W  i2c=0x98 reg=0xa len=6 data=c5 a0 73 26 ff 00
1778318157.279000 R  i2c=0x98 reg=0xa len=6
1778318157.282000 R= ret=0 data=30 00 00 00 00 c5
1778318157.282000 W  i2c=0x98 reg=0xa len=6 data=c5 a0 74 49 ff 00
1778318157.283000 R  i2c=0x98 reg=0xa len=6
1778318157.287000 R= ret=0 data=30 00 00 00 00 c5
1778318157.287000 W  i2c=0x98 reg=0xa len=6 data=c5 a0 75 7c ff 00
1778318157.288000 R  i2c=0x98 reg=0xa len=6
1778318157.292000 R= ret=0 data=30 00 00 00 00 c5
1778318157.292000 W  i2c=0x98 reg=0xa len=6 data=c5 09 83 26 ff 00
1778318157.293000 R  i2c=0x98 reg=0xa len=6
1778318157.297000 R= ret=0 data=30 00 00 00 00 c5
1778318157.297000 W  i2c=0x98 reg=0xa len=6 data=c5 09 84 49 ff 00
1778318157.298000 R  i2c=0x98 reg=0xa len=6
1778318157.301000 R= ret=0 data=30 00 00 00 00 c5
1778318157.301000 W  i2c=0x98 reg=0xa len=6 data=c5 09 85 7c ff 00
1778318157.302000 R  i2c=0x98 reg=0xa len=6
1778318157.306000 R= ret=0 data=30 00 00 00 00 c5
1778318157.306000 W  i2c=0x98 reg=0xa len=6 data=c5 06 71 05 07 00
1778318157.308000 R  i2c=0x98 reg=0xa len=6
1778318157.311000 R= ret=0 data=30 00 00 00 00 c5
1778318157.311000 W  i2c=0x98 reg=0xa len=6 data=c5 a3 a0 10 10 00
1778318157.312000 R  i2c=0x98 reg=0xa len=6
1778318157.316000 R= ret=0 data=30 00 00 00 00 c5
1778318157.316000 W1 i2c=0xd8 reg=0x0 val=0x0
1778318157.316000 W  i2c=0xd8 reg=0x0 len=1 data=00
1778318157.317000 B  i2c=0xd8 reg=0x80 val=0x8 mask=0x1f
1778318157.317000 R  i2c=0xd8 reg=0x80 len=1
1778318157.320000 R= ret=0 data=3f
1778318157.320000 W1 i2c=0xd8 reg=0x80 val=0x28
1778318157.320000 W  i2c=0xd8 reg=0x80 len=1 data=28
1778318157.321000 W1 i2c=0xd8 reg=0x0 val=0x0
1778318157.321000 W  i2c=0xd8 reg=0x0 len=1 data=00
1778318157.322000 R  i2c=0xd8 reg=0xa9 len=1
1778318157.326000 R= ret=0 data=00
1778318157.326000 W1 i2c=0xd8 reg=0x0 val=0x0
1778318157.326000 W  i2c=0xd8 reg=0x0 len=1 data=00
1778318157.327000 R  i2c=0xd8 reg=0xc4 len=1
1778318157.330000 R= ret=0 data=a1
1778318157.330000 W1 i2c=0xd8 reg=0x0 val=0x0
1778318157.330000 W  i2c=0xd8 reg=0x0 len=1 data=00
1778318157.331000 B  i2c=0xd8 reg=0x81 val=0x0 mask=0x1
1778318157.331000 R  i2c=0xd8 reg=0x81 len=1
1778318157.334000 R= ret=0 data=ff
1778318157.334000 W1 i2c=0xd8 reg=0x81 val=0xfe
1778318157.334000 W  i2c=0xd8 reg=0x81 len=1 data=fe
1778318157.335000 <<< sony_cxd6801_demod_atsc_Tune ret=0
1778318157.335000 W1 i2c=0xdc reg=0x8 val=0x1
1778318157.335000 W  i2c=0xdc reg=0x8 len=1 data=01
1778318157.336000 B  i2c=0xc0 reg=0x74 val=0x2 mask=0x3
1778318157.336000 R  i2c=0xc0 reg=0x74 len=1
1778318157.340000 R= ret=0 data=02
1778318157.340000 W1 i2c=0xc0 reg=0x74 val=0x2
1778318157.340000 W  i2c=0xc0 reg=0x74 len=1 data=02
1778318157.341000 W  i2c=0xc0 reg=0x87 len=2 data=c4 40
1778318157.342000 W  i2c=0xc0 reg=0x91 len=2 data=10 20
1778318157.343000 W  i2c=0xc0 reg=0x9c len=2 data=00 00
1778318157.344000 W  i2c=0xc0 reg=0x5e len=9 data=ee 02 1e 67 03 b4 78 08
1778318157.345000 B  i2c=0xc0 reg=0x67 val=0x0 mask=0x6
1778318157.345000 R  i2c=0xc0 reg=0x67 len=1
1778318157.348000 R= ret=0 data=00
1778318157.348000 W1 i2c=0xc0 reg=0x67 val=0x0
1778318157.348000 W  i2c=0xc0 reg=0x67 len=1 data=00
1778318157.350000 W  i2c=0xc0 reg=0x68 len=17 data=00 88 00 0b 23 00 1a 1d
1778318157.402000 W1 i2c=0xc0 reg=0x88 val=0x0
1778318157.402000 W  i2c=0xc0 reg=0x88 len=1 data=00
1778318157.403000 W1 i2c=0xc0 reg=0x87 val=0xc0
1778318157.403000 W  i2c=0xc0 reg=0x87 len=1 data=c0
1778318157.404000 W1 i2c=0xdc reg=0x8 val=0x0
1778318157.404000 W  i2c=0xdc reg=0x8 len=1 data=00
1778318157.405000 W1 i2c=0x98 reg=0x0 val=0x1
1778318157.405000 W  i2c=0x98 reg=0x0 len=1 data=01
1778318157.406000 W1 i2c=0x98 reg=0x48 val=0x1
1778318157.406000 W  i2c=0x98 reg=0x48 len=1 data=01
1778318157.407000 W  i2c=0x98 reg=0xa len=6 data=b3 10 00 00 00 00
1778318157.408000 R  i2c=0x98 reg=0xa len=6
1778318157.412000 R= ret=0 data=30 00 00 00 00 b3
1778318157.412000 >>> sony_cxd6801_demod_SetStreamOutput
1778318157.412000 W1 i2c=0xd8 reg=0x0 val=0x0
1778318157.412000 W  i2c=0xd8 reg=0x0 len=1 data=00
1778318157.412000 R  i2c=0xd8 reg=0xa9 len=1
1778318157.415000 R= ret=0 data=00
1778318157.415000 W1 i2c=0xd8 reg=0x0 val=0x0
1778318157.415000 W  i2c=0xd8 reg=0x0 len=1 data=00
1778318157.416000 W1 i2c=0xd8 reg=0xc3 val=0x0
1778318157.416000 W  i2c=0xd8 reg=0xc3 len=1 data=00
1778318157.417000 <<< sony_cxd6801_demod_SetStreamOutput ret=0
1778318157.417000 W1 i2c=0x30 reg=0x0 val=0xf
1778318157.417000 W  i2c=0x30 reg=0x0 len=1 data=0f
1778318157.418000 R  i2c=0x30 reg=0x11 len=1
1778318157.422000 R= ret=0 data=00
1778318157.422000 W1 i2c=0x30 reg=0x0 val=0x9
1778318157.422000 W  i2c=0x30 reg=0x0 len=1 data=09
1778318157.423000 R  i2c=0x30 reg=0x62 len=1
1778318157.430000 R= ret=0 data=51
1778318157.430000 W1 i2c=0x30 reg=0x0 val=0xd
1778318157.430000 W  i2c=0x30 reg=0x0 len=1 data=0d
1778318157.430000 R  i2c=0x30 reg=0x86 len=1
1778318157.434000 R= ret=0 data=00
1778318157.445000 W1 i2c=0x30 reg=0x0 val=0xf
1778318157.445000 W  i2c=0x30 reg=0x0 len=1 data=0f
1778318157.446000 R  i2c=0x30 reg=0x11 len=1
1778318157.450000 R= ret=0 data=00
1778318157.450000 W1 i2c=0x30 reg=0x0 val=0x9
1778318157.450000 W  i2c=0x30 reg=0x0 len=1 data=09
1778318157.450000 R  i2c=0x30 reg=0x62 len=1
1778318157.454000 R= ret=0 data=51
1778318157.454000 W1 i2c=0x30 reg=0x0 val=0xd
1778318157.454000 W  i2c=0x30 reg=0x0 len=1 data=0d
1778318157.455000 R  i2c=0x30 reg=0x86 len=1
1778318157.458000 R= ret=0 data=00
1778318157.469000 W1 i2c=0x30 reg=0x0 val=0xf
1778318157.469000 W  i2c=0x30 reg=0x0 len=1 data=0f
1778318157.470000 R  i2c=0x30 reg=0x11 len=1
1778318157.473000 R= ret=0 data=00
1778318157.473000 W1 i2c=0x30 reg=0x0 val=0x9
1778318157.473000 W  i2c=0x30 reg=0x0 len=1 data=09
1778318157.474000 R  i2c=0x30 reg=0x62 len=1
1778318157.477000 R= ret=0 data=51
1778318157.477000 W1 i2c=0x30 reg=0x0 val=0xd
1778318157.477000 W  i2c=0x30 reg=0x0 len=1 data=0d
1778318157.478000 R  i2c=0x30 reg=0x86 len=1
1778318157.482000 R= ret=0 data=00
1778318157.492000 W1 i2c=0x30 reg=0x0 val=0xf
1778318157.492000 W  i2c=0x30 reg=0x0 len=1 data=0f
1778318157.493000 R  i2c=0x30 reg=0x11 len=1
1778318157.496000 R= ret=0 data=00
1778318157.496000 W1 i2c=0x30 reg=0x0 val=0x9
1778318157.496000 W  i2c=0x30 reg=0x0 len=1 data=09
1778318157.497000 R  i2c=0x30 reg=0x62 len=1
1778318157.500000 R= ret=0 data=51
1778318157.500000 W1 i2c=0x30 reg=0x0 val=0xd
1778318157.500000 W  i2c=0x30 reg=0x0 len=1 data=0d
1778318157.501000 R  i2c=0x30 reg=0x86 len=1
1778318157.505000 R= ret=0 data=00
1778318157.515000 W1 i2c=0x30 reg=0x0 val=0xf
1778318157.515000 W  i2c=0x30 reg=0x0 len=1 data=0f
1778318157.516000 R  i2c=0x30 reg=0x11 len=1
1778318157.520000 R= ret=0 data=00
1778318157.520000 W1 i2c=0x30 reg=0x0 val=0x9
1778318157.520000 W  i2c=0x30 reg=0x0 len=1 data=09
1778318157.521000 R  i2c=0x30 reg=0x62 len=1
1778318157.524000 R= ret=0 data=51
1778318157.524000 W1 i2c=0x30 reg=0x0 val=0xd
1778318157.524000 W  i2c=0x30 reg=0x0 len=1 data=0d
1778318157.525000 R  i2c=0x30 reg=0x86 len=1
1778318157.529000 R= ret=0 data=00
1778318157.539000 W1 i2c=0x30 reg=0x0 val=0xf
1778318157.539000 W  i2c=0x30 reg=0x0 len=1 data=0f
1778318157.541000 R  i2c=0x30 reg=0x11 len=1
1778318157.545000 R= ret=0 data=00
1778318157.545000 W1 i2c=0x30 reg=0x0 val=0x9
1778318157.545000 W  i2c=0x30 reg=0x0 len=1 data=09
1778318157.546000 R  i2c=0x30 reg=0x62 len=1
1778318157.549000 R= ret=0 data=51
1778318157.549000 W1 i2c=0x30 reg=0x0 val=0xd
1778318157.549000 W  i2c=0x30 reg=0x0 len=1 data=0d
1778318157.550000 R  i2c=0x30 reg=0x86 len=1
1778318157.553000 R= ret=0 data=00
1778318157.564000 W1 i2c=0x30 reg=0x0 val=0xf
1778318157.564000 W  i2c=0x30 reg=0x0 len=1 data=0f
1778318157.565000 R  i2c=0x30 reg=0x11 len=1
1778318157.568000 R= ret=0 data=00
1778318157.568000 W1 i2c=0x30 reg=0x0 val=0x9
1778318157.568000 W  i2c=0x30 reg=0x0 len=1 data=09
1778318157.569000 R  i2c=0x30 reg=0x62 len=1
1778318157.573000 R= ret=0 data=51
1778318157.573000 W1 i2c=0x30 reg=0x0 val=0xd
1778318157.573000 W  i2c=0x30 reg=0x0 len=1 data=0d
1778318157.574000 R  i2c=0x30 reg=0x86 len=1
1778318157.578000 R= ret=0 data=00
1778318157.589000 W1 i2c=0x30 reg=0x0 val=0xf
1778318157.589000 W  i2c=0x30 reg=0x0 len=1 data=0f
1778318157.590000 R  i2c=0x30 reg=0x11 len=1
1778318157.593000 R= ret=0 data=00
1778318157.593000 W1 i2c=0x30 reg=0x0 val=0x9
1778318157.593000 W  i2c=0x30 reg=0x0 len=1 data=09
1778318157.594000 R  i2c=0x30 reg=0x62 len=1
1778318157.598000 R= ret=0 data=51
1778318157.598000 W1 i2c=0x30 reg=0x0 val=0xd
1778318157.598000 W  i2c=0x30 reg=0x0 len=1 data=0d
1778318157.599000 R  i2c=0x30 reg=0x86 len=1
1778318157.602000 R= ret=0 data=00
1778318157.612000 W1 i2c=0x30 reg=0x0 val=0xf
1778318157.612000 W  i2c=0x30 reg=0x0 len=1 data=0f
1778318157.613000 R  i2c=0x30 reg=0x11 len=1
1778318157.617000 R= ret=0 data=00
1778318157.617000 W1 i2c=0x30 reg=0x0 val=0x9
1778318157.617000 W  i2c=0x30 reg=0x0 len=1 data=09
1778318157.618000 R  i2c=0x30 reg=0x62 len=1
1778318157.622000 R= ret=0 data=51
1778318157.622000 W1 i2c=0x30 reg=0x0 val=0xd
1778318157.622000 W  i2c=0x30 reg=0x0 len=1 data=0d
1778318157.623000 R  i2c=0x30 reg=0x86 len=1
1778318157.627000 R= ret=0 data=00
1778318157.637000 W1 i2c=0x30 reg=0x0 val=0xf
1778318157.637000 W  i2c=0x30 reg=0x0 len=1 data=0f
1778318157.639000 R  i2c=0x30 reg=0x11 len=1
1778318157.643000 R= ret=0 data=00
1778318157.643000 W1 i2c=0x30 reg=0x0 val=0x9
1778318157.643000 W  i2c=0x30 reg=0x0 len=1 data=09
1778318157.644000 R  i2c=0x30 reg=0x62 len=1
1778318157.648000 R= ret=0 data=51
1778318157.648000 W1 i2c=0x30 reg=0x0 val=0xd
1778318157.648000 W  i2c=0x30 reg=0x0 len=1 data=0d
1778318157.649000 R  i2c=0x30 reg=0x86 len=1
1778318157.653000 R= ret=0 data=00
1778318157.663000 W1 i2c=0x30 reg=0x0 val=0xf
1778318157.663000 W  i2c=0x30 reg=0x0 len=1 data=0f
1778318157.664000 R  i2c=0x30 reg=0x11 len=1
1778318157.668000 R= ret=0 data=00
1778318157.668000 W1 i2c=0x30 reg=0x0 val=0x9
1778318157.668000 W  i2c=0x30 reg=0x0 len=1 data=09
1778318157.668000 R  i2c=0x30 reg=0x62 len=1
1778318157.672000 R= ret=0 data=51
1778318157.672000 W1 i2c=0x30 reg=0x0 val=0xd
1778318157.672000 W  i2c=0x30 reg=0x0 len=1 data=0d
1778318157.672000 R  i2c=0x30 reg=0x86 len=1
1778318157.676000 R= ret=0 data=00
1778318157.686000 W1 i2c=0x30 reg=0x0 val=0xf
1778318157.686000 W  i2c=0x30 reg=0x0 len=1 data=0f
1778318157.688000 R  i2c=0x30 reg=0x11 len=1
1778318157.692000 R= ret=0 data=00
1778318157.692000 W1 i2c=0x30 reg=0x0 val=0x9
1778318157.692000 W  i2c=0x30 reg=0x0 len=1 data=09
1778318157.693000 R  i2c=0x30 reg=0x62 len=1
1778318157.696000 R= ret=0 data=51
1778318157.696000 W1 i2c=0x30 reg=0x0 val=0xd
1778318157.696000 W  i2c=0x30 reg=0x0 len=1 data=0d
1778318157.697000 R  i2c=0x30 reg=0x86 len=1
1778318157.701000 R= ret=0 data=00
1778318157.712000 W1 i2c=0x30 reg=0x0 val=0xf
1778318157.712000 W  i2c=0x30 reg=0x0 len=1 data=0f
1778318157.713000 R  i2c=0x30 reg=0x11 len=1
1778318157.717000 R= ret=0 data=00
1778318157.717000 W1 i2c=0x30 reg=0x0 val=0x9
1778318157.717000 W  i2c=0x30 reg=0x0 len=1 data=09
1778318157.718000 R  i2c=0x30 reg=0x62 len=1
1778318157.722000 R= ret=0 data=51
1778318157.722000 W1 i2c=0x30 reg=0x0 val=0xd
1778318157.722000 W  i2c=0x30 reg=0x0 len=1 data=0d
1778318157.723000 R  i2c=0x30 reg=0x86 len=1
1778318157.726000 R= ret=0 data=00
1778318157.737000 W1 i2c=0x30 reg=0x0 val=0xf
1778318157.737000 W  i2c=0x30 reg=0x0 len=1 data=0f
1778318157.738000 R  i2c=0x30 reg=0x11 len=1
1778318157.742000 R= ret=0 data=00
1778318157.742000 W1 i2c=0x30 reg=0x0 val=0x9
1778318157.742000 W  i2c=0x30 reg=0x0 len=1 data=09
1778318157.743000 R  i2c=0x30 reg=0x62 len=1
1778318157.748000 R= ret=0 data=51
1778318157.748000 W1 i2c=0x30 reg=0x0 val=0xd
1778318157.748000 W  i2c=0x30 reg=0x0 len=1 data=0d
1778318157.749000 R  i2c=0x30 reg=0x86 len=1
1778318157.752000 R= ret=0 data=00
1778318157.763000 W1 i2c=0x30 reg=0x0 val=0xf
1778318157.763000 W  i2c=0x30 reg=0x0 len=1 data=0f
1778318157.765000 R  i2c=0x30 reg=0x11 len=1
1778318157.769000 R= ret=0 data=00
1778318157.769000 W1 i2c=0x30 reg=0x0 val=0x9
1778318157.769000 W  i2c=0x30 reg=0x0 len=1 data=09
1778318157.770000 R  i2c=0x30 reg=0x62 len=1
1778318157.774000 R= ret=0 data=51
1778318157.774000 W1 i2c=0x30 reg=0x0 val=0xd
1778318157.774000 W  i2c=0x30 reg=0x0 len=1 data=0d
1778318157.775000 R  i2c=0x30 reg=0x86 len=1
1778318157.779000 R= ret=0 data=00
1778318157.789000 W1 i2c=0x30 reg=0x0 val=0xf
1778318157.789000 W  i2c=0x30 reg=0x0 len=1 data=0f
1778318157.790000 R  i2c=0x30 reg=0x11 len=1
1778318157.794000 R= ret=0 data=00
1778318157.794000 W1 i2c=0x30 reg=0x0 val=0x9
1778318157.794000 W  i2c=0x30 reg=0x0 len=1 data=09
1778318157.795000 R  i2c=0x30 reg=0x62 len=1
1778318157.798000 R= ret=0 data=51
1778318157.798000 W1 i2c=0x30 reg=0x0 val=0xd
1778318157.798000 W  i2c=0x30 reg=0x0 len=1 data=0d
1778318157.799000 R  i2c=0x30 reg=0x86 len=1
1778318157.803000 R= ret=0 data=00
1778318157.813000 W1 i2c=0x30 reg=0x0 val=0xf
1778318157.813000 W  i2c=0x30 reg=0x0 len=1 data=0f
1778318157.814000 R  i2c=0x30 reg=0x11 len=1
1778318157.817000 R= ret=0 data=00
1778318157.817000 W1 i2c=0x30 reg=0x0 val=0x9
1778318157.817000 W  i2c=0x30 reg=0x0 len=1 data=09
1778318157.818000 R  i2c=0x30 reg=0x62 len=1
1778318157.822000 R= ret=0 data=51
1778318157.822000 W1 i2c=0x30 reg=0x0 val=0xd
1778318157.822000 W  i2c=0x30 reg=0x0 len=1 data=0d
1778318157.824000 R  i2c=0x30 reg=0x86 len=1
1778318157.828000 R= ret=0 data=00
1778318157.838000 W1 i2c=0x30 reg=0x0 val=0xf
1778318157.838000 W  i2c=0x30 reg=0x0 len=1 data=0f
1778318157.839000 R  i2c=0x30 reg=0x11 len=1
1778318157.843000 R= ret=0 data=00
1778318157.843000 W1 i2c=0x30 reg=0x0 val=0x9
1778318157.843000 W  i2c=0x30 reg=0x0 len=1 data=09
1778318157.844000 R  i2c=0x30 reg=0x62 len=1
1778318157.848000 R= ret=0 data=51
1778318157.848000 W1 i2c=0x30 reg=0x0 val=0xd
1778318157.848000 W  i2c=0x30 reg=0x0 len=1 data=0d
1778318157.849000 R  i2c=0x30 reg=0x86 len=1
1778318157.853000 R= ret=0 data=00
1778318157.864000 W1 i2c=0x30 reg=0x0 val=0xf
1778318157.864000 W  i2c=0x30 reg=0x0 len=1 data=0f
1778318157.865000 R  i2c=0x30 reg=0x11 len=1
1778318157.869000 R= ret=0 data=00
1778318157.869000 W1 i2c=0x30 reg=0x0 val=0x9
1778318157.869000 W  i2c=0x30 reg=0x0 len=1 data=09
1778318157.870000 R  i2c=0x30 reg=0x62 len=1
1778318157.873000 R= ret=0 data=51
1778318157.873000 W1 i2c=0x30 reg=0x0 val=0xd
1778318157.873000 W  i2c=0x30 reg=0x0 len=1 data=0d
1778318157.875000 R  i2c=0x30 reg=0x86 len=1
1778318157.879000 R= ret=0 data=00
1778318157.889000 W1 i2c=0x30 reg=0x0 val=0xf
1778318157.889000 W  i2c=0x30 reg=0x0 len=1 data=0f
1778318157.890000 R  i2c=0x30 reg=0x11 len=1
1778318157.894000 R= ret=0 data=00
1778318157.894000 W1 i2c=0x30 reg=0x0 val=0x9
1778318157.894000 W  i2c=0x30 reg=0x0 len=1 data=09
1778318157.895000 R  i2c=0x30 reg=0x62 len=1
1778318157.899000 R= ret=0 data=51
1778318157.899000 W1 i2c=0x30 reg=0x0 val=0xd
1778318157.899000 W  i2c=0x30 reg=0x0 len=1 data=0d
1778318157.900000 R  i2c=0x30 reg=0x86 len=1
1778318157.903000 R= ret=0 data=00
1778318157.914000 W1 i2c=0x30 reg=0x0 val=0xf
1778318157.914000 W  i2c=0x30 reg=0x0 len=1 data=0f
1778318157.916000 R  i2c=0x30 reg=0x11 len=1
1778318157.920000 R= ret=0 data=00
1778318157.920000 W1 i2c=0x30 reg=0x0 val=0x9
1778318157.920000 W  i2c=0x30 reg=0x0 len=1 data=09
1778318157.921000 R  i2c=0x30 reg=0x62 len=1
1778318157.924000 R= ret=0 data=51
1778318157.924000 W1 i2c=0x30 reg=0x0 val=0xd
1778318157.924000 W  i2c=0x30 reg=0x0 len=1 data=0d
1778318157.925000 R  i2c=0x30 reg=0x86 len=1
1778318157.929000 R= ret=0 data=00
1778318157.939000 W1 i2c=0x30 reg=0x0 val=0xf
1778318157.939000 W  i2c=0x30 reg=0x0 len=1 data=0f
1778318157.940000 R  i2c=0x30 reg=0x11 len=1
1778318157.944000 R= ret=0 data=00
1778318157.944000 W1 i2c=0x30 reg=0x0 val=0x9
1778318157.944000 W  i2c=0x30 reg=0x0 len=1 data=09
1778318157.946000 R  i2c=0x30 reg=0x62 len=1
1778318157.950000 R= ret=0 data=51
1778318157.950000 W1 i2c=0x30 reg=0x0 val=0xd
1778318157.950000 W  i2c=0x30 reg=0x0 len=1 data=0d
1778318157.951000 R  i2c=0x30 reg=0x86 len=1
1778318157.954000 R= ret=0 data=00
1778318157.964000 W1 i2c=0x30 reg=0x0 val=0xf
1778318157.964000 W  i2c=0x30 reg=0x0 len=1 data=0f
1778318157.965000 R  i2c=0x30 reg=0x11 len=1
1778318157.969000 R= ret=0 data=00
1778318157.969000 W1 i2c=0x30 reg=0x0 val=0x9
1778318157.969000 W  i2c=0x30 reg=0x0 len=1 data=09
1778318157.970000 R  i2c=0x30 reg=0x62 len=1
1778318157.974000 R= ret=0 data=51
1778318157.974000 W1 i2c=0x30 reg=0x0 val=0xd
1778318157.974000 W  i2c=0x30 reg=0x0 len=1 data=0d
1778318157.975000 R  i2c=0x30 reg=0x86 len=1
1778318157.978000 R= ret=0 data=00
1778318157.989000 W1 i2c=0x30 reg=0x0 val=0xf
1778318157.989000 W  i2c=0x30 reg=0x0 len=1 data=0f
1778318157.990000 R  i2c=0x30 reg=0x11 len=1
1778318157.994000 R= ret=0 data=00
1778318157.994000 W1 i2c=0x30 reg=0x0 val=0x9
1778318157.995000 W  i2c=0x30 reg=0x0 len=1 data=09
1778318157.995000 R  i2c=0x30 reg=0x62 len=1
1778318157.999000 R= ret=0 data=51
1778318157.999000 W1 i2c=0x30 reg=0x0 val=0xd
1778318157.999000 W  i2c=0x30 reg=0x0 len=1 data=0d
1778318158.000000 R  i2c=0x30 reg=0x86 len=1
1778318158.004000 R= ret=0 data=00
1778318158.014000 W1 i2c=0x30 reg=0x0 val=0xf
1778318158.014000 W  i2c=0x30 reg=0x0 len=1 data=0f
1778318158.015000 R  i2c=0x30 reg=0x11 len=1
1778318158.018000 R= ret=0 data=00
1778318158.018000 W1 i2c=0x30 reg=0x0 val=0x9
1778318158.018000 W  i2c=0x30 reg=0x0 len=1 data=09
1778318158.019000 R  i2c=0x30 reg=0x62 len=1
1778318158.024000 R= ret=0 data=51
1778318158.024000 W1 i2c=0x30 reg=0x0 val=0xd
1778318158.024000 W  i2c=0x30 reg=0x0 len=1 data=0d
1778318158.025000 R  i2c=0x30 reg=0x86 len=1
1778318158.028000 R= ret=0 data=00
1778318158.038000 W1 i2c=0x30 reg=0x0 val=0xf
1778318158.038000 W  i2c=0x30 reg=0x0 len=1 data=0f
1778318158.039000 R  i2c=0x30 reg=0x11 len=1
1778318158.043000 R= ret=0 data=00
1778318158.043000 W1 i2c=0x30 reg=0x0 val=0x9
1778318158.043000 W  i2c=0x30 reg=0x0 len=1 data=09
1778318158.044000 R  i2c=0x30 reg=0x62 len=1
1778318158.047000 R= ret=0 data=51
1778318158.047000 W1 i2c=0x30 reg=0x0 val=0xd
1778318158.047000 W  i2c=0x30 reg=0x0 len=1 data=0d
1778318158.048000 R  i2c=0x30 reg=0x86 len=1
1778318158.052000 R= ret=0 data=00
1778318158.063000 W1 i2c=0x30 reg=0x0 val=0xf
1778318158.063000 W  i2c=0x30 reg=0x0 len=1 data=0f
1778318158.065000 R  i2c=0x30 reg=0x11 len=1
1778318158.069000 R= ret=0 data=00
1778318158.069000 W1 i2c=0x30 reg=0x0 val=0x9
1778318158.069000 W  i2c=0x30 reg=0x0 len=1 data=09
1778318158.069000 R  i2c=0x30 reg=0x62 len=1
1778318158.073000 R= ret=0 data=51
1778318158.073000 W1 i2c=0x30 reg=0x0 val=0xd
1778318158.073000 W  i2c=0x30 reg=0x0 len=1 data=0d
1778318158.073000 R  i2c=0x30 reg=0x86 len=1
1778318158.077000 R= ret=0 data=00
1778318158.087000 W1 i2c=0x30 reg=0x0 val=0xf
1778318158.087000 W  i2c=0x30 reg=0x0 len=1 data=0f
1778318158.089000 R  i2c=0x30 reg=0x11 len=1
1778318158.093000 R= ret=0 data=00
1778318158.093000 W1 i2c=0x30 reg=0x0 val=0x9
1778318158.093000 W  i2c=0x30 reg=0x0 len=1 data=09
1778318158.094000 R  i2c=0x30 reg=0x62 len=1
1778318158.097000 R= ret=0 data=51
1778318158.097000 W1 i2c=0x30 reg=0x0 val=0xd
1778318158.097000 W  i2c=0x30 reg=0x0 len=1 data=0d
1778318158.098000 R  i2c=0x30 reg=0x86 len=1
1778318158.102000 R= ret=0 data=00
1778318158.113000 W1 i2c=0x30 reg=0x0 val=0xf
1778318158.113000 W  i2c=0x30 reg=0x0 len=1 data=0f
1778318158.115000 R  i2c=0x30 reg=0x11 len=1
1778318158.120000 R= ret=0 data=00
1778318158.120000 W1 i2c=0x30 reg=0x0 val=0x9
1778318158.120000 W  i2c=0x30 reg=0x0 len=1 data=09
1778318158.121000 R  i2c=0x30 reg=0x62 len=1
1778318158.124000 R= ret=0 data=51
1778318158.124000 W1 i2c=0x30 reg=0x0 val=0xd
1778318158.124000 W  i2c=0x30 reg=0x0 len=1 data=0d
1778318158.125000 R  i2c=0x30 reg=0x86 len=1
1778318158.128000 R= ret=0 data=00
1778318158.139000 W1 i2c=0x30 reg=0x0 val=0xf
1778318158.139000 W  i2c=0x30 reg=0x0 len=1 data=0f
1778318158.140000 R  i2c=0x30 reg=0x11 len=1
1778318158.145000 R= ret=0 data=00
1778318158.145000 W1 i2c=0x30 reg=0x0 val=0x9
1778318158.145000 W  i2c=0x30 reg=0x0 len=1 data=09
1778318158.146000 R  i2c=0x30 reg=0x62 len=1
1778318158.151000 R= ret=0 data=51
1778318158.151000 W1 i2c=0x30 reg=0x0 val=0xd
1778318158.151000 W  i2c=0x30 reg=0x0 len=1 data=0d
1778318158.152000 R  i2c=0x30 reg=0x86 len=1
1778318158.155000 R= ret=0 data=00
1778318158.165000 W1 i2c=0x30 reg=0x0 val=0xf
1778318158.165000 W  i2c=0x30 reg=0x0 len=1 data=0f
1778318158.167000 R  i2c=0x30 reg=0x11 len=1
1778318158.173000 R= ret=0 data=00
1778318158.173000 W1 i2c=0x30 reg=0x0 val=0x9
1778318158.173000 W  i2c=0x30 reg=0x0 len=1 data=09
1778318158.175000 R  i2c=0x30 reg=0x62 len=1
1778318158.180000 R= ret=0 data=51
1778318158.180000 W1 i2c=0x30 reg=0x0 val=0xd
1778318158.181000 W  i2c=0x30 reg=0x0 len=1 data=0d
1778318158.182000 R  i2c=0x30 reg=0x86 len=1
1778318158.187000 R= ret=0 data=00
1778318158.198000 W1 i2c=0x30 reg=0x0 val=0xf
1778318158.199000 W  i2c=0x30 reg=0x0 len=1 data=0f
1778318158.204000 R  i2c=0x30 reg=0x11 len=1
1778318158.210000 R= ret=0 data=00
1778318158.210000 W1 i2c=0x30 reg=0x0 val=0x9
1778318158.210000 W  i2c=0x30 reg=0x0 len=1 data=09
1778318158.213000 R  i2c=0x30 reg=0x62 len=1
1778318158.218000 R= ret=0 data=51
1778318158.218000 W1 i2c=0x30 reg=0x0 val=0xd
1778318158.218000 W  i2c=0x30 reg=0x0 len=1 data=0d
1778318158.219000 R  i2c=0x30 reg=0x86 len=1
1778318158.224000 R= ret=0 data=00
1778318158.234000 W1 i2c=0x30 reg=0x0 val=0xf
1778318158.234000 W  i2c=0x30 reg=0x0 len=1 data=0f
1778318158.236000 R  i2c=0x30 reg=0x11 len=1
1778318158.240000 R= ret=0 data=00
1778318158.240000 W1 i2c=0x30 reg=0x0 val=0x9
1778318158.240000 W  i2c=0x30 reg=0x0 len=1 data=09
1778318158.241000 R  i2c=0x30 reg=0x62 len=1
1778318158.245000 R= ret=0 data=51
1778318158.245000 W1 i2c=0x30 reg=0x0 val=0xd
1778318158.245000 W  i2c=0x30 reg=0x0 len=1 data=0d
1778318158.246000 R  i2c=0x30 reg=0x86 len=1
1778318158.251000 R= ret=0 data=00
1778318158.261000 W1 i2c=0x30 reg=0x0 val=0xf
1778318158.261000 W  i2c=0x30 reg=0x0 len=1 data=0f
1778318158.263000 R  i2c=0x30 reg=0x11 len=1
1778318158.267000 R= ret=0 data=00
1778318158.267000 W1 i2c=0x30 reg=0x0 val=0x9
1778318158.267000 W  i2c=0x30 reg=0x0 len=1 data=09
1778318158.269000 R  i2c=0x30 reg=0x62 len=1
1778318158.273000 R= ret=0 data=51
1778318158.273000 W1 i2c=0x30 reg=0x0 val=0xd
1778318158.273000 W  i2c=0x30 reg=0x0 len=1 data=0d
1778318158.274000 R  i2c=0x30 reg=0x86 len=1
1778318158.279000 R= ret=0 data=00
1778318158.290000 W1 i2c=0x30 reg=0x0 val=0xf
1778318158.290000 W  i2c=0x30 reg=0x0 len=1 data=0f
1778318158.292000 R  i2c=0x30 reg=0x11 len=1
1778318158.297000 R= ret=0 data=00
1778318158.297000 W1 i2c=0x30 reg=0x0 val=0x9
1778318158.297000 W  i2c=0x30 reg=0x0 len=1 data=09
1778318158.298000 R  i2c=0x30 reg=0x62 len=1
1778318158.302000 R= ret=0 data=51
1778318158.302000 W1 i2c=0x30 reg=0x0 val=0xd
1778318158.302000 W  i2c=0x30 reg=0x0 len=1 data=0d
1778318158.304000 R  i2c=0x30 reg=0x86 len=1
1778318158.309000 R= ret=0 data=00
1778318158.319000 W1 i2c=0x30 reg=0x0 val=0xf
1778318158.319000 W  i2c=0x30 reg=0x0 len=1 data=0f
1778318158.321000 R  i2c=0x30 reg=0x11 len=1
1778318158.325000 R= ret=0 data=00
1778318158.325000 W1 i2c=0x30 reg=0x0 val=0x9
1778318158.325000 W  i2c=0x30 reg=0x0 len=1 data=09
1778318158.326000 R  i2c=0x30 reg=0x62 len=1
1778318158.331000 R= ret=0 data=51
1778318158.331000 W1 i2c=0x30 reg=0x0 val=0xd
1778318158.331000 W  i2c=0x30 reg=0x0 len=1 data=0d
1778318158.336000 R  i2c=0x30 reg=0x86 len=1
1778318158.340000 R= ret=0 data=00
1778318158.351000 W1 i2c=0x30 reg=0x0 val=0xf
1778318158.351000 W  i2c=0x30 reg=0x0 len=1 data=0f
1778318158.353000 R  i2c=0x30 reg=0x11 len=1
1778318158.362000 R= ret=0 data=00
1778318158.362000 W1 i2c=0x30 reg=0x0 val=0x9
1778318158.362000 W  i2c=0x30 reg=0x0 len=1 data=09
1778318158.363000 R  i2c=0x30 reg=0x62 len=1
1778318158.370000 R= ret=0 data=51
1778318158.370000 W1 i2c=0x30 reg=0x0 val=0xd
1778318158.371000 W  i2c=0x30 reg=0x0 len=1 data=0d
1778318158.375000 R  i2c=0x30 reg=0x86 len=1
1778318158.380000 R= ret=0 data=00
1778318158.390000 W1 i2c=0x30 reg=0x0 val=0xf
1778318158.390000 W  i2c=0x30 reg=0x0 len=1 data=0f
1778318158.392000 R  i2c=0x30 reg=0x11 len=1
1778318158.398000 R= ret=0 data=00
1778318158.398000 W1 i2c=0x30 reg=0x0 val=0x9
1778318158.398000 W  i2c=0x30 reg=0x0 len=1 data=09
1778318158.400000 R  i2c=0x30 reg=0x62 len=1
1778318158.407000 R= ret=0 data=51
1778318158.407000 W1 i2c=0x30 reg=0x0 val=0xd
1778318158.407000 W  i2c=0x30 reg=0x0 len=1 data=0d
1778318158.411000 R  i2c=0x30 reg=0x86 len=1
1778318158.417000 R= ret=0 data=00
1778318158.445000 W1 i2c=0x30 reg=0x0 val=0xf
1778318158.445000 W  i2c=0x30 reg=0x0 len=1 data=0f
1778318158.460000 R  i2c=0x30 reg=0x11 len=1
1778318158.470000 R= ret=0 data=00
1778318158.471000 W1 i2c=0x30 reg=0x0 val=0x9
1778318158.471000 W  i2c=0x30 reg=0x0 len=1 data=09
1778318158.474000 R  i2c=0x30 reg=0x62 len=1
1778318158.489000 R= ret=0 data=51
1778318158.489000 W1 i2c=0x30 reg=0x0 val=0xd
1778318158.489000 W  i2c=0x30 reg=0x0 len=1 data=0d
1778318158.493000 R  i2c=0x30 reg=0x86 len=1
1778318158.504000 R= ret=0 data=00
1778318158.515000 W1 i2c=0x30 reg=0x0 val=0xf
1778318158.515000 W  i2c=0x30 reg=0x0 len=1 data=0f
1778318158.517000 R  i2c=0x30 reg=0x11 len=1
1778318158.533000 R= ret=0 data=00
1778318158.534000 W1 i2c=0x30 reg=0x0 val=0x9
1778318158.534000 W  i2c=0x30 reg=0x0 len=1 data=09
1778318158.535000 R  i2c=0x30 reg=0x62 len=1
1778318158.539000 R= ret=0 data=51
1778318158.539000 W1 i2c=0x30 reg=0x0 val=0xd
1778318158.540000 W  i2c=0x30 reg=0x0 len=1 data=0d
1778318158.541000 R  i2c=0x30 reg=0x86 len=1
1778318158.546000 R= ret=0 data=00
1778318158.556000 W1 i2c=0x30 reg=0x0 val=0xf
1778318158.556000 W  i2c=0x30 reg=0x0 len=1 data=0f
1778318158.558000 R  i2c=0x30 reg=0x11 len=1
1778318158.567000 R= ret=0 data=00
1778318158.567000 W1 i2c=0x30 reg=0x0 val=0x9
1778318158.567000 W  i2c=0x30 reg=0x0 len=1 data=09
1778318158.569000 R  i2c=0x30 reg=0x62 len=1
1778318158.576000 R= ret=0 data=51
1778318158.576000 W1 i2c=0x30 reg=0x0 val=0xd
1778318158.576000 W  i2c=0x30 reg=0x0 len=1 data=0d
1778318158.577000 R  i2c=0x30 reg=0x86 len=1
1778318158.581000 R= ret=0 data=00
1778318158.593000 W1 i2c=0x30 reg=0x0 val=0xf
1778318158.593000 W  i2c=0x30 reg=0x0 len=1 data=0f
1778318158.596000 R  i2c=0x30 reg=0x11 len=1
1778318158.602000 R= ret=0 data=00
1778318158.602000 W1 i2c=0x30 reg=0x0 val=0x9
1778318158.602000 W  i2c=0x30 reg=0x0 len=1 data=09
1778318158.603000 R  i2c=0x30 reg=0x62 len=1
1778318158.607000 R= ret=0 data=51
1778318158.607000 W1 i2c=0x30 reg=0x0 val=0xd
1778318158.607000 W  i2c=0x30 reg=0x0 len=1 data=0d
1778318158.609000 R  i2c=0x30 reg=0x86 len=1
1778318158.615000 R= ret=0 data=00
1778318158.625000 W1 i2c=0x30 reg=0x0 val=0xf
1778318158.625000 W  i2c=0x30 reg=0x0 len=1 data=0f
1778318158.627000 R  i2c=0x30 reg=0x11 len=1
1778318158.630000 R= ret=0 data=00
1778318158.630000 W1 i2c=0x30 reg=0x0 val=0x9
1778318158.630000 W  i2c=0x30 reg=0x0 len=1 data=09
1778318158.631000 R  i2c=0x30 reg=0x62 len=1
1778318158.635000 R= ret=0 data=51
1778318158.635000 W1 i2c=0x30 reg=0x0 val=0xd
1778318158.635000 W  i2c=0x30 reg=0x0 len=1 data=0d
1778318158.636000 R  i2c=0x30 reg=0x86 len=1
1778318158.642000 R= ret=0 data=00
1778318158.642000 <<< sony_cxd6801_integ_atsc_Tune ret=5
1778318158.642000 DRV_acquire ret=5
1778318158.675000 W1 i2c=0x30 reg=0x0 val=0xf
1778318158.675000 W  i2c=0x30 reg=0x0 len=1 data=0f
1778318158.678000 R  i2c=0x30 reg=0x11 len=1
1778318158.684000 R= ret=0 data=00
1778318158.684000 W1 i2c=0x30 reg=0x0 val=0x9
1778318158.684000 W  i2c=0x30 reg=0x0 len=1 data=09
1778318158.686000 R  i2c=0x30 reg=0x62 len=1
1778318158.692000 R= ret=0 data=51
1778318158.692000 W1 i2c=0x30 reg=0x0 val=0xd
1778318158.692000 W  i2c=0x30 reg=0x0 len=1 data=0d
1778318158.694000 R  i2c=0x30 reg=0x86 len=1
1778318158.758000 R= ret=0 data=00
1778318158.758000 W1 i2c=0x30 reg=0x0 val=0xd
1778318158.758000 W  i2c=0x30 reg=0x0 len=1 data=0d
1778318158.761000 R  i2c=0x30 reg=0x86 len=1
1778318158.765000 R= ret=0 data=00
1778318158.765000 W1 i2c=0x30 reg=0x0 val=0xd
1778318158.765000 W  i2c=0x30 reg=0x0 len=1 data=0d
1778318158.766000 R  i2c=0x30 reg=0x86 len=1
1778318158.772000 R= ret=0 data=00
1778318158.772000 W1 i2c=0xdc reg=0x8 val=0x1
1778318158.772000 W  i2c=0xdc reg=0x8 len=1 data=01
1778318158.774000 W  i2c=0xc0 reg=0x87 len=2 data=c4 41
1778318158.775000 W  i2c=0xc0 reg=0x59 len=2 data=05 01
1778318158.776000 R  i2c=0xc0 reg=0x5b len=1
1778318158.779000 R= ret=0 data=38
1778318158.779000 W  i2c=0xc0 reg=0x59 len=2 data=03 01
1778318158.780000 R  i2c=0xc0 reg=0x5b len=1
1778318158.786000 R= ret=0 data=07
1778318158.786000 W1 i2c=0xc0 reg=0x59 val=0x4
1778318158.786000 W  i2c=0xc0 reg=0x59 len=1 data=04
1778318158.787000 W1 i2c=0xc0 reg=0x88 val=0x0
1778318158.787000 W  i2c=0xc0 reg=0x88 len=1 data=00
1778318158.788000 W1 i2c=0xc0 reg=0x87 val=0xc0
1778318158.788000 W  i2c=0xc0 reg=0x87 len=1 data=c0
1778318158.790000 R  i2c=0xc0 reg=0x69 len=1
1778318158.794000 R= ret=0 data=88
1778318158.794000 W1 i2c=0xdc reg=0x8 val=0x0
1778318158.794000 W  i2c=0xdc reg=0x8 len=1 data=00
1778318159.596000 W1 i2c=0x30 reg=0x0 val=0xf
1778318159.596000 W  i2c=0x30 reg=0x0 len=1 data=0f
1778318159.598000 R  i2c=0x30 reg=0x11 len=1
1778318159.603000 R= ret=0 data=00
1778318159.603000 W1 i2c=0x30 reg=0x0 val=0x9
1778318159.603000 W  i2c=0x30 reg=0x0 len=1 data=09
1778318159.605000 R  i2c=0x30 reg=0x62 len=1
1778318159.610000 R= ret=0 data=51
1778318159.610000 W1 i2c=0x30 reg=0x0 val=0xd
1778318159.610000 W  i2c=0x30 reg=0x0 len=1 data=0d
1778318159.612000 R  i2c=0x30 reg=0x86 len=1
1778318159.616000 R= ret=0 data=00
1778318159.617000 W1 i2c=0x30 reg=0x0 val=0xd
1778318159.617000 W  i2c=0x30 reg=0x0 len=1 data=0d
1778318159.618000 R  i2c=0x30 reg=0x86 len=1
1778318159.621000 R= ret=0 data=00
1778318159.621000 W1 i2c=0x30 reg=0x0 val=0xd
1778318159.621000 W  i2c=0x30 reg=0x0 len=1 data=0d
1778318159.623000 R  i2c=0x30 reg=0x86 len=1
1778318159.629000 R= ret=0 data=00
1778318159.629000 W1 i2c=0xdc reg=0x8 val=0x1
1778318159.629000 W  i2c=0xdc reg=0x8 len=1 data=01
1778318159.630000 W  i2c=0xc0 reg=0x87 len=2 data=c4 41
1778318159.632000 W  i2c=0xc0 reg=0x59 len=2 data=05 01
1778318159.633000 R  i2c=0xc0 reg=0x5b len=1
1778318159.638000 R= ret=0 data=38
1778318159.638000 W  i2c=0xc0 reg=0x59 len=2 data=03 01
1778318159.639000 R  i2c=0xc0 reg=0x5b len=1
1778318159.645000 R= ret=0 data=08
1778318159.645000 W1 i2c=0xc0 reg=0x59 val=0x4
1778318159.645000 W  i2c=0xc0 reg=0x59 len=1 data=04
1778318159.646000 W1 i2c=0xc0 reg=0x88 val=0x0
1778318159.646000 W  i2c=0xc0 reg=0x88 len=1 data=00
1778318159.648000 W1 i2c=0xc0 reg=0x87 val=0xc0
1778318159.649000 W  i2c=0xc0 reg=0x87 len=1 data=c0
1778318159.650000 R  i2c=0xc0 reg=0x69 len=1
1778318159.657000 R= ret=0 data=88
1778318159.657000 W1 i2c=0xdc reg=0x8 val=0x0
1778318159.657000 W  i2c=0xdc reg=0x8 len=1 data=00
1778318160.461000 W1 i2c=0x30 reg=0x0 val=0xf
1778318160.461000 W  i2c=0x30 reg=0x0 len=1 data=0f
1778318160.462000 R  i2c=0x30 reg=0x11 len=1
1778318160.466000 R= ret=0 data=00
1778318160.466000 W1 i2c=0x30 reg=0x0 val=0x9
1778318160.466000 W  i2c=0x30 reg=0x0 len=1 data=09
1778318160.467000 R  i2c=0x30 reg=0x62 len=1
1778318160.471000 R= ret=0 data=51
1778318160.471000 W1 i2c=0x30 reg=0x0 val=0xd
1778318160.471000 W  i2c=0x30 reg=0x0 len=1 data=0d
1778318160.472000 R  i2c=0x30 reg=0x86 len=1
1778318160.475000 R= ret=0 data=00
1778318160.475000 W1 i2c=0x30 reg=0x0 val=0xd
1778318160.475000 W  i2c=0x30 reg=0x0 len=1 data=0d
1778318160.476000 R  i2c=0x30 reg=0x86 len=1
1778318160.480000 R= ret=0 data=00
1778318160.480000 W1 i2c=0x30 reg=0x0 val=0xd
1778318160.480000 W  i2c=0x30 reg=0x0 len=1 data=0d
1778318160.481000 R  i2c=0x30 reg=0x86 len=1
1778318160.485000 R= ret=0 data=00
1778318160.485000 W1 i2c=0xdc reg=0x8 val=0x1
1778318160.485000 W  i2c=0xdc reg=0x8 len=1 data=01
1778318160.486000 W  i2c=0xc0 reg=0x87 len=2 data=c4 41
1778318160.487000 W  i2c=0xc0 reg=0x59 len=2 data=05 01
1778318160.488000 R  i2c=0xc0 reg=0x5b len=1
1778318160.492000 R= ret=0 data=38
1778318160.492000 W  i2c=0xc0 reg=0x59 len=2 data=03 01
1778318160.493000 R  i2c=0xc0 reg=0x5b len=1
1778318160.497000 R= ret=0 data=08
1778318160.497000 W1 i2c=0xc0 reg=0x59 val=0x4
1778318160.497000 W  i2c=0xc0 reg=0x59 len=1 data=04
1778318160.498000 W1 i2c=0xc0 reg=0x88 val=0x0
1778318160.498000 W  i2c=0xc0 reg=0x88 len=1 data=00
1778318160.498000 W1 i2c=0xc0 reg=0x87 val=0xc0
1778318160.499000 W  i2c=0xc0 reg=0x87 len=1 data=c0
1778318160.500000 R  i2c=0xc0 reg=0x69 len=1
1778318160.504000 R= ret=0 data=88
1778318160.504000 W1 i2c=0xdc reg=0x8 val=0x0
1778318160.504000 W  i2c=0xdc reg=0x8 len=1 data=00
1778318161.306000 W1 i2c=0x30 reg=0x0 val=0xf
1778318161.306000 W  i2c=0x30 reg=0x0 len=1 data=0f
1778318161.307000 R  i2c=0x30 reg=0x11 len=1
1778318161.311000 R= ret=0 data=00
1778318161.311000 W1 i2c=0x30 reg=0x0 val=0x9
1778318161.311000 W  i2c=0x30 reg=0x0 len=1 data=09
1778318161.312000 R  i2c=0x30 reg=0x62 len=1
1778318161.317000 R= ret=0 data=51
1778318161.317000 W1 i2c=0x30 reg=0x0 val=0xd
1778318161.317000 W  i2c=0x30 reg=0x0 len=1 data=0d
1778318161.318000 R  i2c=0x30 reg=0x86 len=1
1778318161.323000 R= ret=0 data=00
1778318161.323000 W1 i2c=0x30 reg=0x0 val=0xd
1778318161.323000 W  i2c=0x30 reg=0x0 len=1 data=0d
1778318161.324000 R  i2c=0x30 reg=0x86 len=1
1778318161.328000 R= ret=0 data=00
1778318161.328000 W1 i2c=0x30 reg=0x0 val=0xd
1778318161.328000 W  i2c=0x30 reg=0x0 len=1 data=0d
1778318161.329000 R  i2c=0x30 reg=0x86 len=1
1778318161.334000 R= ret=0 data=00
1778318161.334000 W1 i2c=0xdc reg=0x8 val=0x1
1778318161.334000 W  i2c=0xdc reg=0x8 len=1 data=01
1778318161.335000 W  i2c=0xc0 reg=0x87 len=2 data=c4 41
1778318161.337000 W  i2c=0xc0 reg=0x59 len=2 data=05 01
1778318161.338000 R  i2c=0xc0 reg=0x5b len=1
1778318161.342000 R= ret=0 data=38
1778318161.342000 W  i2c=0xc0 reg=0x59 len=2 data=03 01
1778318161.343000 R  i2c=0xc0 reg=0x5b len=1
1778318161.349000 R= ret=0 data=08
1778318161.349000 W1 i2c=0xc0 reg=0x59 val=0x4
1778318161.349000 W  i2c=0xc0 reg=0x59 len=1 data=04
1778318161.350000 W1 i2c=0xc0 reg=0x88 val=0x0
1778318161.350000 W  i2c=0xc0 reg=0x88 len=1 data=00
1778318161.350000 W1 i2c=0xc0 reg=0x87 val=0xc0
1778318161.351000 W  i2c=0xc0 reg=0x87 len=1 data=c0
1778318161.352000 R  i2c=0xc0 reg=0x69 len=1
1778318161.355000 R= ret=0 data=88
1778318161.355000 W1 i2c=0xdc reg=0x8 val=0x0
1778318161.355000 W  i2c=0xdc reg=0x8 len=1 data=00
1778318162.157000 W1 i2c=0x30 reg=0x0 val=0xf
1778318162.157000 W  i2c=0x30 reg=0x0 len=1 data=0f
1778318162.158000 R  i2c=0x30 reg=0x11 len=1
1778318162.162000 R= ret=0 data=00
1778318162.162000 W1 i2c=0x30 reg=0x0 val=0x9
1778318162.162000 W  i2c=0x30 reg=0x0 len=1 data=09
1778318162.163000 R  i2c=0x30 reg=0x62 len=1
1778318162.166000 R= ret=0 data=51
1778318162.166000 W1 i2c=0x30 reg=0x0 val=0xd
1778318162.166000 W  i2c=0x30 reg=0x0 len=1 data=0d
1778318162.167000 R  i2c=0x30 reg=0x86 len=1
1778318162.172000 R= ret=0 data=00
1778318162.172000 W1 i2c=0x30 reg=0x0 val=0xd
1778318162.172000 W  i2c=0x30 reg=0x0 len=1 data=0d
1778318162.173000 R  i2c=0x30 reg=0x86 len=1
1778318162.176000 R= ret=0 data=00
1778318162.176000 W1 i2c=0x30 reg=0x0 val=0xd
1778318162.176000 W  i2c=0x30 reg=0x0 len=1 data=0d
1778318162.177000 R  i2c=0x30 reg=0x86 len=1
1778318162.181000 R= ret=0 data=00
1778318162.181000 W1 i2c=0xdc reg=0x8 val=0x1
1778318162.181000 W  i2c=0xdc reg=0x8 len=1 data=01
1778318162.183000 W  i2c=0xc0 reg=0x87 len=2 data=c4 41
1778318162.183000 W  i2c=0xc0 reg=0x59 len=2 data=05 01
1778318162.185000 R  i2c=0xc0 reg=0x5b len=1
1778318162.188000 R= ret=0 data=38
1778318162.188000 W  i2c=0xc0 reg=0x59 len=2 data=03 01
1778318162.189000 R  i2c=0xc0 reg=0x5b len=1
1778318162.193000 R= ret=0 data=08
1778318162.193000 W1 i2c=0xc0 reg=0x59 val=0x4
1778318162.193000 W  i2c=0xc0 reg=0x59 len=1 data=04
1778318162.194000 W1 i2c=0xc0 reg=0x88 val=0x0
1778318162.194000 W  i2c=0xc0 reg=0x88 len=1 data=00
1778318162.195000 W1 i2c=0xc0 reg=0x87 val=0xc0
1778318162.195000 W  i2c=0xc0 reg=0x87 len=1 data=c0
1778318162.196000 R  i2c=0xc0 reg=0x69 len=1
1778318162.200000 R= ret=0 data=88
1778318162.200000 W1 i2c=0xdc reg=0x8 val=0x0
1778318162.200000 W  i2c=0xdc reg=0x8 len=1 data=00
1778318162.891000 nativeTune -> 479000
1778318162.891000 DRV_acquire: oldStd=0x5 freq=479000 -> ATSC 1.0
1778318162.891000 >>> sony_cxd6801_integ_atsc_Tune
1778318162.891000 >>> sony_cxd6801_demod_atsc_Tune
1778318162.891000 >>> sony_cxd6801_demod_SetStreamOutput
1778318162.891000 W1 i2c=0xd8 reg=0x0 val=0x0
1778318162.891000 W  i2c=0xd8 reg=0x0 len=1 data=00
1778318162.893000 R  i2c=0xd8 reg=0xa9 len=1
1778318162.897000 R= ret=0 data=00
1778318162.897000 W1 i2c=0xd8 reg=0x0 val=0x0
1778318162.897000 W  i2c=0xd8 reg=0x0 len=1 data=00
1778318162.898000 W1 i2c=0xd8 reg=0xc3 val=0x1
1778318162.898000 W  i2c=0xd8 reg=0xc3 len=1 data=01
1778318162.899000 <<< sony_cxd6801_demod_SetStreamOutput ret=0
1778318162.899000 <<< sony_cxd6801_demod_atsc_Tune ret=0
1778318162.899000 W1 i2c=0xdc reg=0x8 val=0x1
1778318162.899000 W  i2c=0xdc reg=0x8 len=1 data=01
1778318162.900000 B  i2c=0xc0 reg=0x74 val=0x2 mask=0x3
1778318162.900000 R  i2c=0xc0 reg=0x74 len=1
1778318162.904000 R= ret=0 data=11
1778318162.904000 W1 i2c=0xc0 reg=0x74 val=0x12
1778318162.904000 W  i2c=0xc0 reg=0x74 len=1 data=12
1778318162.905000 W  i2c=0xc0 reg=0x87 len=2 data=c4 40
1778318162.906000 W  i2c=0xc0 reg=0x91 len=2 data=10 20
1778318162.907000 W  i2c=0xc0 reg=0x9c len=2 data=00 00
1778318162.908000 W  i2c=0xc0 reg=0x5e len=9 data=ee 02 1e 67 03 b4 78 08
1778318162.909000 B  i2c=0xc0 reg=0x67 val=0x0 mask=0x6
1778318162.909000 R  i2c=0xc0 reg=0x67 len=1
1778318162.913000 R= ret=0 data=00
1778318162.913000 W1 i2c=0xc0 reg=0x67 val=0x0
1778318162.913000 W  i2c=0xc0 reg=0x67 len=1 data=00
1778318162.914000 W  i2c=0xc0 reg=0x68 len=17 data=00 88 00 0b 23 00 1a 1d
1778318162.967000 W1 i2c=0xc0 reg=0x88 val=0x0
1778318162.967000 W  i2c=0xc0 reg=0x88 len=1 data=00
1778318162.968000 W1 i2c=0xc0 reg=0x87 val=0xc0
1778318162.968000 W  i2c=0xc0 reg=0x87 len=1 data=c0
1778318162.969000 W1 i2c=0xdc reg=0x8 val=0x0
1778318162.969000 W  i2c=0xdc reg=0x8 len=1 data=00
1778318162.970000 W1 i2c=0x98 reg=0x0 val=0x1
1778318162.970000 W  i2c=0x98 reg=0x0 len=1 data=01
1778318162.972000 W1 i2c=0x98 reg=0x48 val=0x1
1778318162.972000 W  i2c=0x98 reg=0x48 len=1 data=01
1778318162.973000 W  i2c=0x98 reg=0xa len=6 data=b3 10 00 00 00 00
1778318162.974000 R  i2c=0x98 reg=0xa len=6
1778318162.978000 R= ret=0 data=30 00 00 00 00 b3
1778318162.978000 >>> sony_cxd6801_demod_SetStreamOutput
1778318162.978000 W1 i2c=0xd8 reg=0x0 val=0x0
1778318162.978000 W  i2c=0xd8 reg=0x0 len=1 data=00
1778318162.978000 R  i2c=0xd8 reg=0xa9 len=1
1778318162.982000 R= ret=0 data=00
1778318162.982000 W1 i2c=0xd8 reg=0x0 val=0x0
1778318162.982000 W  i2c=0xd8 reg=0x0 len=1 data=00
1778318162.983000 W1 i2c=0xd8 reg=0xc3 val=0x0
1778318162.983000 W  i2c=0xd8 reg=0xc3 len=1 data=00
1778318162.984000 <<< sony_cxd6801_demod_SetStreamOutput ret=0
1778318162.984000 W1 i2c=0x30 reg=0x0 val=0xf
1778318162.985000 W  i2c=0x30 reg=0x0 len=1 data=0f
1778318162.986000 R  i2c=0x30 reg=0x11 len=1
1778318162.989000 R= ret=0 data=00
1778318162.989000 W1 i2c=0x30 reg=0x0 val=0x9
1778318162.989000 W  i2c=0x30 reg=0x0 len=1 data=09
1778318162.990000 R  i2c=0x30 reg=0x62 len=1
1778318162.994000 R= ret=0 data=51
1778318162.994000 W1 i2c=0x30 reg=0x0 val=0xd
1778318162.994000 W  i2c=0x30 reg=0x0 len=1 data=0d
1778318162.995000 R  i2c=0x30 reg=0x86 len=1
1778318162.999000 R= ret=0 data=00
1778318163.001000 W1 i2c=0x30 reg=0x0 val=0xf
1778318163.001000 W  i2c=0x30 reg=0x0 len=1 data=0f
1778318163.002000 R  i2c=0x30 reg=0x11 len=1
1778318163.006000 R= ret=0 data=00
1778318163.006000 W1 i2c=0x30 reg=0x0 val=0x9
1778318163.006000 W  i2c=0x30 reg=0x0 len=1 data=09
1778318163.007000 R  i2c=0x30 reg=0x62 len=1
1778318163.009000 W1 i2c=0x30 reg=0x0 val=0xf
1778318163.009000 W  i2c=0x30 reg=0x0 len=1 data=0f
1778318163.011000 R= ret=0 data=51
1778318163.011000 W1 i2c=0x30 reg=0x0 val=0xd
1778318163.011000 W  i2c=0x30 reg=0x0 len=1 data=0d
1778318163.012000 R  i2c=0x30 reg=0x11 len=1
1778318163.017000 R= ret=0 data=00
1778318163.017000 W1 i2c=0x30 reg=0x0 val=0x9
1778318163.017000 W  i2c=0x30 reg=0x0 len=1 data=09
1778318163.018000 R  i2c=0x30 reg=0x86 len=1
1778318163.019000 R  i2c=0x30 reg=0x62 len=1
1778318163.023000 R= ret=0 data=00
1778318163.023000 W1 i2c=0x30 reg=0x0 val=0xd
1778318163.023000 W  i2c=0x30 reg=0x0 len=1 data=0d
1778318163.026000 R  i2c=0x30 reg=0x86 len=1
1778318163.028000 R= ret=0 data=00
1778318163.028000 W1 i2c=0x30 reg=0x0 val=0xd
1778318163.028000 W  i2c=0x30 reg=0x0 len=1 data=0d
1778318163.032000 R= ret=0 data=00
1778318163.032000 W1 i2c=0x30 reg=0x0 val=0xd
1778318163.032000 W  i2c=0x30 reg=0x0 len=1 data=0d
1778318163.033000 R  i2c=0x30 reg=0x86 len=1
1778318163.034000 R  i2c=0x30 reg=0x86 len=1
1778318163.037000 R= ret=0 data=00
1778318163.041000 R= ret=0 data=00
1778318163.042000 W1 i2c=0xdc reg=0x8 val=0x1
1778318163.042000 W  i2c=0xdc reg=0x8 len=1 data=01
1778318163.043000 W  i2c=0xc0 reg=0x87 len=2 data=c4 41
1778318163.044000 W  i2c=0xc0 reg=0x59 len=2 data=05 01
1778318163.045000 R  i2c=0xc0 reg=0x5b len=1
1778318163.047000 W1 i2c=0x30 reg=0x0 val=0xf
1778318163.047000 W  i2c=0x30 reg=0x0 len=1 data=0f
1778318163.048000 R= ret=0 data=37
1778318163.048000 W  i2c=0xc0 reg=0x59 len=2 data=03 01
1778318163.049000 R  i2c=0x30 reg=0x11 len=1
1778318163.050000 R  i2c=0xc0 reg=0x5b len=1
1778318163.055000 R= ret=0 data=00
1778318163.055000 W1 i2c=0x30 reg=0x0 val=0x9
1778318163.055000 W  i2c=0x30 reg=0x0 len=1 data=09
1778318163.058000 R= ret=0 data=08
1778318163.058000 W1 i2c=0xc0 reg=0x59 val=0x4
1778318163.058000 W  i2c=0xc0 reg=0x59 len=1 data=04
1778318163.059000 R  i2c=0x30 reg=0x62 len=1
1778318163.060000 W1 i2c=0xc0 reg=0x88 val=0x0
1778318163.060000 W  i2c=0xc0 reg=0x88 len=1 data=00
1778318163.064000 R= ret=0 data=51
1778318163.064000 W1 i2c=0x30 reg=0x0 val=0xd
1778318163.064000 W  i2c=0x30 reg=0x0 len=1 data=0d
1778318163.065000 W1 i2c=0xc0 reg=0x87 val=0xc0
1778318163.065000 W  i2c=0xc0 reg=0x87 len=1 data=c0
1778318163.066000 R  i2c=0x30 reg=0x86 len=1
1778318163.067000 R  i2c=0xc0 reg=0x69 len=1
1778318163.070000 R= ret=0 data=00
1778318163.073000 R= ret=0 data=88
1778318163.073000 W1 i2c=0xdc reg=0x8 val=0x0
1778318163.073000 W  i2c=0xdc reg=0x8 len=1 data=00
1778318163.080000 W1 i2c=0x30 reg=0x0 val=0xf
1778318163.081000 W  i2c=0x30 reg=0x0 len=1 data=0f
1778318163.082000 R  i2c=0x30 reg=0x11 len=1
1778318163.085000 R= ret=0 data=00
1778318163.085000 W1 i2c=0x30 reg=0x0 val=0x9
1778318163.085000 W  i2c=0x30 reg=0x0 len=1 data=09
1778318163.087000 R  i2c=0x30 reg=0x62 len=1
1778318163.090000 R= ret=0 data=51
1778318163.090000 W1 i2c=0x30 reg=0x0 val=0xd
1778318163.090000 W  i2c=0x30 reg=0x0 len=1 data=0d
1778318163.092000 R  i2c=0x30 reg=0x86 len=1
1778318163.095000 R= ret=0 data=00
1778318163.106000 W1 i2c=0x30 reg=0x0 val=0xf
1778318163.106000 W  i2c=0x30 reg=0x0 len=1 data=0f
1778318163.107000 R  i2c=0x30 reg=0x11 len=1
1778318163.110000 R= ret=0 data=00
1778318163.110000 W1 i2c=0x30 reg=0x0 val=0x9
1778318163.110000 W  i2c=0x30 reg=0x0 len=1 data=09
1778318163.111000 R  i2c=0x30 reg=0x62 len=1
1778318163.115000 R= ret=0 data=51
1778318163.115000 W1 i2c=0x30 reg=0x0 val=0xd
1778318163.115000 W  i2c=0x30 reg=0x0 len=1 data=0d
1778318163.116000 R  i2c=0x30 reg=0x86 len=1
1778318163.120000 R= ret=0 data=00
1778318163.130000 W1 i2c=0x30 reg=0x0 val=0xf
1778318163.130000 W  i2c=0x30 reg=0x0 len=1 data=0f
1778318163.132000 R  i2c=0x30 reg=0x11 len=1
1778318163.135000 R= ret=0 data=00
1778318163.135000 W1 i2c=0x30 reg=0x0 val=0x9
1778318163.135000 W  i2c=0x30 reg=0x0 len=1 data=09
1778318163.136000 R  i2c=0x30 reg=0x62 len=1
1778318163.140000 R= ret=0 data=51
1778318163.140000 W1 i2c=0x30 reg=0x0 val=0xd
1778318163.140000 W  i2c=0x30 reg=0x0 len=1 data=0d
1778318163.141000 R  i2c=0x30 reg=0x86 len=1
1778318163.145000 R= ret=0 data=00
1778318163.156000 W1 i2c=0x30 reg=0x0 val=0xf
1778318163.156000 W  i2c=0x30 reg=0x0 len=1 data=0f
1778318163.157000 R  i2c=0x30 reg=0x11 len=1
1778318163.161000 R= ret=0 data=00
1778318163.161000 W1 i2c=0x30 reg=0x0 val=0x9
1778318163.161000 W  i2c=0x30 reg=0x0 len=1 data=09
1778318163.162000 R  i2c=0x30 reg=0x62 len=1
1778318163.165000 R= ret=0 data=51
1778318163.165000 W1 i2c=0x30 reg=0x0 val=0xd
1778318163.165000 W  i2c=0x30 reg=0x0 len=1 data=0d
1778318163.166000 R  i2c=0x30 reg=0x86 len=1
1778318163.170000 R= ret=0 data=00
1778318163.181000 W1 i2c=0x30 reg=0x0 val=0xf
1778318163.181000 W  i2c=0x30 reg=0x0 len=1 data=0f
1778318163.182000 R  i2c=0x30 reg=0x11 len=1
1778318163.186000 R= ret=0 data=00
1778318163.186000 W1 i2c=0x30 reg=0x0 val=0x9
1778318163.186000 W  i2c=0x30 reg=0x0 len=1 data=09
1778318163.187000 R  i2c=0x30 reg=0x62 len=1
1778318163.190000 R= ret=0 data=51
1778318163.190000 W1 i2c=0x30 reg=0x0 val=0xd
1778318163.190000 W  i2c=0x30 reg=0x0 len=1 data=0d
1778318163.191000 R  i2c=0x30 reg=0x86 len=1
1778318163.195000 R= ret=0 data=00
1778318163.206000 W1 i2c=0x30 reg=0x0 val=0xf
1778318163.206000 W  i2c=0x30 reg=0x0 len=1 data=0f
1778318163.207000 R  i2c=0x30 reg=0x11 len=1
1778318163.211000 R= ret=0 data=00
1778318163.211000 W1 i2c=0x30 reg=0x0 val=0x9
1778318163.211000 W  i2c=0x30 reg=0x0 len=1 data=09
1778318163.212000 R  i2c=0x30 reg=0x62 len=1
1778318163.216000 R= ret=0 data=51
1778318163.216000 W1 i2c=0x30 reg=0x0 val=0xd
1778318163.216000 W  i2c=0x30 reg=0x0 len=1 data=0d
1778318163.217000 R  i2c=0x30 reg=0x86 len=1
1778318163.220000 R= ret=0 data=00
1778318163.231000 W1 i2c=0x30 reg=0x0 val=0xf
1778318163.231000 W  i2c=0x30 reg=0x0 len=1 data=0f
1778318163.232000 R  i2c=0x30 reg=0x11 len=1
1778318163.236000 R= ret=0 data=00
1778318163.236000 W1 i2c=0x30 reg=0x0 val=0x9
1778318163.236000 W  i2c=0x30 reg=0x0 len=1 data=09
1778318163.237000 R  i2c=0x30 reg=0x62 len=1
1778318163.241000 R= ret=0 data=51
1778318163.241000 W1 i2c=0x30 reg=0x0 val=0xd
1778318163.241000 W  i2c=0x30 reg=0x0 len=1 data=0d
1778318163.242000 R  i2c=0x30 reg=0x86 len=1
1778318163.245000 R= ret=0 data=00
1778318163.256000 W1 i2c=0x30 reg=0x0 val=0xf
1778318163.256000 W  i2c=0x30 reg=0x0 len=1 data=0f
1778318163.258000 R  i2c=0x30 reg=0x11 len=1
1778318163.261000 R= ret=0 data=00
1778318163.261000 W1 i2c=0x30 reg=0x0 val=0x9
1778318163.261000 W  i2c=0x30 reg=0x0 len=1 data=09
1778318163.262000 R  i2c=0x30 reg=0x62 len=1
1778318163.266000 R= ret=0 data=51
1778318163.266000 W1 i2c=0x30 reg=0x0 val=0xd
1778318163.266000 W  i2c=0x30 reg=0x0 len=1 data=0d
1778318163.267000 R  i2c=0x30 reg=0x86 len=1
1778318163.270000 R= ret=0 data=00
1778318163.281000 W1 i2c=0x30 reg=0x0 val=0xf
1778318163.281000 W  i2c=0x30 reg=0x0 len=1 data=0f
1778318163.282000 R  i2c=0x30 reg=0x11 len=1
1778318163.285000 R= ret=0 data=00
1778318163.285000 W1 i2c=0x30 reg=0x0 val=0x9
1778318163.285000 W  i2c=0x30 reg=0x0 len=1 data=09
1778318163.286000 R  i2c=0x30 reg=0x62 len=1
1778318163.290000 R= ret=0 data=51
1778318163.290000 W1 i2c=0x30 reg=0x0 val=0xd
1778318163.290000 W  i2c=0x30 reg=0x0 len=1 data=0d
1778318163.291000 R  i2c=0x30 reg=0x86 len=1
1778318163.295000 R= ret=0 data=00
1778318163.305000 W1 i2c=0x30 reg=0x0 val=0xf
1778318163.305000 W  i2c=0x30 reg=0x0 len=1 data=0f
1778318163.306000 R  i2c=0x30 reg=0x11 len=1
1778318163.310000 R= ret=0 data=00
1778318163.310000 W1 i2c=0x30 reg=0x0 val=0x9
1778318163.310000 W  i2c=0x30 reg=0x0 len=1 data=09
1778318163.311000 R  i2c=0x30 reg=0x62 len=1
1778318163.314000 R= ret=0 data=51
1778318163.314000 W1 i2c=0x30 reg=0x0 val=0xd
1778318163.314000 W  i2c=0x30 reg=0x0 len=1 data=0d
1778318163.315000 R  i2c=0x30 reg=0x86 len=1
1778318163.319000 R= ret=0 data=00
1778318163.331000 W1 i2c=0x30 reg=0x0 val=0xf
1778318163.331000 W  i2c=0x30 reg=0x0 len=1 data=0f
1778318163.332000 R  i2c=0x30 reg=0x11 len=1
1778318163.336000 R= ret=0 data=00
1778318163.336000 W1 i2c=0x30 reg=0x0 val=0x9
1778318163.336000 W  i2c=0x30 reg=0x0 len=1 data=09
1778318163.336000 R  i2c=0x30 reg=0x62 len=1
1778318163.340000 R= ret=0 data=51
1778318163.340000 W1 i2c=0x30 reg=0x0 val=0xd
1778318163.340000 W  i2c=0x30 reg=0x0 len=1 data=0d
1778318163.341000 R  i2c=0x30 reg=0x86 len=1
1778318163.345000 R= ret=0 data=00
1778318163.355000 W1 i2c=0x30 reg=0x0 val=0xf
1778318163.355000 W  i2c=0x30 reg=0x0 len=1 data=0f
1778318163.356000 R  i2c=0x30 reg=0x11 len=1
1778318163.359000 R= ret=0 data=00
1778318163.359000 W1 i2c=0x30 reg=0x0 val=0x9
1778318163.359000 W  i2c=0x30 reg=0x0 len=1 data=09
1778318163.360000 R  i2c=0x30 reg=0x62 len=1
1778318163.364000 R= ret=0 data=51
1778318163.364000 W1 i2c=0x30 reg=0x0 val=0xd
1778318163.364000 W  i2c=0x30 reg=0x0 len=1 data=0d
1778318163.364000 R  i2c=0x30 reg=0x86 len=1
1778318163.368000 R= ret=0 data=00
1778318163.379000 W1 i2c=0x30 reg=0x0 val=0xf
1778318163.379000 W  i2c=0x30 reg=0x0 len=1 data=0f
1778318163.380000 R  i2c=0x30 reg=0x11 len=1
1778318163.383000 R= ret=0 data=00
1778318163.383000 W1 i2c=0x30 reg=0x0 val=0x9
1778318163.383000 W  i2c=0x30 reg=0x0 len=1 data=09
1778318163.384000 R  i2c=0x30 reg=0x62 len=1
1778318163.387000 R= ret=0 data=51
1778318163.387000 W1 i2c=0x30 reg=0x0 val=0xd
1778318163.387000 W  i2c=0x30 reg=0x0 len=1 data=0d
1778318163.388000 R  i2c=0x30 reg=0x86 len=1
1778318163.391000 R= ret=0 data=00
1778318163.402000 W1 i2c=0x30 reg=0x0 val=0xf
1778318163.402000 W  i2c=0x30 reg=0x0 len=1 data=0f
1778318163.403000 R  i2c=0x30 reg=0x11 len=1
1778318163.407000 R= ret=0 data=00
1778318163.407000 W1 i2c=0x30 reg=0x0 val=0x9
1778318163.407000 W  i2c=0x30 reg=0x0 len=1 data=09
1778318163.408000 R  i2c=0x30 reg=0x62 len=1
1778318163.411000 R= ret=0 data=51
1778318163.411000 W1 i2c=0x30 reg=0x0 val=0xd
1778318163.411000 W  i2c=0x30 reg=0x0 len=1 data=0d
1778318163.412000 R  i2c=0x30 reg=0x86 len=1
1778318163.416000 R= ret=0 data=00
1778318163.426000 W1 i2c=0x30 reg=0x0 val=0xf
1778318163.426000 W  i2c=0x30 reg=0x0 len=1 data=0f
1778318163.427000 R  i2c=0x30 reg=0x11 len=1
1778318163.431000 R= ret=0 data=00
1778318163.431000 W1 i2c=0x30 reg=0x0 val=0x9
1778318163.431000 W  i2c=0x30 reg=0x0 len=1 data=09
1778318163.432000 R  i2c=0x30 reg=0x62 len=1
1778318163.435000 R= ret=0 data=51
1778318163.435000 W1 i2c=0x30 reg=0x0 val=0xd
1778318163.435000 W  i2c=0x30 reg=0x0 len=1 data=0d
1778318163.436000 R  i2c=0x30 reg=0x86 len=1
1778318163.440000 R= ret=0 data=00
1778318163.450000 W1 i2c=0x30 reg=0x0 val=0xf
1778318163.450000 W  i2c=0x30 reg=0x0 len=1 data=0f
1778318163.451000 R  i2c=0x30 reg=0x11 len=1
1778318163.454000 R= ret=0 data=00
1778318163.454000 W1 i2c=0x30 reg=0x0 val=0x9
1778318163.455000 W  i2c=0x30 reg=0x0 len=1 data=09
1778318163.455000 R  i2c=0x30 reg=0x62 len=1
1778318163.459000 R= ret=0 data=51
1778318163.459000 W1 i2c=0x30 reg=0x0 val=0xd
1778318163.459000 W  i2c=0x30 reg=0x0 len=1 data=0d
1778318163.460000 R  i2c=0x30 reg=0x86 len=1
1778318163.463000 R= ret=0 data=00
1778318163.473000 W1 i2c=0x30 reg=0x0 val=0xf
1778318163.473000 W  i2c=0x30 reg=0x0 len=1 data=0f
1778318163.474000 R  i2c=0x30 reg=0x11 len=1
1778318163.478000 R= ret=0 data=00
1778318163.478000 W1 i2c=0x30 reg=0x0 val=0x9
1778318163.478000 W  i2c=0x30 reg=0x0 len=1 data=09
1778318163.479000 R  i2c=0x30 reg=0x62 len=1
1778318163.483000 R= ret=0 data=51
1778318163.483000 W1 i2c=0x30 reg=0x0 val=0xd
1778318163.483000 W  i2c=0x30 reg=0x0 len=1 data=0d
1778318163.484000 R  i2c=0x30 reg=0x86 len=1
1778318163.487000 R= ret=0 data=00
1778318163.497000 W1 i2c=0x30 reg=0x0 val=0xf
1778318163.497000 W  i2c=0x30 reg=0x0 len=1 data=0f
1778318163.498000 R  i2c=0x30 reg=0x11 len=1
1778318163.501000 R= ret=0 data=00
1778318163.501000 W1 i2c=0x30 reg=0x0 val=0x9
1778318163.501000 W  i2c=0x30 reg=0x0 len=1 data=09
1778318163.502000 R  i2c=0x30 reg=0x62 len=1
1778318163.507000 R= ret=0 data=51
1778318163.507000 W1 i2c=0x30 reg=0x0 val=0xd
1778318163.507000 W  i2c=0x30 reg=0x0 len=1 data=0d
1778318163.507000 R  i2c=0x30 reg=0x86 len=1
1778318163.511000 R= ret=0 data=00
1778318163.521000 W1 i2c=0x30 reg=0x0 val=0xf
1778318163.521000 W  i2c=0x30 reg=0x0 len=1 data=0f
1778318163.522000 R  i2c=0x30 reg=0x11 len=1
1778318163.526000 R= ret=0 data=00
1778318163.526000 W1 i2c=0x30 reg=0x0 val=0x9
1778318163.526000 W  i2c=0x30 reg=0x0 len=1 data=09
1778318163.527000 R  i2c=0x30 reg=0x62 len=1
1778318163.531000 R= ret=0 data=51
1778318163.531000 W1 i2c=0x30 reg=0x0 val=0xd
1778318163.531000 W  i2c=0x30 reg=0x0 len=1 data=0d
1778318163.532000 R  i2c=0x30 reg=0x86 len=1
1778318163.536000 R= ret=0 data=00
1778318163.546000 W1 i2c=0x30 reg=0x0 val=0xf
1778318163.546000 W  i2c=0x30 reg=0x0 len=1 data=0f
1778318163.547000 R  i2c=0x30 reg=0x11 len=1
1778318163.550000 R= ret=0 data=00
1778318163.550000 W1 i2c=0x30 reg=0x0 val=0x9
1778318163.550000 W  i2c=0x30 reg=0x0 len=1 data=09
1778318163.551000 R  i2c=0x30 reg=0x62 len=1
1778318163.555000 R= ret=0 data=51
1778318163.555000 W1 i2c=0x30 reg=0x0 val=0xd
1778318163.555000 W  i2c=0x30 reg=0x0 len=1 data=0d
1778318163.556000 R  i2c=0x30 reg=0x86 len=1
1778318163.559000 R= ret=0 data=00
1778318163.570000 W1 i2c=0x30 reg=0x0 val=0xf
1778318163.570000 W  i2c=0x30 reg=0x0 len=1 data=0f
1778318163.571000 R  i2c=0x30 reg=0x11 len=1
1778318163.575000 R= ret=0 data=00
1778318163.575000 W1 i2c=0x30 reg=0x0 val=0x9
1778318163.575000 W  i2c=0x30 reg=0x0 len=1 data=09
1778318163.576000 R  i2c=0x30 reg=0x62 len=1
1778318163.579000 R= ret=0 data=51
1778318163.579000 W1 i2c=0x30 reg=0x0 val=0xd
1778318163.579000 W  i2c=0x30 reg=0x0 len=1 data=0d
1778318163.580000 R  i2c=0x30 reg=0x86 len=1
1778318163.584000 R= ret=0 data=00
1778318163.596000 W1 i2c=0x30 reg=0x0 val=0xf
1778318163.596000 W  i2c=0x30 reg=0x0 len=1 data=0f
1778318163.597000 R  i2c=0x30 reg=0x11 len=1
1778318163.600000 R= ret=0 data=00
1778318163.600000 W1 i2c=0x30 reg=0x0 val=0x9
1778318163.600000 W  i2c=0x30 reg=0x0 len=1 data=09
1778318163.601000 R  i2c=0x30 reg=0x62 len=1
1778318163.605000 R= ret=0 data=51
1778318163.605000 W1 i2c=0x30 reg=0x0 val=0xd
1778318163.605000 W  i2c=0x30 reg=0x0 len=1 data=0d
1778318163.606000 R  i2c=0x30 reg=0x86 len=1
1778318163.609000 R= ret=0 data=00
1778318163.619000 W1 i2c=0x30 reg=0x0 val=0xf
1778318163.619000 W  i2c=0x30 reg=0x0 len=1 data=0f
1778318163.620000 R  i2c=0x30 reg=0x11 len=1
1778318163.624000 R= ret=0 data=00
1778318163.624000 W1 i2c=0x30 reg=0x0 val=0x9
1778318163.624000 W  i2c=0x30 reg=0x0 len=1 data=09
1778318163.625000 R  i2c=0x30 reg=0x62 len=1
1778318163.628000 R= ret=0 data=51
1778318163.628000 W1 i2c=0x30 reg=0x0 val=0xd
1778318163.628000 W  i2c=0x30 reg=0x0 len=1 data=0d
1778318163.629000 R  i2c=0x30 reg=0x86 len=1
1778318163.632000 R= ret=0 data=00
1778318163.642000 W1 i2c=0x30 reg=0x0 val=0xf
1778318163.642000 W  i2c=0x30 reg=0x0 len=1 data=0f
1778318163.646000 R  i2c=0x30 reg=0x11 len=1
1778318163.649000 R= ret=0 data=00
1778318163.649000 W1 i2c=0x30 reg=0x0 val=0x9
1778318163.649000 W  i2c=0x30 reg=0x0 len=1 data=09
1778318163.650000 R  i2c=0x30 reg=0x62 len=1
1778318163.654000 R= ret=0 data=51
1778318163.654000 W1 i2c=0x30 reg=0x0 val=0xd
1778318163.654000 W  i2c=0x30 reg=0x0 len=1 data=0d
1778318163.655000 R  i2c=0x30 reg=0x86 len=1
1778318163.658000 R= ret=0 data=00
1778318163.671000 W1 i2c=0x30 reg=0x0 val=0xf
1778318163.671000 W  i2c=0x30 reg=0x0 len=1 data=0f
1778318163.672000 R  i2c=0x30 reg=0x11 len=1
1778318163.675000 R= ret=0 data=00
1778318163.675000 W1 i2c=0x30 reg=0x0 val=0x9
1778318163.675000 W  i2c=0x30 reg=0x0 len=1 data=09
1778318163.676000 R  i2c=0x30 reg=0x62 len=1
1778318163.680000 R= ret=0 data=51
1778318163.680000 W1 i2c=0x30 reg=0x0 val=0xd
1778318163.680000 W  i2c=0x30 reg=0x0 len=1 data=0d
1778318163.681000 R  i2c=0x30 reg=0x86 len=1
1778318163.684000 R= ret=0 data=00
1778318163.694000 W1 i2c=0x30 reg=0x0 val=0xf
1778318163.694000 W  i2c=0x30 reg=0x0 len=1 data=0f
1778318163.695000 R  i2c=0x30 reg=0x11 len=1
1778318163.699000 R= ret=0 data=00
1778318163.699000 W1 i2c=0x30 reg=0x0 val=0x9
1778318163.699000 W  i2c=0x30 reg=0x0 len=1 data=09
1778318163.700000 R  i2c=0x30 reg=0x62 len=1
1778318163.703000 R= ret=0 data=51
1778318163.703000 W1 i2c=0x30 reg=0x0 val=0xd
1778318163.703000 W  i2c=0x30 reg=0x0 len=1 data=0d
1778318163.704000 R  i2c=0x30 reg=0x86 len=1
1778318163.708000 R= ret=0 data=00
1778318163.718000 W1 i2c=0x30 reg=0x0 val=0xf
1778318163.718000 W  i2c=0x30 reg=0x0 len=1 data=0f
1778318163.719000 R  i2c=0x30 reg=0x11 len=1
1778318163.723000 R= ret=0 data=00
1778318163.723000 W1 i2c=0x30 reg=0x0 val=0x9
1778318163.723000 W  i2c=0x30 reg=0x0 len=1 data=09
1778318163.724000 R  i2c=0x30 reg=0x62 len=1
1778318163.727000 R= ret=0 data=51
1778318163.727000 W1 i2c=0x30 reg=0x0 val=0xd
1778318163.728000 W  i2c=0x30 reg=0x0 len=1 data=0d
1778318163.729000 R  i2c=0x30 reg=0x86 len=1
1778318163.733000 R= ret=0 data=00
1778318163.743000 W1 i2c=0x30 reg=0x0 val=0xf
1778318163.743000 W  i2c=0x30 reg=0x0 len=1 data=0f
1778318163.744000 R  i2c=0x30 reg=0x11 len=1
1778318163.748000 R= ret=0 data=00
1778318163.748000 W1 i2c=0x30 reg=0x0 val=0x9
1778318163.748000 W  i2c=0x30 reg=0x0 len=1 data=09
1778318163.749000 R  i2c=0x30 reg=0x62 len=1
1778318163.752000 R= ret=0 data=51
1778318163.752000 W1 i2c=0x30 reg=0x0 val=0xd
1778318163.752000 W  i2c=0x30 reg=0x0 len=1 data=0d
1778318163.753000 R  i2c=0x30 reg=0x86 len=1
1778318163.757000 R= ret=0 data=00
1778318163.768000 W1 i2c=0x30 reg=0x0 val=0xf
1778318163.768000 W  i2c=0x30 reg=0x0 len=1 data=0f
1778318163.769000 R  i2c=0x30 reg=0x11 len=1
1778318163.772000 R= ret=0 data=00
1778318163.772000 W1 i2c=0x30 reg=0x0 val=0x9
1778318163.772000 W  i2c=0x30 reg=0x0 len=1 data=09
1778318163.773000 R  i2c=0x30 reg=0x62 len=1
1778318163.777000 R= ret=0 data=51
1778318163.777000 W1 i2c=0x30 reg=0x0 val=0xd
1778318163.777000 W  i2c=0x30 reg=0x0 len=1 data=0d
1778318163.778000 R  i2c=0x30 reg=0x86 len=1
1778318163.781000 R= ret=0 data=00
1778318163.792000 W1 i2c=0x30 reg=0x0 val=0xf
1778318163.792000 W  i2c=0x30 reg=0x0 len=1 data=0f
1778318163.793000 R  i2c=0x30 reg=0x11 len=1
1778318163.796000 R= ret=0 data=00
1778318163.796000 W1 i2c=0x30 reg=0x0 val=0x9
1778318163.796000 W  i2c=0x30 reg=0x0 len=1 data=09
1778318163.797000 R  i2c=0x30 reg=0x62 len=1
1778318163.801000 R= ret=0 data=51
1778318163.801000 W1 i2c=0x30 reg=0x0 val=0xd
1778318163.801000 W  i2c=0x30 reg=0x0 len=1 data=0d
1778318163.802000 R  i2c=0x30 reg=0x86 len=1
1778318163.805000 R= ret=0 data=00
1778318163.816000 W1 i2c=0x30 reg=0x0 val=0xf
1778318163.816000 W  i2c=0x30 reg=0x0 len=1 data=0f
1778318163.817000 R  i2c=0x30 reg=0x11 len=1
1778318163.821000 R= ret=0 data=00
1778318163.821000 W1 i2c=0x30 reg=0x0 val=0x9
1778318163.821000 W  i2c=0x30 reg=0x0 len=1 data=09
1778318163.822000 R  i2c=0x30 reg=0x62 len=1
1778318163.825000 R= ret=0 data=51
1778318163.825000 W1 i2c=0x30 reg=0x0 val=0xd
1778318163.825000 W  i2c=0x30 reg=0x0 len=1 data=0d
1778318163.826000 R  i2c=0x30 reg=0x86 len=1
1778318163.830000 R= ret=0 data=00
1778318163.841000 W1 i2c=0x30 reg=0x0 val=0xf
1778318163.841000 W  i2c=0x30 reg=0x0 len=1 data=0f
1778318163.842000 R  i2c=0x30 reg=0x11 len=1
1778318163.845000 R= ret=0 data=00
1778318163.845000 W1 i2c=0x30 reg=0x0 val=0x9
1778318163.845000 W  i2c=0x30 reg=0x0 len=1 data=09
1778318163.846000 R  i2c=0x30 reg=0x62 len=1
1778318163.849000 R= ret=0 data=51
1778318163.849000 W1 i2c=0x30 reg=0x0 val=0xd
1778318163.849000 W  i2c=0x30 reg=0x0 len=1 data=0d
1778318163.850000 R  i2c=0x30 reg=0x86 len=1
1778318163.854000 R= ret=0 data=00
1778318163.865000 W1 i2c=0x30 reg=0x0 val=0xf
1778318163.865000 W  i2c=0x30 reg=0x0 len=1 data=0f
1778318163.866000 R  i2c=0x30 reg=0x11 len=1
1778318163.869000 R= ret=0 data=00
1778318163.869000 W1 i2c=0x30 reg=0x0 val=0x9
1778318163.869000 W  i2c=0x30 reg=0x0 len=1 data=09
1778318163.870000 R  i2c=0x30 reg=0x62 len=1
1778318163.874000 R= ret=0 data=51
1778318163.874000 W1 i2c=0x30 reg=0x0 val=0xd
1778318163.874000 W  i2c=0x30 reg=0x0 len=1 data=0d
1778318163.875000 R  i2c=0x30 reg=0x86 len=1
1778318163.876000 W1 i2c=0x30 reg=0x0 val=0xf
1778318163.876000 W  i2c=0x30 reg=0x0 len=1 data=0f
1778318163.879000 R= ret=0 data=00
1778318163.880000 R  i2c=0x30 reg=0x11 len=1
1778318163.883000 R= ret=0 data=00
1778318163.883000 W1 i2c=0x30 reg=0x0 val=0x9
1778318163.883000 W  i2c=0x30 reg=0x0 len=1 data=09
1778318163.884000 R  i2c=0x30 reg=0x62 len=1
1778318163.887000 R= ret=0 data=51
1778318163.887000 W1 i2c=0x30 reg=0x0 val=0xd
1778318163.887000 W  i2c=0x30 reg=0x0 len=1 data=0d
1778318163.888000 R  i2c=0x30 reg=0x86 len=1
1778318163.889000 W1 i2c=0x30 reg=0x0 val=0xf
1778318163.889000 W  i2c=0x30 reg=0x0 len=1 data=0f
1778318163.892000 R= ret=0 data=00
1778318163.892000 W1 i2c=0x30 reg=0x0 val=0xd
1778318163.892000 W  i2c=0x30 reg=0x0 len=1 data=0d
1778318163.893000 R  i2c=0x30 reg=0x11 len=1
1778318163.894000 R  i2c=0x30 reg=0x86 len=1
1778318163.898000 R= ret=0 data=00
1778318163.898000 W1 i2c=0x30 reg=0x0 val=0x9
1778318163.898000 W  i2c=0x30 reg=0x0 len=1 data=09
1778318163.901000 R= ret=0 data=00
1778318163.901000 W1 i2c=0x30 reg=0x0 val=0xd
1778318163.901000 W  i2c=0x30 reg=0x0 len=1 data=0d
1778318163.902000 R  i2c=0x30 reg=0x62 len=1
1778318163.903000 R  i2c=0x30 reg=0x86 len=1
1778318163.907000 R= ret=0 data=00
1778318163.907000 W1 i2c=0xdc reg=0x8 val=0x1
1778318163.907000 W  i2c=0xdc reg=0x8 len=1 data=01
1778318163.910000 R= ret=0 data=00
1778318163.910000 W1 i2c=0x30 reg=0x0 val=0xd
1778318163.910000 W  i2c=0x30 reg=0x0 len=1 data=0d
1778318163.911000 W  i2c=0xc0 reg=0x87 len=2 data=c4 41
1778318163.912000 R  i2c=0x30 reg=0x86 len=1
1778318163.913000 W  i2c=0xc0 reg=0x59 len=2 data=05 01
1778318163.917000 R= ret=0 data=00
1778318163.918000 R  i2c=0xc0 reg=0x5b len=1
1778318163.921000 R= ret=0 data=37
1778318163.921000 W  i2c=0xc0 reg=0x59 len=2 data=03 01
1778318163.922000 R  i2c=0xc0 reg=0x5b len=1
1778318163.926000 R= ret=0 data=08
1778318163.926000 W1 i2c=0xc0 reg=0x59 val=0x4
1778318163.926000 W  i2c=0xc0 reg=0x59 len=1 data=04
1778318163.927000 W1 i2c=0xc0 reg=0x88 val=0x0
1778318163.927000 W  i2c=0xc0 reg=0x88 len=1 data=00
1778318163.927000 W1 i2c=0x30 reg=0x0 val=0xf
1778318163.927000 W  i2c=0x30 reg=0x0 len=1 data=0f
1778318163.928000 W1 i2c=0xc0 reg=0x87 val=0xc0
1778318163.928000 W  i2c=0xc0 reg=0x87 len=1 data=c0
1778318163.929000 R  i2c=0x30 reg=0x11 len=1
1778318163.933000 R= ret=0 data=00
1778318163.933000 W1 i2c=0x30 reg=0x0 val=0x9
1778318163.933000 W  i2c=0x30 reg=0x0 len=1 data=09
1778318163.934000 R  i2c=0xc0 reg=0x69 len=1
1778318163.935000 R  i2c=0x30 reg=0x62 len=1
1778318163.938000 R= ret=0 data=88
1778318163.938000 W1 i2c=0xdc reg=0x8 val=0x0
1778318163.938000 W  i2c=0xdc reg=0x8 len=1 data=00
1778318163.942000 R= ret=0 data=51
1778318163.942000 W1 i2c=0x30 reg=0x0 val=0xd
1778318163.942000 W  i2c=0x30 reg=0x0 len=1 data=0d
1778318163.944000 R  i2c=0x30 reg=0x86 len=1
1778318163.948000 R= ret=0 data=00
1778318163.959000 W1 i2c=0x30 reg=0x0 val=0xf
1778318163.959000 W  i2c=0x30 reg=0x0 len=1 data=0f
1778318163.960000 R  i2c=0x30 reg=0x11 len=1
1778318163.963000 R= ret=0 data=00
1778318163.963000 W1 i2c=0x30 reg=0x0 val=0x9
1778318163.963000 W  i2c=0x30 reg=0x0 len=1 data=09
1778318163.964000 R  i2c=0x30 reg=0x62 len=1
1778318163.966000 R= ret=0 data=51
1778318163.967000 W1 i2c=0x30 reg=0x0 val=0xd
1778318163.967000 W  i2c=0x30 reg=0x0 len=1 data=0d
1778318163.967000 R  i2c=0x30 reg=0x86 len=1
1778318163.971000 R= ret=0 data=00
1778318163.981000 W1 i2c=0x30 reg=0x0 val=0xf
1778318163.981000 W  i2c=0x30 reg=0x0 len=1 data=0f
1778318163.982000 R  i2c=0x30 reg=0x11 len=1
1778318163.985000 R= ret=0 data=00
1778318163.985000 W1 i2c=0x30 reg=0x0 val=0x9
1778318163.985000 W  i2c=0x30 reg=0x0 len=1 data=09
1778318163.986000 R  i2c=0x30 reg=0x62 len=1
1778318163.990000 R= ret=0 data=51
1778318163.990000 W1 i2c=0x30 reg=0x0 val=0xd
1778318163.990000 W  i2c=0x30 reg=0x0 len=1 data=0d
1778318163.991000 R  i2c=0x30 reg=0x86 len=1
1778318163.994000 R= ret=0 data=00
1778318164.005000 W1 i2c=0x30 reg=0x0 val=0xf
1778318164.005000 W  i2c=0x30 reg=0x0 len=1 data=0f
1778318164.006000 R  i2c=0x30 reg=0x11 len=1
1778318164.009000 R= ret=0 data=00
1778318164.009000 W1 i2c=0x30 reg=0x0 val=0x9
1778318164.009000 W  i2c=0x30 reg=0x0 len=1 data=09
1778318164.010000 R  i2c=0x30 reg=0x62 len=1
1778318164.014000 R= ret=0 data=51
1778318164.014000 W1 i2c=0x30 reg=0x0 val=0xd
1778318164.014000 W  i2c=0x30 reg=0x0 len=1 data=0d
1778318164.015000 R  i2c=0x30 reg=0x86 len=1
1778318164.018000 R= ret=0 data=00
1778318164.028000 W1 i2c=0x30 reg=0x0 val=0xf
1778318164.028000 W  i2c=0x30 reg=0x0 len=1 data=0f
1778318164.029000 R  i2c=0x30 reg=0x11 len=1
1778318164.033000 R= ret=0 data=00
1778318164.033000 W1 i2c=0x30 reg=0x0 val=0x9
1778318164.033000 W  i2c=0x30 reg=0x0 len=1 data=09
1778318164.034000 R  i2c=0x30 reg=0x62 len=1
1778318164.037000 R= ret=0 data=51
1778318164.037000 W1 i2c=0x30 reg=0x0 val=0xd
1778318164.037000 W  i2c=0x30 reg=0x0 len=1 data=0d
1778318164.038000 R  i2c=0x30 reg=0x86 len=1
1778318164.041000 R= ret=0 data=00
1778318164.052000 W1 i2c=0x30 reg=0x0 val=0xf
1778318164.052000 W  i2c=0x30 reg=0x0 len=1 data=0f
1778318164.053000 R  i2c=0x30 reg=0x11 len=1
1778318164.056000 R= ret=0 data=00
1778318164.056000 W1 i2c=0x30 reg=0x0 val=0x9
1778318164.056000 W  i2c=0x30 reg=0x0 len=1 data=09
1778318164.057000 R  i2c=0x30 reg=0x62 len=1
1778318164.061000 R= ret=0 data=51
1778318164.061000 W1 i2c=0x30 reg=0x0 val=0xd
1778318164.061000 W  i2c=0x30 reg=0x0 len=1 data=0d
1778318164.062000 R  i2c=0x30 reg=0x86 len=1
1778318164.065000 R= ret=0 data=00
1778318164.077000 W1 i2c=0x30 reg=0x0 val=0xf
1778318164.077000 W  i2c=0x30 reg=0x0 len=1 data=0f
1778318164.078000 R  i2c=0x30 reg=0x11 len=1
1778318164.082000 R= ret=0 data=00
1778318164.082000 W1 i2c=0x30 reg=0x0 val=0x9
1778318164.082000 W  i2c=0x30 reg=0x0 len=1 data=09
1778318164.082000 R  i2c=0x30 reg=0x62 len=1
1778318164.086000 R= ret=0 data=51
1778318164.086000 W1 i2c=0x30 reg=0x0 val=0xd
1778318164.086000 W  i2c=0x30 reg=0x0 len=1 data=0d
1778318164.087000 R  i2c=0x30 reg=0x86 len=1
1778318164.090000 R= ret=0 data=00
1778318164.101000 W1 i2c=0x30 reg=0x0 val=0xf
1778318164.101000 W  i2c=0x30 reg=0x0 len=1 data=0f
1778318164.102000 R  i2c=0x30 reg=0x11 len=1
1778318164.106000 R= ret=0 data=00
1778318164.106000 W1 i2c=0x30 reg=0x0 val=0x9
1778318164.106000 W  i2c=0x30 reg=0x0 len=1 data=09
1778318164.107000 R  i2c=0x30 reg=0x62 len=1
1778318164.111000 R= ret=0 data=51
1778318164.111000 W1 i2c=0x30 reg=0x0 val=0xd
1778318164.111000 W  i2c=0x30 reg=0x0 len=1 data=0d
1778318164.112000 R  i2c=0x30 reg=0x86 len=1
1778318164.115000 R= ret=0 data=00
1778318164.125000 W1 i2c=0x30 reg=0x0 val=0xf
1778318164.125000 W  i2c=0x30 reg=0x0 len=1 data=0f
1778318164.127000 R  i2c=0x30 reg=0x11 len=1
1778318164.130000 R= ret=0 data=00
1778318164.130000 W1 i2c=0x30 reg=0x0 val=0x9
1778318164.130000 W  i2c=0x30 reg=0x0 len=1 data=09
1778318164.132000 R  i2c=0x30 reg=0x62 len=1
1778318164.135000 R= ret=0 data=51
1778318164.135000 W1 i2c=0x30 reg=0x0 val=0xd
1778318164.135000 W  i2c=0x30 reg=0x0 len=1 data=0d
1778318164.136000 R  i2c=0x30 reg=0x86 len=1
1778318164.140000 R= ret=0 data=00
1778318164.151000 W1 i2c=0x30 reg=0x0 val=0xf
1778318164.151000 W  i2c=0x30 reg=0x0 len=1 data=0f
1778318164.152000 R  i2c=0x30 reg=0x11 len=1
1778318164.156000 R= ret=0 data=00
1778318164.156000 W1 i2c=0x30 reg=0x0 val=0x9
1778318164.156000 W  i2c=0x30 reg=0x0 len=1 data=09
1778318164.157000 R  i2c=0x30 reg=0x62 len=1
1778318164.160000 R= ret=0 data=51
1778318164.160000 W1 i2c=0x30 reg=0x0 val=0xd
1778318164.160000 W  i2c=0x30 reg=0x0 len=1 data=0d
1778318164.161000 R  i2c=0x30 reg=0x86 len=1
1778318164.165000 R= ret=0 data=00
1778318164.175000 W1 i2c=0x30 reg=0x0 val=0xf
1778318164.175000 W  i2c=0x30 reg=0x0 len=1 data=0f
1778318164.176000 R  i2c=0x30 reg=0x11 len=1
1778318164.180000 R= ret=0 data=00
1778318164.180000 W1 i2c=0x30 reg=0x0 val=0x9
1778318164.180000 W  i2c=0x30 reg=0x0 len=1 data=09
1778318164.181000 R  i2c=0x30 reg=0x62 len=1
1778318164.185000 R= ret=0 data=51
1778318164.185000 W1 i2c=0x30 reg=0x0 val=0xd
1778318164.185000 W  i2c=0x30 reg=0x0 len=1 data=0d
1778318164.186000 R  i2c=0x30 reg=0x86 len=1
1778318164.189000 R= ret=0 data=00
1778318164.200000 W1 i2c=0x30 reg=0x0 val=0xf
1778318164.200000 W  i2c=0x30 reg=0x0 len=1 data=0f
1778318164.201000 R  i2c=0x30 reg=0x11 len=1
1778318164.204000 R= ret=0 data=00
1778318164.204000 W1 i2c=0x30 reg=0x0 val=0x9
1778318164.204000 W  i2c=0x30 reg=0x0 len=1 data=09
1778318164.205000 R  i2c=0x30 reg=0x62 len=1
1778318164.208000 R= ret=0 data=51
1778318164.208000 W1 i2c=0x30 reg=0x0 val=0xd
1778318164.208000 W  i2c=0x30 reg=0x0 len=1 data=0d
1778318164.209000 R  i2c=0x30 reg=0x86 len=1
1778318164.213000 R= ret=0 data=00
1778318164.213000 <<< sony_cxd6801_integ_atsc_Tune ret=5
1778318164.213000 DRV_acquire ret=5
1778318164.744000 W1 i2c=0x30 reg=0x0 val=0xf
1778318164.744000 W  i2c=0x30 reg=0x0 len=1 data=0f
1778318164.745000 R  i2c=0x30 reg=0x11 len=1
1778318164.749000 R= ret=0 data=00
1778318164.749000 W1 i2c=0x30 reg=0x0 val=0x9
1778318164.749000 W  i2c=0x30 reg=0x0 len=1 data=09
1778318164.750000 R  i2c=0x30 reg=0x62 len=1
1778318164.754000 R= ret=0 data=51
1778318164.754000 W1 i2c=0x30 reg=0x0 val=0xd
1778318164.754000 W  i2c=0x30 reg=0x0 len=1 data=0d
1778318164.755000 R  i2c=0x30 reg=0x86 len=1
1778318164.758000 R= ret=0 data=00
1778318164.758000 W1 i2c=0x30 reg=0x0 val=0xd
1778318164.758000 W  i2c=0x30 reg=0x0 len=1 data=0d
1778318164.759000 R  i2c=0x30 reg=0x86 len=1
1778318164.763000 R= ret=0 data=00
1778318164.763000 W1 i2c=0x30 reg=0x0 val=0xd
1778318164.763000 W  i2c=0x30 reg=0x0 len=1 data=0d
1778318164.764000 R  i2c=0x30 reg=0x86 len=1
1778318164.767000 R= ret=0 data=00
1778318164.767000 W1 i2c=0xdc reg=0x8 val=0x1
1778318164.767000 W  i2c=0xdc reg=0x8 len=1 data=01
1778318164.768000 W  i2c=0xc0 reg=0x87 len=2 data=c4 41
1778318164.769000 W  i2c=0xc0 reg=0x59 len=2 data=05 01
1778318164.769000 R  i2c=0xc0 reg=0x5b len=1
1778318164.773000 R= ret=0 data=36
1778318164.773000 W  i2c=0xc0 reg=0x59 len=2 data=03 01
1778318164.774000 R  i2c=0xc0 reg=0x5b len=1
1778318164.777000 R= ret=0 data=08
1778318164.777000 W1 i2c=0xc0 reg=0x59 val=0x4
1778318164.777000 W  i2c=0xc0 reg=0x59 len=1 data=04
1778318164.778000 W1 i2c=0xc0 reg=0x88 val=0x0
1778318164.778000 W  i2c=0xc0 reg=0x88 len=1 data=00
1778318164.779000 W1 i2c=0xc0 reg=0x87 val=0xc0
1778318164.779000 W  i2c=0xc0 reg=0x87 len=1 data=c0
1778318164.780000 R  i2c=0xc0 reg=0x69 len=1
1778318164.783000 R= ret=0 data=88
1778318164.783000 W1 i2c=0xdc reg=0x8 val=0x0
1778318164.783000 W  i2c=0xdc reg=0x8 len=1 data=00
1778318165.584000 W1 i2c=0x30 reg=0x0 val=0xf
1778318165.584000 W  i2c=0x30 reg=0x0 len=1 data=0f
1778318165.586000 R  i2c=0x30 reg=0x11 len=1
1778318165.590000 R= ret=0 data=00
1778318165.590000 W1 i2c=0x30 reg=0x0 val=0x9
1778318165.590000 W  i2c=0x30 reg=0x0 len=1 data=09
1778318165.591000 R  i2c=0x30 reg=0x62 len=1
1778318165.594000 R= ret=0 data=59
1778318165.594000 W1 i2c=0x30 reg=0x0 val=0xd
1778318165.594000 W  i2c=0x30 reg=0x0 len=1 data=0d
1778318165.595000 R  i2c=0x30 reg=0x86 len=1
1778318165.599000 R= ret=0 data=00
1778318165.599000 W1 i2c=0x30 reg=0x0 val=0xd
1778318165.599000 W  i2c=0x30 reg=0x0 len=1 data=0d
1778318165.600000 R  i2c=0x30 reg=0x86 len=1
1778318165.603000 R= ret=0 data=00
1778318165.603000 W1 i2c=0x30 reg=0x0 val=0xd
1778318165.603000 W  i2c=0x30 reg=0x0 len=1 data=0d
1778318165.604000 R  i2c=0x30 reg=0x86 len=1
1778318165.608000 R= ret=0 data=00
1778318165.608000 W1 i2c=0xdc reg=0x8 val=0x1
1778318165.608000 W  i2c=0xdc reg=0x8 len=1 data=01
1778318165.609000 W  i2c=0xc0 reg=0x87 len=2 data=c4 41
1778318165.610000 W  i2c=0xc0 reg=0x59 len=2 data=05 01
1778318165.611000 R  i2c=0xc0 reg=0x5b len=1
1778318165.615000 R= ret=0 data=37
1778318165.615000 W  i2c=0xc0 reg=0x59 len=2 data=03 01
1778318165.616000 R  i2c=0xc0 reg=0x5b len=1
1778318165.619000 R= ret=0 data=08
1778318165.619000 W1 i2c=0xc0 reg=0x59 val=0x4
1778318165.619000 W  i2c=0xc0 reg=0x59 len=1 data=04
1778318165.620000 W1 i2c=0xc0 reg=0x88 val=0x0
1778318165.620000 W  i2c=0xc0 reg=0x88 len=1 data=00
1778318165.622000 W1 i2c=0xc0 reg=0x87 val=0xc0
1778318165.622000 W  i2c=0xc0 reg=0x87 len=1 data=c0
1778318165.623000 R  i2c=0xc0 reg=0x69 len=1
1778318165.628000 R= ret=0 data=88
1778318165.628000 W1 i2c=0xdc reg=0x8 val=0x0
1778318165.628000 W  i2c=0xdc reg=0x8 len=1 data=00
1778318166.430000 W1 i2c=0x30 reg=0x0 val=0xf
1778318166.430000 W  i2c=0x30 reg=0x0 len=1 data=0f
1778318166.432000 R  i2c=0x30 reg=0x11 len=1
1778318166.435000 R= ret=0 data=00
1778318166.435000 W1 i2c=0x30 reg=0x0 val=0x9
1778318166.435000 W  i2c=0x30 reg=0x0 len=1 data=09
1778318166.436000 R  i2c=0x30 reg=0x62 len=1
1778318166.440000 R= ret=0 data=51
1778318166.440000 W1 i2c=0x30 reg=0x0 val=0xd
1778318166.440000 W  i2c=0x30 reg=0x0 len=1 data=0d
1778318166.441000 R  i2c=0x30 reg=0x86 len=1
1778318166.444000 R= ret=0 data=00
1778318166.444000 W1 i2c=0x30 reg=0x0 val=0xd
1778318166.444000 W  i2c=0x30 reg=0x0 len=1 data=0d
1778318166.445000 R  i2c=0x30 reg=0x86 len=1
1778318166.449000 R= ret=0 data=00
1778318166.449000 W1 i2c=0x30 reg=0x0 val=0xd
1778318166.449000 W  i2c=0x30 reg=0x0 len=1 data=0d
1778318166.450000 R  i2c=0x30 reg=0x86 len=1
1778318166.453000 R= ret=0 data=00
1778318166.453000 W1 i2c=0xdc reg=0x8 val=0x1
1778318166.453000 W  i2c=0xdc reg=0x8 len=1 data=01
1778318166.454000 W  i2c=0xc0 reg=0x87 len=2 data=c4 41
1778318166.455000 W  i2c=0xc0 reg=0x59 len=2 data=05 01
1778318166.456000 R  i2c=0xc0 reg=0x5b len=1
1778318166.459000 R= ret=0 data=37
1778318166.459000 W  i2c=0xc0 reg=0x59 len=2 data=03 01
1778318166.460000 R  i2c=0xc0 reg=0x5b len=1
1778318166.464000 R= ret=0 data=08
1778318166.464000 W1 i2c=0xc0 reg=0x59 val=0x4
1778318166.464000 W  i2c=0xc0 reg=0x59 len=1 data=04
1778318166.464000 W1 i2c=0xc0 reg=0x88 val=0x0
1778318166.464000 W  i2c=0xc0 reg=0x88 len=1 data=00
1778318166.465000 W1 i2c=0xc0 reg=0x87 val=0xc0
1778318166.465000 W  i2c=0xc0 reg=0x87 len=1 data=c0
1778318166.466000 R  i2c=0xc0 reg=0x69 len=1
1778318166.469000 R= ret=0 data=88
1778318166.469000 W1 i2c=0xdc reg=0x8 val=0x0
1778318166.469000 W  i2c=0xdc reg=0x8 len=1 data=00
1778318167.270000 W1 i2c=0x30 reg=0x0 val=0xf
1778318167.270000 W  i2c=0x30 reg=0x0 len=1 data=0f
1778318167.272000 R  i2c=0x30 reg=0x11 len=1
1778318167.275000 R= ret=0 data=00
1778318167.275000 W1 i2c=0x30 reg=0x0 val=0x9
1778318167.275000 W  i2c=0x30 reg=0x0 len=1 data=09
1778318167.276000 R  i2c=0x30 reg=0x62 len=1
1778318167.280000 R= ret=0 data=51
1778318167.280000 W1 i2c=0x30 reg=0x0 val=0xd
1778318167.280000 W  i2c=0x30 reg=0x0 len=1 data=0d
1778318167.281000 R  i2c=0x30 reg=0x86 len=1
1778318167.285000 R= ret=0 data=00
1778318167.285000 W1 i2c=0x30 reg=0x0 val=0xd
1778318167.285000 W  i2c=0x30 reg=0x0 len=1 data=0d
1778318167.286000 R  i2c=0x30 reg=0x86 len=1
1778318167.289000 R= ret=0 data=00
1778318167.289000 W1 i2c=0x30 reg=0x0 val=0xd
1778318167.289000 W  i2c=0x30 reg=0x0 len=1 data=0d
1778318167.290000 R  i2c=0x30 reg=0x86 len=1
1778318167.294000 R= ret=0 data=00
1778318167.294000 W1 i2c=0xdc reg=0x8 val=0x1
1778318167.294000 W  i2c=0xdc reg=0x8 len=1 data=01
1778318167.295000 W  i2c=0xc0 reg=0x87 len=2 data=c4 41
1778318167.296000 W  i2c=0xc0 reg=0x59 len=2 data=05 01
1778318167.297000 R  i2c=0xc0 reg=0x5b len=1
1778318167.300000 R= ret=0 data=37
1778318167.300000 W  i2c=0xc0 reg=0x59 len=2 data=03 01
1778318167.301000 R  i2c=0xc0 reg=0x5b len=1
1778318167.304000 R= ret=0 data=08
1778318167.304000 W1 i2c=0xc0 reg=0x59 val=0x4
1778318167.304000 W  i2c=0xc0 reg=0x59 len=1 data=04
1778318167.305000 W1 i2c=0xc0 reg=0x88 val=0x0
1778318167.305000 W  i2c=0xc0 reg=0x88 len=1 data=00
1778318167.306000 W1 i2c=0xc0 reg=0x87 val=0xc0
1778318167.306000 W  i2c=0xc0 reg=0x87 len=1 data=c0
1778318167.307000 R  i2c=0xc0 reg=0x69 len=1
1778318167.311000 R= ret=0 data=88
1778318167.311000 W1 i2c=0xdc reg=0x8 val=0x0
1778318167.311000 W  i2c=0xdc reg=0x8 len=1 data=00
1778318168.135000 W1 i2c=0x30 reg=0x0 val=0xf
1778318168.135000 W  i2c=0x30 reg=0x0 len=1 data=0f
1778318168.137000 R  i2c=0x30 reg=0x11 len=1
1778318168.148000 R= ret=0 data=00
1778318168.148000 W1 i2c=0x30 reg=0x0 val=0x9
1778318168.148000 W  i2c=0x30 reg=0x0 len=1 data=09
1778318168.155000 R  i2c=0x30 reg=0x62 len=1
1778318168.160000 R= ret=0 data=51
1778318168.160000 W1 i2c=0x30 reg=0x0 val=0xd
1778318168.160000 W  i2c=0x30 reg=0x0 len=1 data=0d
1778318168.161000 R  i2c=0x30 reg=0x86 len=1
1778318168.164000 R= ret=0 data=00
1778318168.164000 W1 i2c=0x30 reg=0x0 val=0xd
1778318168.164000 W  i2c=0x30 reg=0x0 len=1 data=0d
1778318168.165000 R  i2c=0x30 reg=0x86 len=1
1778318168.169000 R= ret=0 data=00
1778318168.169000 W1 i2c=0x30 reg=0x0 val=0xd
1778318168.169000 W  i2c=0x30 reg=0x0 len=1 data=0d
1778318168.170000 R  i2c=0x30 reg=0x86 len=1
1778318168.175000 R= ret=0 data=00
1778318168.175000 W1 i2c=0xdc reg=0x8 val=0x1
1778318168.175000 W  i2c=0xdc reg=0x8 len=1 data=01
1778318168.176000 W  i2c=0xc0 reg=0x87 len=2 data=c4 41
1778318168.177000 W  i2c=0xc0 reg=0x59 len=2 data=05 01
1778318168.178000 R  i2c=0xc0 reg=0x5b len=1
1778318168.181000 R= ret=0 data=37
1778318168.181000 W  i2c=0xc0 reg=0x59 len=2 data=03 01
1778318168.183000 R  i2c=0xc0 reg=0x5b len=1
1778318168.187000 R= ret=0 data=08
1778318168.187000 W1 i2c=0xc0 reg=0x59 val=0x4
1778318168.187000 W  i2c=0xc0 reg=0x59 len=1 data=04
1778318168.189000 W1 i2c=0xc0 reg=0x88 val=0x0
1778318168.189000 W  i2c=0xc0 reg=0x88 len=1 data=00
1778318168.190000 W1 i2c=0xc0 reg=0x87 val=0xc0
1778318168.190000 W  i2c=0xc0 reg=0x87 len=1 data=c0
1778318168.191000 R  i2c=0xc0 reg=0x69 len=1
1778318168.194000 R= ret=0 data=88
1778318168.194000 W1 i2c=0xdc reg=0x8 val=0x0
1778318168.194000 W  i2c=0xdc reg=0x8 len=1 data=00
1778318168.997000 W1 i2c=0x30 reg=0x0 val=0xf
1778318168.997000 W  i2c=0x30 reg=0x0 len=1 data=0f
1778318168.998000 R  i2c=0x30 reg=0x11 len=1
1778318169.002000 R= ret=0 data=00
1778318169.002000 W1 i2c=0x30 reg=0x0 val=0x9
1778318169.002000 W  i2c=0x30 reg=0x0 len=1 data=09
1778318169.003000 R  i2c=0x30 reg=0x62 len=1
1778318169.007000 R= ret=0 data=51
1778318169.007000 W1 i2c=0x30 reg=0x0 val=0xd
1778318169.007000 W  i2c=0x30 reg=0x0 len=1 data=0d
1778318169.008000 R  i2c=0x30 reg=0x86 len=1
1778318169.012000 R= ret=0 data=00
1778318169.012000 W1 i2c=0x30 reg=0x0 val=0xd
1778318169.012000 W  i2c=0x30 reg=0x0 len=1 data=0d
1778318169.013000 R  i2c=0x30 reg=0x86 len=1
1778318169.016000 R= ret=0 data=00
1778318169.016000 W1 i2c=0x30 reg=0x0 val=0xd
1778318169.016000 W  i2c=0x30 reg=0x0 len=1 data=0d
1778318169.017000 R  i2c=0x30 reg=0x86 len=1
1778318169.020000 R= ret=0 data=00
1778318169.020000 W1 i2c=0xdc reg=0x8 val=0x1
1778318169.020000 W  i2c=0xdc reg=0x8 len=1 data=01
1778318169.022000 W  i2c=0xc0 reg=0x87 len=2 data=c4 41
1778318169.022000 W  i2c=0xc0 reg=0x59 len=2 data=05 01
1778318169.024000 R  i2c=0xc0 reg=0x5b len=1
1778318169.028000 R= ret=0 data=36
1778318169.028000 W  i2c=0xc0 reg=0x59 len=2 data=03 01
1778318169.029000 R  i2c=0xc0 reg=0x5b len=1
1778318169.032000 R= ret=0 data=08
1778318169.032000 W1 i2c=0xc0 reg=0x59 val=0x4
1778318169.032000 W  i2c=0xc0 reg=0x59 len=1 data=04
1778318169.033000 W1 i2c=0xc0 reg=0x88 val=0x0
1778318169.033000 W  i2c=0xc0 reg=0x88 len=1 data=00
1778318169.034000 W1 i2c=0xc0 reg=0x87 val=0xc0
1778318169.034000 W  i2c=0xc0 reg=0x87 len=1 data=c0
1778318169.035000 R  i2c=0xc0 reg=0x69 len=1
1778318169.038000 R= ret=0 data=88
1778318169.038000 W1 i2c=0xdc reg=0x8 val=0x0
1778318169.038000 W  i2c=0xdc reg=0x8 len=1 data=00
1778318169.840000 W1 i2c=0x30 reg=0x0 val=0xf
1778318169.840000 W  i2c=0x30 reg=0x0 len=1 data=0f
1778318169.841000 R  i2c=0x30 reg=0x11 len=1
1778318169.845000 R= ret=0 data=00
1778318169.845000 W1 i2c=0x30 reg=0x0 val=0x9
1778318169.845000 W  i2c=0x30 reg=0x0 len=1 data=09
1778318169.846000 R  i2c=0x30 reg=0x62 len=1
1778318169.850000 R= ret=0 data=51
1778318169.850000 W1 i2c=0x30 reg=0x0 val=0xd
1778318169.850000 W  i2c=0x30 reg=0x0 len=1 data=0d
1778318169.851000 R  i2c=0x30 reg=0x86 len=1
1778318169.854000 R= ret=0 data=00
1778318169.854000 W1 i2c=0x30 reg=0x0 val=0xd
1778318169.854000 W  i2c=0x30 reg=0x0 len=1 data=0d
1778318169.855000 R  i2c=0x30 reg=0x86 len=1
1778318169.859000 R= ret=0 data=00
1778318169.859000 W1 i2c=0x30 reg=0x0 val=0xd
1778318169.859000 W  i2c=0x30 reg=0x0 len=1 data=0d
1778318169.860000 R  i2c=0x30 reg=0x86 len=1
1778318169.863000 R= ret=0 data=00
1778318169.863000 W1 i2c=0xdc reg=0x8 val=0x1
1778318169.863000 W  i2c=0xdc reg=0x8 len=1 data=01
1778318169.864000 W  i2c=0xc0 reg=0x87 len=2 data=c4 41
1778318169.865000 W  i2c=0xc0 reg=0x59 len=2 data=05 01
1778318169.866000 R  i2c=0xc0 reg=0x5b len=1
1778318169.870000 R= ret=0 data=37
1778318169.870000 W  i2c=0xc0 reg=0x59 len=2 data=03 01
1778318169.871000 R  i2c=0xc0 reg=0x5b len=1
1778318169.874000 R= ret=0 data=08
1778318169.874000 W1 i2c=0xc0 reg=0x59 val=0x4
1778318169.874000 W  i2c=0xc0 reg=0x59 len=1 data=04
1778318169.875000 W1 i2c=0xc0 reg=0x88 val=0x0
1778318169.875000 W  i2c=0xc0 reg=0x88 len=1 data=00
1778318169.876000 W1 i2c=0xc0 reg=0x87 val=0xc0
1778318169.876000 W  i2c=0xc0 reg=0x87 len=1 data=c0
1778318169.877000 R  i2c=0xc0 reg=0x69 len=1
1778318169.881000 R= ret=0 data=88
1778318169.881000 W1 i2c=0xdc reg=0x8 val=0x0
1778318169.881000 W  i2c=0xdc reg=0x8 len=1 data=00
1778318170.214000 nativeTune -> 485000
1778318170.214000 DRV_acquire: oldStd=0x5 freq=485000 -> ATSC 1.0
1778318170.214000 >>> sony_cxd6801_integ_atsc_Tune
1778318170.214000 >>> sony_cxd6801_demod_atsc_Tune
1778318170.214000 >>> sony_cxd6801_demod_SetStreamOutput
1778318170.214000 W1 i2c=0xd8 reg=0x0 val=0x0
1778318170.214000 W  i2c=0xd8 reg=0x0 len=1 data=00
1778318170.216000 R  i2c=0xd8 reg=0xa9 len=1
1778318170.219000 R= ret=0 data=00
1778318170.219000 W1 i2c=0xd8 reg=0x0 val=0x0
1778318170.219000 W  i2c=0xd8 reg=0x0 len=1 data=00
1778318170.220000 W1 i2c=0xd8 reg=0xc3 val=0x1
1778318170.220000 W  i2c=0xd8 reg=0xc3 len=1 data=01
1778318170.221000 <<< sony_cxd6801_demod_SetStreamOutput ret=0
1778318170.221000 <<< sony_cxd6801_demod_atsc_Tune ret=0
1778318170.221000 W1 i2c=0xdc reg=0x8 val=0x1
1778318170.221000 W  i2c=0xdc reg=0x8 len=1 data=01
1778318170.222000 B  i2c=0xc0 reg=0x74 val=0x2 mask=0x3
1778318170.222000 R  i2c=0xc0 reg=0x74 len=1
1778318170.226000 R= ret=0 data=11
1778318170.226000 W1 i2c=0xc0 reg=0x74 val=0x12
1778318170.226000 W  i2c=0xc0 reg=0x74 len=1 data=12
1778318170.227000 W  i2c=0xc0 reg=0x87 len=2 data=c4 40
1778318170.228000 W  i2c=0xc0 reg=0x91 len=2 data=10 20
1778318170.229000 W  i2c=0xc0 reg=0x9c len=2 data=00 00
1778318170.230000 W  i2c=0xc0 reg=0x5e len=9 data=ee 02 1e 67 03 b4 78 08
1778318170.231000 B  i2c=0xc0 reg=0x67 val=0x0 mask=0x6
1778318170.231000 R  i2c=0xc0 reg=0x67 len=1
1778318170.234000 R= ret=0 data=00
1778318170.234000 W1 i2c=0xc0 reg=0x67 val=0x0
1778318170.234000 W  i2c=0xc0 reg=0x67 len=1 data=00
1778318170.235000 W  i2c=0xc0 reg=0x68 len=17 data=00 88 00 0b 23 00 1a 1d
1778318170.288000 W1 i2c=0xc0 reg=0x88 val=0x0
1778318170.288000 W  i2c=0xc0 reg=0x88 len=1 data=00
1778318170.289000 W1 i2c=0xc0 reg=0x87 val=0xc0
1778318170.289000 W  i2c=0xc0 reg=0x87 len=1 data=c0
1778318170.290000 W1 i2c=0xdc reg=0x8 val=0x0
1778318170.290000 W  i2c=0xdc reg=0x8 len=1 data=00
1778318170.291000 W1 i2c=0x98 reg=0x0 val=0x1
1778318170.291000 W  i2c=0x98 reg=0x0 len=1 data=01
1778318170.292000 W1 i2c=0x98 reg=0x48 val=0x1
1778318170.292000 W  i2c=0x98 reg=0x48 len=1 data=01
1778318170.293000 W  i2c=0x98 reg=0xa len=6 data=b3 10 00 00 00 00
1778318170.294000 R  i2c=0x98 reg=0xa len=6
1778318170.298000 R= ret=0 data=30 00 00 00 00 b3
1778318170.298000 >>> sony_cxd6801_demod_SetStreamOutput
1778318170.298000 W1 i2c=0xd8 reg=0x0 val=0x0
1778318170.298000 W  i2c=0xd8 reg=0x0 len=1 data=00
1778318170.299000 R  i2c=0xd8 reg=0xa9 len=1
1778318170.303000 R= ret=0 data=00
1778318170.303000 W1 i2c=0xd8 reg=0x0 val=0x0
1778318170.303000 W  i2c=0xd8 reg=0x0 len=1 data=00
1778318170.304000 W1 i2c=0xd8 reg=0xc3 val=0x0
1778318170.304000 W  i2c=0xd8 reg=0xc3 len=1 data=00
1778318170.305000 <<< sony_cxd6801_demod_SetStreamOutput ret=0
1778318170.305000 W1 i2c=0x30 reg=0x0 val=0xf
1778318170.305000 W  i2c=0x30 reg=0x0 len=1 data=0f
1778318170.306000 R  i2c=0x30 reg=0x11 len=1
1778318170.309000 R= ret=0 data=00
1778318170.309000 W1 i2c=0x30 reg=0x0 val=0x9
1778318170.309000 W  i2c=0x30 reg=0x0 len=1 data=09
1778318170.310000 R  i2c=0x30 reg=0x62 len=1
1778318170.313000 R= ret=0 data=51
1778318170.313000 W1 i2c=0x30 reg=0x0 val=0xd
1778318170.313000 W  i2c=0x30 reg=0x0 len=1 data=0d
1778318170.314000 R  i2c=0x30 reg=0x86 len=1
1778318170.318000 R= ret=0 data=00
1778318170.329000 W1 i2c=0x30 reg=0x0 val=0xf
1778318170.330000 W  i2c=0x30 reg=0x0 len=1 data=0f
1778318170.331000 R  i2c=0x30 reg=0x11 len=1
1778318170.334000 R= ret=0 data=00
1778318170.334000 W1 i2c=0x30 reg=0x0 val=0x9
1778318170.334000 W  i2c=0x30 reg=0x0 len=1 data=09
1778318170.335000 R  i2c=0x30 reg=0x62 len=1
1778318170.338000 R= ret=0 data=51
1778318170.338000 W1 i2c=0x30 reg=0x0 val=0xd
1778318170.338000 W  i2c=0x30 reg=0x0 len=1 data=0d
1778318170.339000 R  i2c=0x30 reg=0x86 len=1
1778318170.343000 R= ret=0 data=00
1778318170.353000 W1 i2c=0x30 reg=0x0 val=0xf
1778318170.353000 W  i2c=0x30 reg=0x0 len=1 data=0f
1778318170.354000 R  i2c=0x30 reg=0x11 len=1
1778318170.358000 R= ret=0 data=00
1778318170.358000 W1 i2c=0x30 reg=0x0 val=0x9
1778318170.358000 W  i2c=0x30 reg=0x0 len=1 data=09
1778318170.359000 R  i2c=0x30 reg=0x62 len=1
1778318170.363000 R= ret=0 data=51
1778318170.363000 W1 i2c=0x30 reg=0x0 val=0xd
1778318170.363000 W  i2c=0x30 reg=0x0 len=1 data=0d
1778318170.364000 R  i2c=0x30 reg=0x86 len=1
1778318170.367000 R= ret=0 data=00
1778318170.379000 W1 i2c=0x30 reg=0x0 val=0xf
1778318170.379000 W  i2c=0x30 reg=0x0 len=1 data=0f
1778318170.380000 R  i2c=0x30 reg=0x11 len=1
1778318170.383000 R= ret=0 data=00
1778318170.383000 W1 i2c=0x30 reg=0x0 val=0x9
1778318170.383000 W  i2c=0x30 reg=0x0 len=1 data=09
1778318170.384000 R  i2c=0x30 reg=0x62 len=1
1778318170.388000 R= ret=0 data=51
1778318170.388000 W1 i2c=0x30 reg=0x0 val=0xd
1778318170.388000 W  i2c=0x30 reg=0x0 len=1 data=0d
1778318170.389000 R  i2c=0x30 reg=0x86 len=1
1778318170.392000 R= ret=0 data=00
1778318170.403000 W1 i2c=0x30 reg=0x0 val=0xf
1778318170.403000 W  i2c=0x30 reg=0x0 len=1 data=0f
1778318170.404000 R  i2c=0x30 reg=0x11 len=1
1778318170.407000 R= ret=0 data=00
1778318170.407000 W1 i2c=0x30 reg=0x0 val=0x9
1778318170.407000 W  i2c=0x30 reg=0x0 len=1 data=09
1778318170.408000 R  i2c=0x30 reg=0x62 len=1
1778318170.412000 R= ret=0 data=51
1778318170.412000 W1 i2c=0x30 reg=0x0 val=0xd
1778318170.412000 W  i2c=0x30 reg=0x0 len=1 data=0d
1778318170.413000 R  i2c=0x30 reg=0x86 len=1
1778318170.416000 R= ret=0 data=00
1778318170.427000 W1 i2c=0x30 reg=0x0 val=0xf
1778318170.427000 W  i2c=0x30 reg=0x0 len=1 data=0f
1778318170.428000 R  i2c=0x30 reg=0x11 len=1
1778318170.432000 R= ret=0 data=00
1778318170.432000 W1 i2c=0x30 reg=0x0 val=0x9
1778318170.432000 W  i2c=0x30 reg=0x0 len=1 data=09
1778318170.433000 R  i2c=0x30 reg=0x62 len=1
1778318170.436000 R= ret=0 data=51
1778318170.436000 W1 i2c=0x30 reg=0x0 val=0xd
1778318170.436000 W  i2c=0x30 reg=0x0 len=1 data=0d
1778318170.437000 R  i2c=0x30 reg=0x86 len=1
1778318170.440000 R= ret=0 data=00
1778318170.452000 W1 i2c=0x30 reg=0x0 val=0xf
1778318170.452000 W  i2c=0x30 reg=0x0 len=1 data=0f
1778318170.453000 R  i2c=0x30 reg=0x11 len=1
1778318170.457000 R= ret=0 data=00
1778318170.457000 W1 i2c=0x30 reg=0x0 val=0x9
1778318170.457000 W  i2c=0x30 reg=0x0 len=1 data=09
1778318170.458000 R  i2c=0x30 reg=0x62 len=1
1778318170.461000 R= ret=0 data=51
1778318170.461000 W1 i2c=0x30 reg=0x0 val=0xd
1778318170.461000 W  i2c=0x30 reg=0x0 len=1 data=0d
1778318170.462000 R  i2c=0x30 reg=0x86 len=1
1778318170.466000 R= ret=0 data=00
1778318170.476000 W1 i2c=0x30 reg=0x0 val=0xf
1778318170.476000 W  i2c=0x30 reg=0x0 len=1 data=0f
1778318170.477000 R  i2c=0x30 reg=0x11 len=1
1778318170.480000 R= ret=0 data=00
1778318170.480000 W1 i2c=0x30 reg=0x0 val=0x9
1778318170.480000 W  i2c=0x30 reg=0x0 len=1 data=09
1778318170.481000 R  i2c=0x30 reg=0x62 len=1
1778318170.485000 R= ret=0 data=51
1778318170.485000 W1 i2c=0x30 reg=0x0 val=0xd
1778318170.485000 W  i2c=0x30 reg=0x0 len=1 data=0d
1778318170.486000 R  i2c=0x30 reg=0x86 len=1
1778318170.489000 R= ret=0 data=00
1778318170.500000 W1 i2c=0x30 reg=0x0 val=0xf
1778318170.500000 W  i2c=0x30 reg=0x0 len=1 data=0f
1778318170.501000 R  i2c=0x30 reg=0x11 len=1
1778318170.505000 R= ret=0 data=00
1778318170.505000 W1 i2c=0x30 reg=0x0 val=0x9
1778318170.505000 W  i2c=0x30 reg=0x0 len=1 data=09
1778318170.506000 R  i2c=0x30 reg=0x62 len=1
1778318170.509000 R= ret=0 data=51
1778318170.509000 W1 i2c=0x30 reg=0x0 val=0xd
1778318170.509000 W  i2c=0x30 reg=0x0 len=1 data=0d
1778318170.510000 R  i2c=0x30 reg=0x86 len=1
1778318170.514000 R= ret=0 data=00
1778318170.524000 W1 i2c=0x30 reg=0x0 val=0xf
1778318170.524000 W  i2c=0x30 reg=0x0 len=1 data=0f
1778318170.525000 R  i2c=0x30 reg=0x11 len=1
1778318170.529000 R= ret=0 data=00
1778318170.529000 W1 i2c=0x30 reg=0x0 val=0x9
1778318170.529000 W  i2c=0x30 reg=0x0 len=1 data=09
1778318170.529000 R  i2c=0x30 reg=0x62 len=1
1778318170.533000 R= ret=0 data=51
1778318170.533000 W1 i2c=0x30 reg=0x0 val=0xd
1778318170.533000 W  i2c=0x30 reg=0x0 len=1 data=0d
1778318170.534000 R  i2c=0x30 reg=0x86 len=1
1778318170.537000 R= ret=0 data=00
1778318170.548000 W1 i2c=0x30 reg=0x0 val=0xf
1778318170.548000 W  i2c=0x30 reg=0x0 len=1 data=0f
1778318170.549000 R  i2c=0x30 reg=0x11 len=1
1778318170.552000 R= ret=0 data=00
1778318170.552000 W1 i2c=0x30 reg=0x0 val=0x9
1778318170.552000 W  i2c=0x30 reg=0x0 len=1 data=09
1778318170.553000 R  i2c=0x30 reg=0x62 len=1
1778318170.557000 R= ret=0 data=41
1778318170.557000 W1 i2c=0x30 reg=0x0 val=0xd
1778318170.557000 W  i2c=0x30 reg=0x0 len=1 data=0d
1778318170.558000 R  i2c=0x30 reg=0x86 len=1
1778318170.561000 R= ret=0 data=00
1778318170.572000 W1 i2c=0x30 reg=0x0 val=0xf
1778318170.572000 W  i2c=0x30 reg=0x0 len=1 data=0f
1778318170.573000 R  i2c=0x30 reg=0x11 len=1
1778318170.576000 R= ret=0 data=00
1778318170.576000 W1 i2c=0x30 reg=0x0 val=0x9
1778318170.576000 W  i2c=0x30 reg=0x0 len=1 data=09
1778318170.578000 R  i2c=0x30 reg=0x62 len=1
1778318170.581000 R= ret=0 data=51
1778318170.581000 W1 i2c=0x30 reg=0x0 val=0xd
1778318170.581000 W  i2c=0x30 reg=0x0 len=1 data=0d
1778318170.582000 R  i2c=0x30 reg=0x86 len=1
1778318170.586000 R= ret=0 data=00
1778318170.597000 W1 i2c=0x30 reg=0x0 val=0xf
1778318170.597000 W  i2c=0x30 reg=0x0 len=1 data=0f
1778318170.598000 R  i2c=0x30 reg=0x11 len=1
1778318170.602000 R= ret=0 data=00
1778318170.602000 W1 i2c=0x30 reg=0x0 val=0x9
1778318170.602000 W  i2c=0x30 reg=0x0 len=1 data=09
1778318170.603000 R  i2c=0x30 reg=0x62 len=1
1778318170.606000 R= ret=0 data=51
1778318170.606000 W1 i2c=0x30 reg=0x0 val=0xd
1778318170.606000 W  i2c=0x30 reg=0x0 len=1 data=0d
1778318170.607000 R  i2c=0x30 reg=0x86 len=1
1778318170.611000 R= ret=0 data=00
1778318170.621000 W1 i2c=0x30 reg=0x0 val=0xf
1778318170.621000 W  i2c=0x30 reg=0x0 len=1 data=0f
1778318170.622000 R  i2c=0x30 reg=0x11 len=1
1778318170.626000 R= ret=0 data=00
1778318170.626000 W1 i2c=0x30 reg=0x0 val=0x9
1778318170.626000 W  i2c=0x30 reg=0x0 len=1 data=09
1778318170.627000 R  i2c=0x30 reg=0x62 len=1
1778318170.630000 R= ret=0 data=51
1778318170.630000 W1 i2c=0x30 reg=0x0 val=0xd
1778318170.630000 W  i2c=0x30 reg=0x0 len=1 data=0d
1778318170.631000 R  i2c=0x30 reg=0x86 len=1
1778318170.635000 R= ret=0 data=00
1778318170.645000 W1 i2c=0x30 reg=0x0 val=0xf
1778318170.645000 W  i2c=0x30 reg=0x0 len=1 data=0f
1778318170.646000 R  i2c=0x30 reg=0x11 len=1
1778318170.650000 R= ret=0 data=00
1778318170.650000 W1 i2c=0x30 reg=0x0 val=0x9
1778318170.650000 W  i2c=0x30 reg=0x0 len=1 data=09
1778318170.651000 R  i2c=0x30 reg=0x62 len=1
1778318170.654000 R= ret=0 data=51
1778318170.654000 W1 i2c=0x30 reg=0x0 val=0xd
1778318170.654000 W  i2c=0x30 reg=0x0 len=1 data=0d
1778318170.655000 R  i2c=0x30 reg=0x86 len=1
1778318170.659000 R= ret=0 data=00
1778318170.670000 W1 i2c=0x30 reg=0x0 val=0xf
1778318170.670000 W  i2c=0x30 reg=0x0 len=1 data=0f
1778318170.671000 R  i2c=0x30 reg=0x11 len=1
1778318170.674000 R= ret=0 data=00
1778318170.674000 W1 i2c=0x30 reg=0x0 val=0x9
1778318170.674000 W  i2c=0x30 reg=0x0 len=1 data=09
1778318170.675000 R  i2c=0x30 reg=0x62 len=1
1778318170.679000 R= ret=0 data=51
1778318170.679000 W1 i2c=0x30 reg=0x0 val=0xd
1778318170.679000 W  i2c=0x30 reg=0x0 len=1 data=0d
1778318170.680000 R  i2c=0x30 reg=0x86 len=1
1778318170.683000 W1 i2c=0x30 reg=0x0 val=0xf
1778318170.683000 W  i2c=0x30 reg=0x0 len=1 data=0f
1778318170.683000 R= ret=0 data=00
1778318170.684000 R  i2c=0x30 reg=0x11 len=1
1778318170.687000 R= ret=0 data=00
1778318170.687000 W1 i2c=0x30 reg=0x0 val=0x9
1778318170.687000 W  i2c=0x30 reg=0x0 len=1 data=09
1778318170.688000 R  i2c=0x30 reg=0x62 len=1
1778318170.692000 R= ret=0 data=51
1778318170.692000 W1 i2c=0x30 reg=0x0 val=0xd
1778318170.692000 W  i2c=0x30 reg=0x0 len=1 data=0d
1778318170.693000 R  i2c=0x30 reg=0x86 len=1
1778318170.693000 W1 i2c=0x30 reg=0x0 val=0xf
1778318170.693000 W  i2c=0x30 reg=0x0 len=1 data=0f
1778318170.696000 R= ret=0 data=00
1778318170.696000 W1 i2c=0x30 reg=0x0 val=0xd
1778318170.696000 W  i2c=0x30 reg=0x0 len=1 data=0d
1778318170.697000 R  i2c=0x30 reg=0x11 len=1
1778318170.698000 R  i2c=0x30 reg=0x86 len=1
1778318170.701000 R= ret=0 data=00
1778318170.701000 W1 i2c=0x30 reg=0x0 val=0x9
1778318170.701000 W  i2c=0x30 reg=0x0 len=1 data=09
1778318170.705000 R= ret=0 data=00
1778318170.705000 W1 i2c=0x30 reg=0x0 val=0xd
1778318170.705000 W  i2c=0x30 reg=0x0 len=1 data=0d
1778318170.706000 R  i2c=0x30 reg=0x62 len=1
1778318170.707000 R  i2c=0x30 reg=0x86 len=1
1778318170.710000 R= ret=0 data=00
1778318170.710000 W1 i2c=0xdc reg=0x8 val=0x1
1778318170.710000 W  i2c=0xdc reg=0x8 len=1 data=01
1778318170.713000 R= ret=0 data=00
1778318170.713000 W1 i2c=0x30 reg=0x0 val=0xd
1778318170.714000 W  i2c=0x30 reg=0x0 len=1 data=0d
1778318170.714000 W  i2c=0xc0 reg=0x87 len=2 data=c4 41
1778318170.715000 R  i2c=0x30 reg=0x86 len=1
1778318170.716000 W  i2c=0xc0 reg=0x59 len=2 data=05 01
1778318170.717000 R  i2c=0xc0 reg=0x5b len=1
1778318170.721000 R= ret=0 data=00
1778318170.724000 R= ret=0 data=32
1778318170.724000 W  i2c=0xc0 reg=0x59 len=2 data=03 01
1778318170.725000 R  i2c=0xc0 reg=0x5b len=1
1778318170.728000 R= ret=0 data=08
1778318170.728000 W1 i2c=0xc0 reg=0x59 val=0x4
1778318170.728000 W  i2c=0xc0 reg=0x59 len=1 data=04
1778318170.729000 W1 i2c=0xc0 reg=0x88 val=0x0
1778318170.729000 W  i2c=0xc0 reg=0x88 len=1 data=00
1778318170.730000 W1 i2c=0xc0 reg=0x87 val=0xc0
1778318170.730000 W  i2c=0xc0 reg=0x87 len=1 data=c0
1778318170.731000 W1 i2c=0x30 reg=0x0 val=0xf
1778318170.731000 W  i2c=0x30 reg=0x0 len=1 data=0f
1778318170.731000 R  i2c=0xc0 reg=0x69 len=1
1778318170.732000 R  i2c=0x30 reg=0x11 len=1
1778318170.735000 R= ret=0 data=88
1778318170.735000 W1 i2c=0xdc reg=0x8 val=0x0
1778318170.735000 W  i2c=0xdc reg=0x8 len=1 data=00
1778318170.739000 R= ret=0 data=00
1778318170.739000 W1 i2c=0x30 reg=0x0 val=0x9
1778318170.739000 W  i2c=0x30 reg=0x0 len=1 data=09
1778318170.740000 R  i2c=0x30 reg=0x62 len=1
1778318170.744000 R= ret=0 data=51
1778318170.744000 W1 i2c=0x30 reg=0x0 val=0xd
1778318170.744000 W  i2c=0x30 reg=0x0 len=1 data=0d
1778318170.745000 R  i2c=0x30 reg=0x86 len=1
1778318170.748000 R= ret=0 data=00
1778318170.759000 W1 i2c=0x30 reg=0x0 val=0xf
1778318170.759000 W  i2c=0x30 reg=0x0 len=1 data=0f
1778318170.760000 R  i2c=0x30 reg=0x11 len=1
1778318170.764000 R= ret=0 data=00
1778318170.764000 W1 i2c=0x30 reg=0x0 val=0x9
1778318170.764000 W  i2c=0x30 reg=0x0 len=1 data=09
1778318170.765000 R  i2c=0x30 reg=0x62 len=1
1778318170.768000 R= ret=0 data=51
1778318170.768000 W1 i2c=0x30 reg=0x0 val=0xd
1778318170.768000 W  i2c=0x30 reg=0x0 len=1 data=0d
1778318170.769000 R  i2c=0x30 reg=0x86 len=1
1778318170.773000 R= ret=0 data=00
1778318170.783000 W1 i2c=0x30 reg=0x0 val=0xf
1778318170.783000 W  i2c=0x30 reg=0x0 len=1 data=0f
1778318170.785000 R  i2c=0x30 reg=0x11 len=1
1778318170.788000 R= ret=0 data=00
1778318170.788000 W1 i2c=0x30 reg=0x0 val=0x9
1778318170.788000 W  i2c=0x30 reg=0x0 len=1 data=09
1778318170.789000 R  i2c=0x30 reg=0x62 len=1
1778318170.793000 R= ret=0 data=51
1778318170.793000 W1 i2c=0x30 reg=0x0 val=0xd
1778318170.793000 W  i2c=0x30 reg=0x0 len=1 data=0d
1778318170.794000 R  i2c=0x30 reg=0x86 len=1
1778318170.798000 R= ret=0 data=00
1778318170.808000 W1 i2c=0x30 reg=0x0 val=0xf
1778318170.808000 W  i2c=0x30 reg=0x0 len=1 data=0f
1778318170.809000 R  i2c=0x30 reg=0x11 len=1
1778318170.813000 R= ret=0 data=00
1778318170.813000 W1 i2c=0x30 reg=0x0 val=0x9
1778318170.813000 W  i2c=0x30 reg=0x0 len=1 data=09
1778318170.814000 R  i2c=0x30 reg=0x62 len=1
1778318170.817000 R= ret=0 data=51
1778318170.817000 W1 i2c=0x30 reg=0x0 val=0xd
1778318170.817000 W  i2c=0x30 reg=0x0 len=1 data=0d
1778318170.818000 R  i2c=0x30 reg=0x86 len=1
1778318170.822000 R= ret=0 data=00
1778318170.832000 W1 i2c=0x30 reg=0x0 val=0xf
1778318170.832000 W  i2c=0x30 reg=0x0 len=1 data=0f
1778318170.833000 R  i2c=0x30 reg=0x11 len=1
1778318170.837000 R= ret=0 data=00
1778318170.837000 W1 i2c=0x30 reg=0x0 val=0x9
1778318170.837000 W  i2c=0x30 reg=0x0 len=1 data=09
1778318170.838000 R  i2c=0x30 reg=0x62 len=1
1778318170.841000 R= ret=0 data=51
1778318170.841000 W1 i2c=0x30 reg=0x0 val=0xd
1778318170.841000 W  i2c=0x30 reg=0x0 len=1 data=0d
1778318170.842000 R  i2c=0x30 reg=0x86 len=1
1778318170.846000 R= ret=0 data=00
1778318170.857000 W1 i2c=0x30 reg=0x0 val=0xf
1778318170.857000 W  i2c=0x30 reg=0x0 len=1 data=0f
1778318170.858000 R  i2c=0x30 reg=0x11 len=1
1778318170.861000 R= ret=0 data=00
1778318170.861000 W1 i2c=0x30 reg=0x0 val=0x9
1778318170.861000 W  i2c=0x30 reg=0x0 len=1 data=09
1778318170.862000 R  i2c=0x30 reg=0x62 len=1
1778318170.866000 R= ret=0 data=51
1778318170.866000 W1 i2c=0x30 reg=0x0 val=0xd
1778318170.866000 W  i2c=0x30 reg=0x0 len=1 data=0d
1778318170.867000 R  i2c=0x30 reg=0x86 len=1
1778318170.870000 R= ret=0 data=00
1778318170.881000 W1 i2c=0x30 reg=0x0 val=0xf
1778318170.881000 W  i2c=0x30 reg=0x0 len=1 data=0f
1778318170.882000 R  i2c=0x30 reg=0x11 len=1
1778318170.885000 R= ret=0 data=00
1778318170.885000 W1 i2c=0x30 reg=0x0 val=0x9
1778318170.885000 W  i2c=0x30 reg=0x0 len=1 data=09
1778318170.886000 R  i2c=0x30 reg=0x62 len=1
1778318170.890000 R= ret=0 data=51
1778318170.890000 W1 i2c=0x30 reg=0x0 val=0xd
1778318170.890000 W  i2c=0x30 reg=0x0 len=1 data=0d
1778318170.891000 R  i2c=0x30 reg=0x86 len=1
1778318170.895000 R= ret=0 data=00
1778318170.906000 W1 i2c=0x30 reg=0x0 val=0xf
1778318170.906000 W  i2c=0x30 reg=0x0 len=1 data=0f
1778318170.907000 R  i2c=0x30 reg=0x11 len=1
1778318170.910000 R= ret=0 data=00
1778318170.910000 W1 i2c=0x30 reg=0x0 val=0x9
1778318170.910000 W  i2c=0x30 reg=0x0 len=1 data=09
1778318170.911000 R  i2c=0x30 reg=0x62 len=1
1778318170.915000 R= ret=0 data=51
1778318170.915000 W1 i2c=0x30 reg=0x0 val=0xd
1778318170.915000 W  i2c=0x30 reg=0x0 len=1 data=0d
1778318170.916000 R  i2c=0x30 reg=0x86 len=1
1778318170.919000 R= ret=0 data=00
1778318170.931000 W1 i2c=0x30 reg=0x0 val=0xf
1778318170.931000 W  i2c=0x30 reg=0x0 len=1 data=0f
1778318170.932000 R  i2c=0x30 reg=0x11 len=1
1778318170.935000 R= ret=0 data=00
1778318170.935000 W1 i2c=0x30 reg=0x0 val=0x9
1778318170.935000 W  i2c=0x30 reg=0x0 len=1 data=09
1778318170.936000 R  i2c=0x30 reg=0x62 len=1
1778318170.939000 R= ret=0 data=51
1778318170.939000 W1 i2c=0x30 reg=0x0 val=0xd
1778318170.939000 W  i2c=0x30 reg=0x0 len=1 data=0d
1778318170.940000 R  i2c=0x30 reg=0x86 len=1
1778318170.944000 R= ret=0 data=00
1778318170.954000 W1 i2c=0x30 reg=0x0 val=0xf
1778318170.954000 W  i2c=0x30 reg=0x0 len=1 data=0f
1778318170.955000 R  i2c=0x30 reg=0x11 len=1
1778318170.958000 R= ret=0 data=00
1778318170.958000 W1 i2c=0x30 reg=0x0 val=0x9
1778318170.958000 W  i2c=0x30 reg=0x0 len=1 data=09
1778318170.959000 R  i2c=0x30 reg=0x62 len=1
1778318170.963000 R= ret=0 data=51
1778318170.963000 W1 i2c=0x30 reg=0x0 val=0xd
1778318170.963000 W  i2c=0x30 reg=0x0 len=1 data=0d
1778318170.964000 R  i2c=0x30 reg=0x86 len=1
1778318170.968000 R= ret=0 data=00
1778318170.979000 W1 i2c=0x30 reg=0x0 val=0xf
1778318170.979000 W  i2c=0x30 reg=0x0 len=1 data=0f
1778318170.980000 R  i2c=0x30 reg=0x11 len=1
1778318170.983000 R= ret=0 data=00
1778318170.983000 W1 i2c=0x30 reg=0x0 val=0x9
1778318170.983000 W  i2c=0x30 reg=0x0 len=1 data=09
1778318170.984000 R  i2c=0x30 reg=0x62 len=1
1778318170.988000 R= ret=0 data=51
1778318170.988000 W1 i2c=0x30 reg=0x0 val=0xd
1778318170.988000 W  i2c=0x30 reg=0x0 len=1 data=0d
1778318170.989000 R  i2c=0x30 reg=0x86 len=1
1778318170.993000 R= ret=0 data=00
1778318171.004000 W1 i2c=0x30 reg=0x0 val=0xf
1778318171.004000 W  i2c=0x30 reg=0x0 len=1 data=0f
1778318171.008000 R  i2c=0x30 reg=0x11 len=1
1778318171.012000 R= ret=0 data=00
1778318171.012000 W1 i2c=0x30 reg=0x0 val=0x9
1778318171.012000 W  i2c=0x30 reg=0x0 len=1 data=09
1778318171.013000 R  i2c=0x30 reg=0x62 len=1
1778318171.017000 R= ret=0 data=51
1778318171.017000 W1 i2c=0x30 reg=0x0 val=0xd
1778318171.017000 W  i2c=0x30 reg=0x0 len=1 data=0d
1778318171.018000 R  i2c=0x30 reg=0x86 len=1
1778318171.021000 R= ret=0 data=00
1778318171.032000 W1 i2c=0x30 reg=0x0 val=0xf
1778318171.033000 W  i2c=0x30 reg=0x0 len=1 data=0f
1778318171.034000 R  i2c=0x30 reg=0x11 len=1
1778318171.037000 R= ret=0 data=00
1778318171.037000 W1 i2c=0x30 reg=0x0 val=0x9
1778318171.037000 W  i2c=0x30 reg=0x0 len=1 data=09
1778318171.038000 R  i2c=0x30 reg=0x62 len=1
1778318171.043000 R= ret=0 data=51
1778318171.043000 W1 i2c=0x30 reg=0x0 val=0xd
1778318171.043000 W  i2c=0x30 reg=0x0 len=1 data=0d
1778318171.044000 R  i2c=0x30 reg=0x86 len=1
1778318171.048000 R= ret=0 data=00
1778318171.058000 W1 i2c=0x30 reg=0x0 val=0xf
1778318171.058000 W  i2c=0x30 reg=0x0 len=1 data=0f
1778318171.059000 R  i2c=0x30 reg=0x11 len=1
1778318171.063000 R= ret=0 data=00
1778318171.063000 W1 i2c=0x30 reg=0x0 val=0x9
1778318171.063000 W  i2c=0x30 reg=0x0 len=1 data=09
1778318171.064000 R  i2c=0x30 reg=0x62 len=1
1778318171.067000 R= ret=0 data=51
1778318171.067000 W1 i2c=0x30 reg=0x0 val=0xd
1778318171.067000 W  i2c=0x30 reg=0x0 len=1 data=0d
1778318171.068000 R  i2c=0x30 reg=0x86 len=1
1778318171.072000 R= ret=0 data=00
1778318171.083000 W1 i2c=0x30 reg=0x0 val=0xf
1778318171.083000 W  i2c=0x30 reg=0x0 len=1 data=0f
1778318171.084000 R  i2c=0x30 reg=0x11 len=1
1778318171.087000 R= ret=0 data=00
1778318171.087000 W1 i2c=0x30 reg=0x0 val=0x9
1778318171.087000 W  i2c=0x30 reg=0x0 len=1 data=09
1778318171.088000 R  i2c=0x30 reg=0x62 len=1
1778318171.093000 R= ret=0 data=51
1778318171.093000 W1 i2c=0x30 reg=0x0 val=0xd
1778318171.093000 W  i2c=0x30 reg=0x0 len=1 data=0d
1778318171.094000 R  i2c=0x30 reg=0x86 len=1
1778318171.097000 R= ret=0 data=00
1778318171.109000 W1 i2c=0x30 reg=0x0 val=0xf
1778318171.109000 W  i2c=0x30 reg=0x0 len=1 data=0f
1778318171.110000 R  i2c=0x30 reg=0x11 len=1
1778318171.116000 R= ret=0 data=00
1778318171.116000 W1 i2c=0x30 reg=0x0 val=0x9
1778318171.116000 W  i2c=0x30 reg=0x0 len=1 data=09
1778318171.118000 R  i2c=0x30 reg=0x62 len=1
1778318171.123000 R= ret=0 data=51
1778318171.123000 W1 i2c=0x30 reg=0x0 val=0xd
1778318171.123000 W  i2c=0x30 reg=0x0 len=1 data=0d
1778318171.125000 R  i2c=0x30 reg=0x86 len=1
1778318171.131000 R= ret=0 data=00
1778318171.142000 W1 i2c=0x30 reg=0x0 val=0xf
1778318171.142000 W  i2c=0x30 reg=0x0 len=1 data=0f
1778318171.145000 R  i2c=0x30 reg=0x11 len=1
1778318171.154000 R= ret=0 data=00
1778318171.154000 W1 i2c=0x30 reg=0x0 val=0x9
1778318171.154000 W  i2c=0x30 reg=0x0 len=1 data=09
1778318171.156000 R  i2c=0x30 reg=0x62 len=1
1778318171.160000 R= ret=0 data=51
1778318171.160000 W1 i2c=0x30 reg=0x0 val=0xd
1778318171.160000 W  i2c=0x30 reg=0x0 len=1 data=0d
1778318171.162000 R  i2c=0x30 reg=0x86 len=1
1778318171.165000 R= ret=0 data=00
1778318171.175000 W1 i2c=0x30 reg=0x0 val=0xf
1778318171.175000 W  i2c=0x30 reg=0x0 len=1 data=0f
1778318171.176000 R  i2c=0x30 reg=0x11 len=1
1778318171.180000 R= ret=0 data=00
1778318171.180000 W1 i2c=0x30 reg=0x0 val=0x9
1778318171.181000 W  i2c=0x30 reg=0x0 len=1 data=09
1778318171.182000 R  i2c=0x30 reg=0x62 len=1
1778318171.186000 R= ret=0 data=51
1778318171.186000 W1 i2c=0x30 reg=0x0 val=0xd
1778318171.186000 W  i2c=0x30 reg=0x0 len=1 data=0d
1778318171.187000 R  i2c=0x30 reg=0x86 len=1
1778318171.192000 R= ret=0 data=00
1778318171.202000 W1 i2c=0x30 reg=0x0 val=0xf
1778318171.202000 W  i2c=0x30 reg=0x0 len=1 data=0f
1778318171.204000 R  i2c=0x30 reg=0x11 len=1
1778318171.208000 R= ret=0 data=00
1778318171.208000 W1 i2c=0x30 reg=0x0 val=0x9
1778318171.208000 W  i2c=0x30 reg=0x0 len=1 data=09
1778318171.210000 R  i2c=0x30 reg=0x62 len=1
1778318171.214000 R= ret=0 data=51
1778318171.214000 W1 i2c=0x30 reg=0x0 val=0xd
1778318171.214000 W  i2c=0x30 reg=0x0 len=1 data=0d
1778318171.215000 R  i2c=0x30 reg=0x86 len=1
1778318171.218000 R= ret=0 data=00
1778318171.229000 W1 i2c=0x30 reg=0x0 val=0xf
1778318171.229000 W  i2c=0x30 reg=0x0 len=1 data=0f
1778318171.231000 R  i2c=0x30 reg=0x11 len=1
1778318171.234000 R= ret=0 data=00
1778318171.234000 W1 i2c=0x30 reg=0x0 val=0x9
1778318171.234000 W  i2c=0x30 reg=0x0 len=1 data=09
1778318171.235000 R  i2c=0x30 reg=0x62 len=1
1778318171.239000 R= ret=0 data=51
1778318171.239000 W1 i2c=0x30 reg=0x0 val=0xd
1778318171.239000 W  i2c=0x30 reg=0x0 len=1 data=0d
1778318171.241000 R  i2c=0x30 reg=0x86 len=1
1778318171.244000 R= ret=0 data=00
1778318171.255000 W1 i2c=0x30 reg=0x0 val=0xf
1778318171.255000 W  i2c=0x30 reg=0x0 len=1 data=0f
1778318171.256000 R  i2c=0x30 reg=0x11 len=1
1778318171.260000 R= ret=0 data=00
1778318171.260000 W1 i2c=0x30 reg=0x0 val=0x9
1778318171.260000 W  i2c=0x30 reg=0x0 len=1 data=09
1778318171.261000 R  i2c=0x30 reg=0x62 len=1
1778318171.265000 R= ret=0 data=51
1778318171.265000 W1 i2c=0x30 reg=0x0 val=0xd
1778318171.265000 W  i2c=0x30 reg=0x0 len=1 data=0d
1778318171.266000 R  i2c=0x30 reg=0x86 len=1
1778318171.270000 R= ret=0 data=00
1778318171.280000 W1 i2c=0x30 reg=0x0 val=0xf
1778318171.280000 W  i2c=0x30 reg=0x0 len=1 data=0f
1778318171.281000 R  i2c=0x30 reg=0x11 len=1
1778318171.285000 R= ret=0 data=00
1778318171.285000 W1 i2c=0x30 reg=0x0 val=0x9
1778318171.285000 W  i2c=0x30 reg=0x0 len=1 data=09
1778318171.286000 R  i2c=0x30 reg=0x62 len=1
1778318171.290000 R= ret=0 data=51
1778318171.290000 W1 i2c=0x30 reg=0x0 val=0xd
1778318171.290000 W  i2c=0x30 reg=0x0 len=1 data=0d
1778318171.291000 R  i2c=0x30 reg=0x86 len=1
1778318171.295000 R= ret=0 data=00
1778318171.305000 W1 i2c=0x30 reg=0x0 val=0xf
1778318171.305000 W  i2c=0x30 reg=0x0 len=1 data=0f
1778318171.307000 R  i2c=0x30 reg=0x11 len=1
1778318171.311000 R= ret=0 data=00
1778318171.311000 W1 i2c=0x30 reg=0x0 val=0x9
1778318171.311000 W  i2c=0x30 reg=0x0 len=1 data=09
1778318171.312000 R  i2c=0x30 reg=0x62 len=1
1778318171.316000 R= ret=0 data=51
1778318171.316000 W1 i2c=0x30 reg=0x0 val=0xd
1778318171.316000 W  i2c=0x30 reg=0x0 len=1 data=0d
1778318171.317000 R  i2c=0x30 reg=0x86 len=1
1778318171.320000 R= ret=0 data=00
1778318171.331000 W1 i2c=0x30 reg=0x0 val=0xf
1778318171.332000 W  i2c=0x30 reg=0x0 len=1 data=0f
1778318171.333000 R  i2c=0x30 reg=0x11 len=1
1778318171.336000 R= ret=0 data=00
1778318171.336000 W1 i2c=0x30 reg=0x0 val=0x9
1778318171.336000 W  i2c=0x30 reg=0x0 len=1 data=09
1778318171.337000 R  i2c=0x30 reg=0x62 len=1
1778318171.341000 R= ret=0 data=51
1778318171.341000 W1 i2c=0x30 reg=0x0 val=0xd
1778318171.341000 W  i2c=0x30 reg=0x0 len=1 data=0d
1778318171.342000 R  i2c=0x30 reg=0x86 len=1
1778318171.346000 R= ret=0 data=00
1778318171.357000 W1 i2c=0x30 reg=0x0 val=0xf
1778318171.357000 W  i2c=0x30 reg=0x0 len=1 data=0f
1778318171.358000 R  i2c=0x30 reg=0x11 len=1
1778318171.363000 R= ret=0 data=00
1778318171.363000 W1 i2c=0x30 reg=0x0 val=0x9
1778318171.363000 W  i2c=0x30 reg=0x0 len=1 data=09
1778318171.364000 R  i2c=0x30 reg=0x62 len=1
1778318171.367000 R= ret=0 data=51
1778318171.367000 W1 i2c=0x30 reg=0x0 val=0xd
1778318171.367000 W  i2c=0x30 reg=0x0 len=1 data=0d
1778318171.368000 R  i2c=0x30 reg=0x86 len=1
1778318171.373000 R= ret=0 data=00
1778318171.385000 W1 i2c=0x30 reg=0x0 val=0xf
1778318171.385000 W  i2c=0x30 reg=0x0 len=1 data=0f
1778318171.387000 R  i2c=0x30 reg=0x11 len=1
1778318171.391000 R= ret=0 data=00
1778318171.391000 W1 i2c=0x30 reg=0x0 val=0x9
1778318171.391000 W  i2c=0x30 reg=0x0 len=1 data=09
1778318171.393000 R  i2c=0x30 reg=0x62 len=1
1778318171.398000 R= ret=0 data=51
1778318171.398000 W1 i2c=0x30 reg=0x0 val=0xd
1778318171.398000 W  i2c=0x30 reg=0x0 len=1 data=0d
1778318171.399000 R  i2c=0x30 reg=0x86 len=1
1778318171.402000 R= ret=0 data=00
1778318171.413000 W1 i2c=0x30 reg=0x0 val=0xf
1778318171.413000 W  i2c=0x30 reg=0x0 len=1 data=0f
1778318171.414000 R  i2c=0x30 reg=0x11 len=1
1778318171.418000 R= ret=0 data=00
1778318171.418000 W1 i2c=0x30 reg=0x0 val=0x9
1778318171.418000 W  i2c=0x30 reg=0x0 len=1 data=09
1778318171.419000 R  i2c=0x30 reg=0x62 len=1
1778318171.423000 R= ret=0 data=51
1778318171.423000 W1 i2c=0x30 reg=0x0 val=0xd
1778318171.423000 W  i2c=0x30 reg=0x0 len=1 data=0d
1778318171.424000 R  i2c=0x30 reg=0x86 len=1
1778318171.429000 R= ret=0 data=00
1778318171.439000 W1 i2c=0x30 reg=0x0 val=0xf
1778318171.439000 W  i2c=0x30 reg=0x0 len=1 data=0f
1778318171.441000 R  i2c=0x30 reg=0x11 len=1
1778318171.445000 R= ret=0 data=00
1778318171.445000 W1 i2c=0x30 reg=0x0 val=0x9
1778318171.445000 W  i2c=0x30 reg=0x0 len=1 data=09
1778318171.446000 R  i2c=0x30 reg=0x62 len=1
1778318171.450000 R= ret=0 data=51
1778318171.450000 W1 i2c=0x30 reg=0x0 val=0xd
1778318171.450000 W  i2c=0x30 reg=0x0 len=1 data=0d
1778318171.451000 R  i2c=0x30 reg=0x86 len=1
1778318171.454000 R= ret=0 data=00
1778318171.465000 W1 i2c=0x30 reg=0x0 val=0xf
1778318171.465000 W  i2c=0x30 reg=0x0 len=1 data=0f
1778318171.466000 R  i2c=0x30 reg=0x11 len=1
1778318171.470000 R= ret=0 data=00
1778318171.470000 W1 i2c=0x30 reg=0x0 val=0x9
1778318171.470000 W  i2c=0x30 reg=0x0 len=1 data=09
1778318171.471000 R  i2c=0x30 reg=0x62 len=1
1778318171.475000 R= ret=0 data=51
1778318171.475000 W1 i2c=0x30 reg=0x0 val=0xd
1778318171.475000 W  i2c=0x30 reg=0x0 len=1 data=0d
1778318171.476000 R  i2c=0x30 reg=0x86 len=1
1778318171.480000 R= ret=0 data=00
1778318171.492000 W1 i2c=0x30 reg=0x0 val=0xf
1778318171.492000 W  i2c=0x30 reg=0x0 len=1 data=0f
1778318171.494000 R  i2c=0x30 reg=0x11 len=1
1778318171.498000 R= ret=0 data=00
1778318171.498000 W1 i2c=0x30 reg=0x0 val=0x9
1778318171.498000 W  i2c=0x30 reg=0x0 len=1 data=09
1778318171.499000 R  i2c=0x30 reg=0x62 len=1
1778318171.503000 R= ret=0 data=51
1778318171.503000 W1 i2c=0x30 reg=0x0 val=0xd
1778318171.503000 W  i2c=0x30 reg=0x0 len=1 data=0d
1778318171.504000 R  i2c=0x30 reg=0x86 len=1
1778318171.508000 R= ret=0 data=00
1778318171.519000 W1 i2c=0x30 reg=0x0 val=0xf
1778318171.519000 W  i2c=0x30 reg=0x0 len=1 data=0f
1778318171.520000 R  i2c=0x30 reg=0x11 len=1
1778318171.525000 R= ret=0 data=00
1778318171.525000 W1 i2c=0x30 reg=0x0 val=0x9
1778318171.525000 W  i2c=0x30 reg=0x0 len=1 data=09
1778318171.526000 R  i2c=0x30 reg=0x62 len=1
1778318171.529000 R= ret=0 data=51
1778318171.529000 W1 i2c=0x30 reg=0x0 val=0xd
1778318171.529000 W  i2c=0x30 reg=0x0 len=1 data=0d
1778318171.531000 R  i2c=0x30 reg=0x86 len=1
1778318171.534000 R= ret=0 data=00
1778318171.534000 <<< sony_cxd6801_integ_atsc_Tune ret=5
1778318171.534000 DRV_acquire ret=5
1778318171.540000 W1 i2c=0x30 reg=0x0 val=0xf
1778318171.540000 W  i2c=0x30 reg=0x0 len=1 data=0f
1778318171.541000 R  i2c=0x30 reg=0x11 len=1
1778318171.545000 R= ret=0 data=00
1778318171.545000 W1 i2c=0x30 reg=0x0 val=0x9
1778318171.545000 W  i2c=0x30 reg=0x0 len=1 data=09
1778318171.546000 R  i2c=0x30 reg=0x62 len=1
1778318171.550000 R= ret=0 data=51
1778318171.550000 W1 i2c=0x30 reg=0x0 val=0xd
1778318171.550000 W  i2c=0x30 reg=0x0 len=1 data=0d
1778318171.551000 R  i2c=0x30 reg=0x86 len=1
1778318171.554000 R= ret=0 data=00
1778318171.554000 W1 i2c=0x30 reg=0x0 val=0xd
1778318171.554000 W  i2c=0x30 reg=0x0 len=1 data=0d
1778318171.555000 R  i2c=0x30 reg=0x86 len=1
1778318171.559000 R= ret=0 data=00
1778318171.559000 W1 i2c=0x30 reg=0x0 val=0xd
1778318171.559000 W  i2c=0x30 reg=0x0 len=1 data=0d
1778318171.561000 R  i2c=0x30 reg=0x86 len=1
1778318171.565000 R= ret=0 data=00
1778318171.565000 W1 i2c=0xdc reg=0x8 val=0x1
1778318171.565000 W  i2c=0xdc reg=0x8 len=1 data=01
1778318171.566000 W  i2c=0xc0 reg=0x87 len=2 data=c4 41
1778318171.567000 W  i2c=0xc0 reg=0x59 len=2 data=05 01
1778318171.568000 R  i2c=0xc0 reg=0x5b len=1
1778318171.571000 R= ret=0 data=32
1778318171.571000 W  i2c=0xc0 reg=0x59 len=2 data=03 01
1778318171.573000 R  i2c=0xc0 reg=0x5b len=1
1778318171.577000 R= ret=0 data=08
1778318171.577000 W1 i2c=0xc0 reg=0x59 val=0x4
1778318171.577000 W  i2c=0xc0 reg=0x59 len=1 data=04
1778318171.578000 W1 i2c=0xc0 reg=0x88 val=0x0
1778318171.578000 W  i2c=0xc0 reg=0x88 len=1 data=00
1778318171.579000 W1 i2c=0xc0 reg=0x87 val=0xc0
1778318171.579000 W  i2c=0xc0 reg=0x87 len=1 data=c0
1778318171.584000 R  i2c=0xc0 reg=0x69 len=1
1778318171.647000 R= ret=0 data=88
1778318171.648000 W1 i2c=0xdc reg=0x8 val=0x0
1778318171.648000 W  i2c=0xdc reg=0x8 len=1 data=00
1778318172.451000 W1 i2c=0x30 reg=0x0 val=0xf
1778318172.451000 W  i2c=0x30 reg=0x0 len=1 data=0f
1778318172.453000 R  i2c=0x30 reg=0x11 len=1
1778318172.457000 R= ret=0 data=00
1778318172.457000 W1 i2c=0x30 reg=0x0 val=0x9
1778318172.457000 W  i2c=0x30 reg=0x0 len=1 data=09
1778318172.458000 R  i2c=0x30 reg=0x62 len=1
1778318172.461000 R= ret=0 data=51
1778318172.461000 W1 i2c=0x30 reg=0x0 val=0xd
1778318172.461000 W  i2c=0x30 reg=0x0 len=1 data=0d
1778318172.462000 R  i2c=0x30 reg=0x86 len=1
1778318172.466000 R= ret=0 data=00
1778318172.466000 W1 i2c=0x30 reg=0x0 val=0xd
1778318172.466000 W  i2c=0x30 reg=0x0 len=1 data=0d
1778318172.467000 R  i2c=0x30 reg=0x86 len=1
1778318172.470000 R= ret=0 data=00
1778318172.471000 W1 i2c=0x30 reg=0x0 val=0xd
1778318172.471000 W  i2c=0x30 reg=0x0 len=1 data=0d
1778318172.472000 R  i2c=0x30 reg=0x86 len=1
1778318172.475000 R= ret=0 data=00
1778318172.475000 W1 i2c=0xdc reg=0x8 val=0x1
1778318172.475000 W  i2c=0xdc reg=0x8 len=1 data=01
1778318172.476000 W  i2c=0xc0 reg=0x87 len=2 data=c4 41
1778318172.477000 W  i2c=0xc0 reg=0x59 len=2 data=05 01
1778318172.477000 R  i2c=0xc0 reg=0x5b len=1
1778318172.481000 R= ret=0 data=32
1778318172.481000 W  i2c=0xc0 reg=0x59 len=2 data=03 01
1778318172.482000 R  i2c=0xc0 reg=0x5b len=1
1778318172.485000 R= ret=0 data=08
1778318172.485000 W1 i2c=0xc0 reg=0x59 val=0x4
1778318172.485000 W  i2c=0xc0 reg=0x59 len=1 data=04
1778318172.486000 W1 i2c=0xc0 reg=0x88 val=0x0
1778318172.486000 W  i2c=0xc0 reg=0x88 len=1 data=00
1778318172.487000 W1 i2c=0xc0 reg=0x87 val=0xc0
1778318172.487000 W  i2c=0xc0 reg=0x87 len=1 data=c0
1778318172.487000 R  i2c=0xc0 reg=0x69 len=1
1778318172.491000 R= ret=0 data=88
1778318172.491000 W1 i2c=0xdc reg=0x8 val=0x0
1778318172.491000 W  i2c=0xdc reg=0x8 len=1 data=00
1778318173.293000 W1 i2c=0x30 reg=0x0 val=0xf
1778318173.293000 W  i2c=0x30 reg=0x0 len=1 data=0f
1778318173.294000 R  i2c=0x30 reg=0x11 len=1
1778318173.298000 R= ret=0 data=00
1778318173.298000 W1 i2c=0x30 reg=0x0 val=0x9
1778318173.298000 W  i2c=0x30 reg=0x0 len=1 data=09
1778318173.298000 R  i2c=0x30 reg=0x62 len=1
1778318173.302000 R= ret=0 data=51
1778318173.302000 W1 i2c=0x30 reg=0x0 val=0xd
1778318173.302000 W  i2c=0x30 reg=0x0 len=1 data=0d
1778318173.303000 R  i2c=0x30 reg=0x86 len=1
1778318173.307000 R= ret=0 data=00
1778318173.307000 W1 i2c=0x30 reg=0x0 val=0xd
1778318173.307000 W  i2c=0x30 reg=0x0 len=1 data=0d
1778318173.308000 R  i2c=0x30 reg=0x86 len=1
1778318173.312000 R= ret=0 data=00
1778318173.312000 W1 i2c=0x30 reg=0x0 val=0xd
1778318173.312000 W  i2c=0x30 reg=0x0 len=1 data=0d
1778318173.313000 R  i2c=0x30 reg=0x86 len=1
1778318173.316000 R= ret=0 data=00
1778318173.316000 W1 i2c=0xdc reg=0x8 val=0x1
1778318173.316000 W  i2c=0xdc reg=0x8 len=1 data=01
1778318173.317000 W  i2c=0xc0 reg=0x87 len=2 data=c4 41
1778318173.318000 W  i2c=0xc0 reg=0x59 len=2 data=05 01
1778318173.319000 R  i2c=0xc0 reg=0x5b len=1
1778318173.323000 R= ret=0 data=32
1778318173.323000 W  i2c=0xc0 reg=0x59 len=2 data=03 01
1778318173.324000 R  i2c=0xc0 reg=0x5b len=1
1778318173.327000 R= ret=0 data=08
1778318173.327000 W1 i2c=0xc0 reg=0x59 val=0x4
1778318173.327000 W  i2c=0xc0 reg=0x59 len=1 data=04
1778318173.328000 W1 i2c=0xc0 reg=0x88 val=0x0
1778318173.328000 W  i2c=0xc0 reg=0x88 len=1 data=00
1778318173.329000 W1 i2c=0xc0 reg=0x87 val=0xc0
1778318173.329000 W  i2c=0xc0 reg=0x87 len=1 data=c0
1778318173.330000 R  i2c=0xc0 reg=0x69 len=1
1778318173.333000 R= ret=0 data=88
1778318173.333000 W1 i2c=0xdc reg=0x8 val=0x0
1778318173.333000 W  i2c=0xdc reg=0x8 len=1 data=00
1778318174.134000 W1 i2c=0x30 reg=0x0 val=0xf
1778318174.135000 W  i2c=0x30 reg=0x0 len=1 data=0f
1778318174.136000 R  i2c=0x30 reg=0x11 len=1
1778318174.140000 R= ret=0 data=00
1778318174.140000 W1 i2c=0x30 reg=0x0 val=0x9
1778318174.140000 W  i2c=0x30 reg=0x0 len=1 data=09
1778318174.141000 R  i2c=0x30 reg=0x62 len=1
1778318174.144000 R= ret=0 data=51
1778318174.144000 W1 i2c=0x30 reg=0x0 val=0xd
1778318174.144000 W  i2c=0x30 reg=0x0 len=1 data=0d
1778318174.145000 R  i2c=0x30 reg=0x86 len=1
1778318174.149000 R= ret=0 data=00
1778318174.149000 W1 i2c=0x30 reg=0x0 val=0xd
1778318174.149000 W  i2c=0x30 reg=0x0 len=1 data=0d
1778318174.150000 R  i2c=0x30 reg=0x86 len=1
1778318174.153000 R= ret=0 data=00
1778318174.153000 W1 i2c=0x30 reg=0x0 val=0xd
1778318174.153000 W  i2c=0x30 reg=0x0 len=1 data=0d
1778318174.154000 R  i2c=0x30 reg=0x86 len=1
1778318174.157000 R= ret=0 data=00
1778318174.158000 W1 i2c=0xdc reg=0x8 val=0x1
1778318174.158000 W  i2c=0xdc reg=0x8 len=1 data=01
1778318174.159000 W  i2c=0xc0 reg=0x87 len=2 data=c4 41
1778318174.160000 W  i2c=0xc0 reg=0x59 len=2 data=05 01
1778318174.161000 R  i2c=0xc0 reg=0x5b len=1
1778318174.164000 R= ret=0 data=32
1778318174.164000 W  i2c=0xc0 reg=0x59 len=2 data=03 01
1778318174.165000 R  i2c=0xc0 reg=0x5b len=1
1778318174.169000 R= ret=0 data=08
1778318174.169000 W1 i2c=0xc0 reg=0x59 val=0x4
1778318174.169000 W  i2c=0xc0 reg=0x59 len=1 data=04
1778318174.170000 W1 i2c=0xc0 reg=0x88 val=0x0
1778318174.170000 W  i2c=0xc0 reg=0x88 len=1 data=00
1778318174.170000 W1 i2c=0xc0 reg=0x87 val=0xc0
1778318174.170000 W  i2c=0xc0 reg=0x87 len=1 data=c0
1778318174.171000 R  i2c=0xc0 reg=0x69 len=1
1778318174.175000 R= ret=0 data=88
1778318174.175000 W1 i2c=0xdc reg=0x8 val=0x0
1778318174.175000 W  i2c=0xdc reg=0x8 len=1 data=00
1778318174.977000 W1 i2c=0x30 reg=0x0 val=0xf
1778318174.977000 W  i2c=0x30 reg=0x0 len=1 data=0f
1778318174.979000 R  i2c=0x30 reg=0x11 len=1
1778318174.982000 R= ret=0 data=00
1778318174.982000 W1 i2c=0x30 reg=0x0 val=0x9
1778318174.982000 W  i2c=0x30 reg=0x0 len=1 data=09
1778318174.983000 R  i2c=0x30 reg=0x62 len=1
1778318174.987000 R= ret=0 data=51
1778318174.987000 W1 i2c=0x30 reg=0x0 val=0xd
1778318174.987000 W  i2c=0x30 reg=0x0 len=1 data=0d
1778318174.988000 R  i2c=0x30 reg=0x86 len=1
1778318174.992000 R= ret=0 data=00
1778318174.992000 W1 i2c=0x30 reg=0x0 val=0xd
1778318174.992000 W  i2c=0x30 reg=0x0 len=1 data=0d
1778318174.993000 R  i2c=0x30 reg=0x86 len=1
1778318174.996000 R= ret=0 data=00
1778318174.996000 W1 i2c=0x30 reg=0x0 val=0xd
1778318174.996000 W  i2c=0x30 reg=0x0 len=1 data=0d
1778318174.997000 R  i2c=0x30 reg=0x86 len=1
1778318175.001000 R= ret=0 data=00
1778318175.001000 W1 i2c=0xdc reg=0x8 val=0x1
1778318175.001000 W  i2c=0xdc reg=0x8 len=1 data=01
1778318175.002000 W  i2c=0xc0 reg=0x87 len=2 data=c4 41
1778318175.003000 W  i2c=0xc0 reg=0x59 len=2 data=05 01
1778318175.004000 R  i2c=0xc0 reg=0x5b len=1
1778318175.008000 R= ret=0 data=32
1778318175.008000 W  i2c=0xc0 reg=0x59 len=2 data=03 01
1778318175.009000 R  i2c=0xc0 reg=0x5b len=1
1778318175.013000 R= ret=0 data=08
1778318175.013000 W1 i2c=0xc0 reg=0x59 val=0x4
1778318175.013000 W  i2c=0xc0 reg=0x59 len=1 data=04
1778318175.014000 W1 i2c=0xc0 reg=0x88 val=0x0
1778318175.014000 W  i2c=0xc0 reg=0x88 len=1 data=00
1778318175.015000 W1 i2c=0xc0 reg=0x87 val=0xc0
1778318175.015000 W  i2c=0xc0 reg=0x87 len=1 data=c0
1778318175.016000 R  i2c=0xc0 reg=0x69 len=1
1778318175.019000 R= ret=0 data=88
1778318175.019000 W1 i2c=0xdc reg=0x8 val=0x0
1778318175.019000 W  i2c=0xdc reg=0x8 len=1 data=00
1778318175.822000 W1 i2c=0x30 reg=0x0 val=0xf
1778318175.822000 W  i2c=0x30 reg=0x0 len=1 data=0f
1778318175.823000 R  i2c=0x30 reg=0x11 len=1
1778318175.827000 R= ret=0 data=00
1778318175.827000 W1 i2c=0x30 reg=0x0 val=0x9
1778318175.827000 W  i2c=0x30 reg=0x0 len=1 data=09
1778318175.828000 R  i2c=0x30 reg=0x62 len=1
1778318175.831000 R= ret=0 data=51
1778318175.831000 W1 i2c=0x30 reg=0x0 val=0xd
1778318175.831000 W  i2c=0x30 reg=0x0 len=1 data=0d
1778318175.832000 R  i2c=0x30 reg=0x86 len=1
1778318175.835000 R= ret=0 data=00
1778318175.835000 W1 i2c=0x30 reg=0x0 val=0xd
1778318175.835000 W  i2c=0x30 reg=0x0 len=1 data=0d
1778318175.836000 R  i2c=0x30 reg=0x86 len=1
1778318175.840000 R= ret=0 data=00
1778318175.840000 W1 i2c=0x30 reg=0x0 val=0xd
1778318175.840000 W  i2c=0x30 reg=0x0 len=1 data=0d
1778318175.840000 R  i2c=0x30 reg=0x86 len=1
1778318175.844000 R= ret=0 data=00
1778318175.844000 W1 i2c=0xdc reg=0x8 val=0x1
1778318175.844000 W  i2c=0xdc reg=0x8 len=1 data=01
1778318175.845000 W  i2c=0xc0 reg=0x87 len=2 data=c4 41
1778318175.845000 W  i2c=0xc0 reg=0x59 len=2 data=05 01
1778318175.846000 R  i2c=0xc0 reg=0x5b len=1
1778318175.849000 R= ret=0 data=32
1778318175.849000 W  i2c=0xc0 reg=0x59 len=2 data=03 01
1778318175.850000 R  i2c=0xc0 reg=0x5b len=1
1778318175.853000 R= ret=0 data=08
1778318175.854000 W1 i2c=0xc0 reg=0x59 val=0x4
1778318175.854000 W  i2c=0xc0 reg=0x59 len=1 data=04
1778318175.855000 W1 i2c=0xc0 reg=0x88 val=0x0
1778318175.855000 W  i2c=0xc0 reg=0x88 len=1 data=00
1778318175.856000 W1 i2c=0xc0 reg=0x87 val=0xc0
1778318175.856000 W  i2c=0xc0 reg=0x87 len=1 data=c0
1778318175.857000 R  i2c=0xc0 reg=0x69 len=1
1778318175.860000 R= ret=0 data=88
1778318175.860000 W1 i2c=0xdc reg=0x8 val=0x0
1778318175.860000 W  i2c=0xdc reg=0x8 len=1 data=00
1778318176.665000 W1 i2c=0x30 reg=0x0 val=0xf
1778318176.665000 W  i2c=0x30 reg=0x0 len=1 data=0f
1778318176.666000 R  i2c=0x30 reg=0x11 len=1
1778318176.670000 R= ret=0 data=00
1778318176.670000 W1 i2c=0x30 reg=0x0 val=0x9
1778318176.670000 W  i2c=0x30 reg=0x0 len=1 data=09
1778318176.671000 R  i2c=0x30 reg=0x62 len=1
1778318176.674000 R= ret=0 data=51
1778318176.674000 W1 i2c=0x30 reg=0x0 val=0xd
1778318176.674000 W  i2c=0x30 reg=0x0 len=1 data=0d
1778318176.675000 R  i2c=0x30 reg=0x86 len=1
1778318176.679000 R= ret=0 data=00
1778318176.679000 W1 i2c=0x30 reg=0x0 val=0xd
1778318176.679000 W  i2c=0x30 reg=0x0 len=1 data=0d
1778318176.680000 R  i2c=0x30 reg=0x86 len=1
1778318176.683000 R= ret=0 data=00
1778318176.683000 W1 i2c=0x30 reg=0x0 val=0xd
1778318176.683000 W  i2c=0x30 reg=0x0 len=1 data=0d
1778318176.684000 R  i2c=0x30 reg=0x86 len=1
1778318176.687000 R= ret=0 data=00
1778318176.687000 W1 i2c=0xdc reg=0x8 val=0x1
1778318176.687000 W  i2c=0xdc reg=0x8 len=1 data=01
1778318176.688000 W  i2c=0xc0 reg=0x87 len=2 data=c4 41
1778318176.689000 W  i2c=0xc0 reg=0x59 len=2 data=05 01
1778318176.690000 R  i2c=0xc0 reg=0x5b len=1
1778318176.694000 R= ret=0 data=32
1778318176.694000 W  i2c=0xc0 reg=0x59 len=2 data=03 01
1778318176.694000 R  i2c=0xc0 reg=0x5b len=1
1778318176.698000 R= ret=0 data=08
1778318176.698000 W1 i2c=0xc0 reg=0x59 val=0x4
1778318176.698000 W  i2c=0xc0 reg=0x59 len=1 data=04
1778318176.699000 W1 i2c=0xc0 reg=0x88 val=0x0
1778318176.699000 W  i2c=0xc0 reg=0x88 len=1 data=00
1778318176.700000 W1 i2c=0xc0 reg=0x87 val=0xc0
1778318176.700000 W  i2c=0xc0 reg=0x87 len=1 data=c0
1778318176.700000 R  i2c=0xc0 reg=0x69 len=1
1778318176.704000 R= ret=0 data=88
1778318176.704000 W1 i2c=0xdc reg=0x8 val=0x0
1778318176.704000 W  i2c=0xdc reg=0x8 len=1 data=00
1778318177.506000 W1 i2c=0x30 reg=0x0 val=0xf
1778318177.506000 W  i2c=0x30 reg=0x0 len=1 data=0f
1778318177.507000 R  i2c=0x30 reg=0x11 len=1
1778318177.511000 R= ret=0 data=00
1778318177.511000 W1 i2c=0x30 reg=0x0 val=0x9
1778318177.511000 W  i2c=0x30 reg=0x0 len=1 data=09
1778318177.512000 R  i2c=0x30 reg=0x62 len=1
1778318177.515000 R= ret=0 data=51
1778318177.515000 W1 i2c=0x30 reg=0x0 val=0xd
1778318177.515000 W  i2c=0x30 reg=0x0 len=1 data=0d
1778318177.516000 R  i2c=0x30 reg=0x86 len=1
1778318177.519000 R= ret=0 data=00
1778318177.520000 W1 i2c=0x30 reg=0x0 val=0xd
1778318177.520000 W  i2c=0x30 reg=0x0 len=1 data=0d
1778318177.520000 R  i2c=0x30 reg=0x86 len=1
1778318177.524000 R= ret=0 data=00
1778318177.524000 W1 i2c=0x30 reg=0x0 val=0xd
1778318177.524000 W  i2c=0x30 reg=0x0 len=1 data=0d
1778318177.525000 R  i2c=0x30 reg=0x86 len=1
1778318177.529000 R= ret=0 data=00
1778318177.529000 W1 i2c=0xdc reg=0x8 val=0x1
1778318177.529000 W  i2c=0xdc reg=0x8 len=1 data=01
1778318177.530000 W  i2c=0xc0 reg=0x87 len=2 data=c4 41
1778318177.531000 W  i2c=0xc0 reg=0x59 len=2 data=05 01
1778318177.531000 R  i2c=0xc0 reg=0x5b len=1
1778318177.535000 R= ret=0 data=32
1778318177.535000 W  i2c=0xc0 reg=0x59 len=2 data=03 01
1778318177.535000 nativeTune -> 491000
1778318177.535000 DRV_acquire: oldStd=0x5 freq=491000 -> ATSC 1.0
1778318177.535000 >>> sony_cxd6801_integ_atsc_Tune
1778318177.535000 >>> sony_cxd6801_demod_atsc_Tune
1778318177.535000 >>> sony_cxd6801_demod_SetStreamOutput
1778318177.535000 W1 i2c=0xd8 reg=0x0 val=0x0
1778318177.535000 W  i2c=0xd8 reg=0x0 len=1 data=00
1778318177.536000 R  i2c=0xc0 reg=0x5b len=1
1778318177.540000 R= ret=0 data=08
1778318177.540000 W1 i2c=0xc0 reg=0x59 val=0x4
1778318177.540000 W  i2c=0xc0 reg=0x59 len=1 data=04
1778318177.541000 R  i2c=0xd8 reg=0xa9 len=1
1778318177.541000 W1 i2c=0xc0 reg=0x88 val=0x0
1778318177.541000 W  i2c=0xc0 reg=0x88 len=1 data=00
1778318177.545000 R= ret=0 data=00
1778318177.545000 W1 i2c=0xd8 reg=0x0 val=0x0
1778318177.545000 W  i2c=0xd8 reg=0x0 len=1 data=00
1778318177.546000 W1 i2c=0xc0 reg=0x87 val=0xc0
1778318177.546000 W  i2c=0xc0 reg=0x87 len=1 data=c0
1778318177.546000 W1 i2c=0xd8 reg=0xc3 val=0x1
1778318177.546000 W  i2c=0xd8 reg=0xc3 len=1 data=01
1778318177.547000 R  i2c=0xc0 reg=0x69 len=1
1778318177.548000 <<< sony_cxd6801_demod_SetStreamOutput ret=0
1778318177.548000 <<< sony_cxd6801_demod_atsc_Tune ret=0
1778318177.548000 W1 i2c=0xdc reg=0x8 val=0x1
1778318177.548000 W  i2c=0xdc reg=0x8 len=1 data=01
1778318177.551000 R= ret=0 data=88
1778318177.551000 W1 i2c=0xdc reg=0x8 val=0x0
1778318177.551000 W  i2c=0xdc reg=0x8 len=1 data=00
1778318177.552000 B  i2c=0xc0 reg=0x74 val=0x2 mask=0x3
1778318177.552000 R  i2c=0xc0 reg=0x74 len=1
1778318177.555000 R= ret=2 data=00
1778318177.555000 <<< sony_cxd6801_integ_atsc_Tune ret=2
1778318177.565000 >>> sony_cxd6801_integ_atsc_Tune
1778318177.565000 >>> sony_cxd6801_demod_atsc_Tune
1778318177.565000 >>> sony_cxd6801_demod_SetStreamOutput
1778318177.565000 W1 i2c=0xd8 reg=0x0 val=0x0
1778318177.565000 W  i2c=0xd8 reg=0x0 len=1 data=00
1778318177.566000 R  i2c=0xd8 reg=0xa9 len=1
1778318177.570000 R= ret=0 data=00
1778318177.570000 W1 i2c=0xd8 reg=0x0 val=0x0
1778318177.570000 W  i2c=0xd8 reg=0x0 len=1 data=00
1778318177.571000 W1 i2c=0xd8 reg=0xc3 val=0x1
1778318177.571000 W  i2c=0xd8 reg=0xc3 len=1 data=01
1778318177.572000 <<< sony_cxd6801_demod_SetStreamOutput ret=0
1778318177.572000 <<< sony_cxd6801_demod_atsc_Tune ret=0
1778318177.572000 W1 i2c=0xdc reg=0x8 val=0x1
1778318177.572000 W  i2c=0xdc reg=0x8 len=1 data=01
1778318177.573000 B  i2c=0xc0 reg=0x74 val=0x2 mask=0x3
1778318177.573000 R  i2c=0xc0 reg=0x74 len=1
1778318177.576000 R= ret=0 data=11
1778318177.576000 W1 i2c=0xc0 reg=0x74 val=0x12
1778318177.576000 W  i2c=0xc0 reg=0x74 len=1 data=12
1778318177.577000 W  i2c=0xc0 reg=0x87 len=2 data=c4 40
1778318177.578000 W  i2c=0xc0 reg=0x91 len=2 data=10 20
1778318177.579000 W  i2c=0xc0 reg=0x9c len=2 data=00 00
1778318177.580000 W  i2c=0xc0 reg=0x5e len=9 data=ee 02 1e 67 03 b4 78 08
1778318177.581000 B  i2c=0xc0 reg=0x67 val=0x0 mask=0x6
1778318177.581000 R  i2c=0xc0 reg=0x67 len=1
1778318177.584000 R= ret=0 data=00
1778318177.584000 W1 i2c=0xc0 reg=0x67 val=0x0
1778318177.584000 W  i2c=0xc0 reg=0x67 len=1 data=00
1778318177.585000 W  i2c=0xc0 reg=0x68 len=17 data=00 88 00 0b 23 00 1a 1d
1778318177.637000 W1 i2c=0xc0 reg=0x88 val=0x0
1778318177.637000 W  i2c=0xc0 reg=0x88 len=1 data=00
1778318177.638000 W1 i2c=0xc0 reg=0x87 val=0xc0
1778318177.638000 W  i2c=0xc0 reg=0x87 len=1 data=c0
1778318177.639000 W1 i2c=0xdc reg=0x8 val=0x0
1778318177.639000 W  i2c=0xdc reg=0x8 len=1 data=00
1778318177.640000 W1 i2c=0x98 reg=0x0 val=0x1
1778318177.640000 W  i2c=0x98 reg=0x0 len=1 data=01
1778318177.641000 W1 i2c=0x98 reg=0x48 val=0x1
1778318177.641000 W  i2c=0x98 reg=0x48 len=1 data=01
1778318177.642000 W  i2c=0x98 reg=0xa len=6 data=b3 10 00 00 00 00
1778318177.643000 R  i2c=0x98 reg=0xa len=6
1778318177.647000 R= ret=0 data=30 00 00 00 00 b3
1778318177.647000 >>> sony_cxd6801_demod_SetStreamOutput
1778318177.647000 W1 i2c=0xd8 reg=0x0 val=0x0
1778318177.647000 W  i2c=0xd8 reg=0x0 len=1 data=00
1778318177.648000 R  i2c=0xd8 reg=0xa9 len=1
1778318177.651000 R= ret=0 data=00
1778318177.651000 W1 i2c=0xd8 reg=0x0 val=0x0
1778318177.651000 W  i2c=0xd8 reg=0x0 len=1 data=00
1778318177.652000 W1 i2c=0xd8 reg=0xc3 val=0x0
1778318177.652000 W  i2c=0xd8 reg=0xc3 len=1 data=00
1778318177.653000 <<< sony_cxd6801_demod_SetStreamOutput ret=0
1778318177.653000 W1 i2c=0x30 reg=0x0 val=0xf
1778318177.653000 W  i2c=0x30 reg=0x0 len=1 data=0f
1778318177.654000 R  i2c=0x30 reg=0x11 len=1
1778318177.658000 R= ret=0 data=00
1778318177.658000 W1 i2c=0x30 reg=0x0 val=0x9
1778318177.658000 W  i2c=0x30 reg=0x0 len=1 data=09
1778318177.659000 R  i2c=0x30 reg=0x62 len=1
1778318177.662000 R= ret=0 data=51
1778318177.662000 W1 i2c=0x30 reg=0x0 val=0xd
1778318177.662000 W  i2c=0x30 reg=0x0 len=1 data=0d
1778318177.663000 R  i2c=0x30 reg=0x86 len=1
1778318177.667000 R= ret=0 data=00
1778318177.678000 W1 i2c=0x30 reg=0x0 val=0xf
1778318177.678000 W  i2c=0x30 reg=0x0 len=1 data=0f
1778318177.679000 R  i2c=0x30 reg=0x11 len=1
1778318177.682000 R= ret=0 data=00
1778318177.682000 W1 i2c=0x30 reg=0x0 val=0x9
1778318177.682000 W  i2c=0x30 reg=0x0 len=1 data=09
1778318177.683000 R  i2c=0x30 reg=0x62 len=1
1778318177.687000 R= ret=0 data=51
1778318177.687000 W1 i2c=0x30 reg=0x0 val=0xd
1778318177.687000 W  i2c=0x30 reg=0x0 len=1 data=0d
1778318177.688000 R  i2c=0x30 reg=0x86 len=1
1778318177.691000 R= ret=0 data=00
1778318177.703000 W1 i2c=0x30 reg=0x0 val=0xf
1778318177.703000 W  i2c=0x30 reg=0x0 len=1 data=0f
1778318177.704000 R  i2c=0x30 reg=0x11 len=1
1778318177.708000 R= ret=0 data=00
1778318177.708000 W1 i2c=0x30 reg=0x0 val=0x9
1778318177.708000 W  i2c=0x30 reg=0x0 len=1 data=09
1778318177.709000 R  i2c=0x30 reg=0x62 len=1
1778318177.712000 R= ret=0 data=51
1778318177.712000 W1 i2c=0x30 reg=0x0 val=0xd
1778318177.712000 W  i2c=0x30 reg=0x0 len=1 data=0d
1778318177.713000 R  i2c=0x30 reg=0x86 len=1
1778318177.717000 R= ret=0 data=00
1778318177.727000 W1 i2c=0x30 reg=0x0 val=0xf
1778318177.727000 W  i2c=0x30 reg=0x0 len=1 data=0f
1778318177.728000 R  i2c=0x30 reg=0x11 len=1
1778318177.731000 R= ret=0 data=00
1778318177.731000 W1 i2c=0x30 reg=0x0 val=0x9
1778318177.731000 W  i2c=0x30 reg=0x0 len=1 data=09
1778318177.732000 R  i2c=0x30 reg=0x62 len=1
1778318177.736000 R= ret=0 data=51
1778318177.736000 W1 i2c=0x30 reg=0x0 val=0xd
1778318177.736000 W  i2c=0x30 reg=0x0 len=1 data=0d
1778318177.736000 R  i2c=0x30 reg=0x86 len=1
1778318177.740000 R= ret=0 data=00
1778318177.750000 W1 i2c=0x30 reg=0x0 val=0xf
1778318177.750000 W  i2c=0x30 reg=0x0 len=1 data=0f
1778318177.751000 R  i2c=0x30 reg=0x11 len=1
1778318177.754000 R= ret=0 data=00
1778318177.754000 W1 i2c=0x30 reg=0x0 val=0x9
1778318177.754000 W  i2c=0x30 reg=0x0 len=1 data=09
1778318177.756000 R  i2c=0x30 reg=0x62 len=1
1778318177.759000 R= ret=0 data=51
1778318177.759000 W1 i2c=0x30 reg=0x0 val=0xd
1778318177.759000 W  i2c=0x30 reg=0x0 len=1 data=0d
1778318177.760000 R  i2c=0x30 reg=0x86 len=1
1778318177.763000 R= ret=0 data=00
1778318177.773000 W1 i2c=0x30 reg=0x0 val=0xf
1778318177.773000 W  i2c=0x30 reg=0x0 len=1 data=0f
1778318177.774000 R  i2c=0x30 reg=0x11 len=1
1778318177.778000 R= ret=0 data=00
1778318177.778000 W1 i2c=0x30 reg=0x0 val=0x9
1778318177.778000 W  i2c=0x30 reg=0x0 len=1 data=09
1778318177.779000 R  i2c=0x30 reg=0x62 len=1
1778318177.782000 R= ret=0 data=51
1778318177.782000 W1 i2c=0x30 reg=0x0 val=0xd
1778318177.782000 W  i2c=0x30 reg=0x0 len=1 data=0d
1778318177.783000 R  i2c=0x30 reg=0x86 len=1
1778318177.786000 R= ret=0 data=00
1778318177.797000 W1 i2c=0x30 reg=0x0 val=0xf
1778318177.797000 W  i2c=0x30 reg=0x0 len=1 data=0f
1778318177.798000 R  i2c=0x30 reg=0x11 len=1
1778318177.801000 R= ret=0 data=00
1778318177.801000 W1 i2c=0x30 reg=0x0 val=0x9
1778318177.801000 W  i2c=0x30 reg=0x0 len=1 data=09
1778318177.802000 R  i2c=0x30 reg=0x62 len=1
1778318177.806000 R= ret=0 data=51
1778318177.806000 W1 i2c=0x30 reg=0x0 val=0xd
1778318177.806000 W  i2c=0x30 reg=0x0 len=1 data=0d
1778318177.807000 R  i2c=0x30 reg=0x86 len=1
1778318177.810000 R= ret=0 data=00
1778318177.821000 W1 i2c=0x30 reg=0x0 val=0xf
1778318177.821000 W  i2c=0x30 reg=0x0 len=1 data=0f
1778318177.822000 R  i2c=0x30 reg=0x11 len=1
1778318177.826000 R= ret=0 data=00
1778318177.826000 W1 i2c=0x30 reg=0x0 val=0x9
1778318177.826000 W  i2c=0x30 reg=0x0 len=1 data=09
1778318177.827000 R  i2c=0x30 reg=0x62 len=1
1778318177.830000 R= ret=0 data=51
1778318177.830000 W1 i2c=0x30 reg=0x0 val=0xd
1778318177.830000 W  i2c=0x30 reg=0x0 len=1 data=0d
1778318177.831000 R  i2c=0x30 reg=0x86 len=1
1778318177.835000 R= ret=0 data=00
1778318177.846000 W1 i2c=0x30 reg=0x0 val=0xf
1778318177.846000 W  i2c=0x30 reg=0x0 len=1 data=0f
1778318177.847000 R  i2c=0x30 reg=0x11 len=1
1778318177.851000 R= ret=0 data=00
1778318177.851000 W1 i2c=0x30 reg=0x0 val=0x9
1778318177.851000 W  i2c=0x30 reg=0x0 len=1 data=09
1778318177.852000 R  i2c=0x30 reg=0x62 len=1
1778318177.856000 R= ret=0 data=51
1778318177.856000 W1 i2c=0x30 reg=0x0 val=0xd
1778318177.856000 W  i2c=0x30 reg=0x0 len=1 data=0d
1778318177.857000 R  i2c=0x30 reg=0x86 len=1
1778318177.860000 R= ret=0 data=00
1778318177.870000 W1 i2c=0x30 reg=0x0 val=0xf
1778318177.870000 W  i2c=0x30 reg=0x0 len=1 data=0f
1778318177.871000 R  i2c=0x30 reg=0x11 len=1
1778318177.875000 R= ret=0 data=00
1778318177.875000 W1 i2c=0x30 reg=0x0 val=0x9
1778318177.875000 W  i2c=0x30 reg=0x0 len=1 data=09
1778318177.876000 R  i2c=0x30 reg=0x62 len=1
1778318177.879000 R= ret=0 data=51
1778318177.879000 W1 i2c=0x30 reg=0x0 val=0xd
1778318177.879000 W  i2c=0x30 reg=0x0 len=1 data=0d
1778318177.880000 R  i2c=0x30 reg=0x86 len=1
1778318177.884000 R= ret=0 data=00
1778318177.894000 W1 i2c=0x30 reg=0x0 val=0xf
1778318177.894000 W  i2c=0x30 reg=0x0 len=1 data=0f
1778318177.895000 R  i2c=0x30 reg=0x11 len=1
1778318177.899000 R= ret=0 data=00
1778318177.899000 W1 i2c=0x30 reg=0x0 val=0x9
1778318177.899000 W  i2c=0x30 reg=0x0 len=1 data=09
1778318177.900000 R  i2c=0x30 reg=0x62 len=1
1778318177.903000 R= ret=0 data=51
1778318177.903000 W1 i2c=0x30 reg=0x0 val=0xd
1778318177.903000 W  i2c=0x30 reg=0x0 len=1 data=0d
1778318177.904000 R  i2c=0x30 reg=0x86 len=1
1778318177.908000 R= ret=0 data=00
1778318177.918000 W1 i2c=0x30 reg=0x0 val=0xf
1778318177.918000 W  i2c=0x30 reg=0x0 len=1 data=0f
1778318177.919000 R  i2c=0x30 reg=0x11 len=1
1778318177.923000 R= ret=0 data=00
1778318177.923000 W1 i2c=0x30 reg=0x0 val=0x9
1778318177.923000 W  i2c=0x30 reg=0x0 len=1 data=09
1778318177.924000 R  i2c=0x30 reg=0x62 len=1
1778318177.927000 R= ret=0 data=51
1778318177.927000 W1 i2c=0x30 reg=0x0 val=0xd
1778318177.927000 W  i2c=0x30 reg=0x0 len=1 data=0d
1778318177.928000 R  i2c=0x30 reg=0x86 len=1
1778318177.932000 R= ret=0 data=00
1778318177.943000 W1 i2c=0x30 reg=0x0 val=0xf
1778318177.943000 W  i2c=0x30 reg=0x0 len=1 data=0f
1778318177.944000 R  i2c=0x30 reg=0x11 len=1
1778318177.947000 R= ret=0 data=00
1778318177.947000 W1 i2c=0x30 reg=0x0 val=0x9
1778318177.947000 W  i2c=0x30 reg=0x0 len=1 data=09
1778318177.948000 R  i2c=0x30 reg=0x62 len=1
1778318177.951000 R= ret=0 data=51
1778318177.951000 W1 i2c=0x30 reg=0x0 val=0xd
1778318177.951000 W  i2c=0x30 reg=0x0 len=1 data=0d
1778318177.952000 R  i2c=0x30 reg=0x86 len=1
1778318177.956000 R= ret=0 data=00
1778318177.966000 W1 i2c=0x30 reg=0x0 val=0xf
1778318177.966000 W  i2c=0x30 reg=0x0 len=1 data=0f
1778318177.966000 R  i2c=0x30 reg=0x11 len=1
1778318177.970000 R= ret=0 data=00
1778318177.970000 W1 i2c=0x30 reg=0x0 val=0x9
1778318177.970000 W  i2c=0x30 reg=0x0 len=1 data=09
1778318177.971000 R  i2c=0x30 reg=0x62 len=1
1778318177.974000 R= ret=0 data=51
1778318177.974000 W1 i2c=0x30 reg=0x0 val=0xd
1778318177.974000 W  i2c=0x30 reg=0x0 len=1 data=0d
1778318177.975000 R  i2c=0x30 reg=0x86 len=1
1778318177.978000 R= ret=0 data=00
1778318177.989000 W1 i2c=0x30 reg=0x0 val=0xf
1778318177.989000 W  i2c=0x30 reg=0x0 len=1 data=0f
1778318177.990000 R  i2c=0x30 reg=0x11 len=1
1778318177.993000 R= ret=0 data=00
1778318177.993000 W1 i2c=0x30 reg=0x0 val=0x9
1778318177.993000 W  i2c=0x30 reg=0x0 len=1 data=09
1778318177.994000 R  i2c=0x30 reg=0x62 len=1
1778318177.998000 R= ret=0 data=51
1778318177.998000 W1 i2c=0x30 reg=0x0 val=0xd
1778318177.998000 W  i2c=0x30 reg=0x0 len=1 data=0d
1778318177.999000 R  i2c=0x30 reg=0x86 len=1
1778318178.003000 R= ret=0 data=00
1778318178.013000 W1 i2c=0x30 reg=0x0 val=0xf
1778318178.013000 W  i2c=0x30 reg=0x0 len=1 data=0f
1778318178.014000 R  i2c=0x30 reg=0x11 len=1
1778318178.017000 R= ret=0 data=00
1778318178.017000 W1 i2c=0x30 reg=0x0 val=0x9
1778318178.017000 W  i2c=0x30 reg=0x0 len=1 data=09
1778318178.018000 R  i2c=0x30 reg=0x62 len=1
1778318178.022000 R= ret=0 data=51
1778318178.022000 W1 i2c=0x30 reg=0x0 val=0xd
1778318178.022000 W  i2c=0x30 reg=0x0 len=1 data=0d
1778318178.023000 R  i2c=0x30 reg=0x86 len=1
1778318178.026000 R= ret=0 data=00
1778318178.037000 W1 i2c=0x30 reg=0x0 val=0xf
1778318178.037000 W  i2c=0x30 reg=0x0 len=1 data=0f
1778318178.038000 R  i2c=0x30 reg=0x11 len=1
1778318178.042000 R= ret=0 data=00
1778318178.042000 W1 i2c=0x30 reg=0x0 val=0x9
1778318178.042000 W  i2c=0x30 reg=0x0 len=1 data=09
1778318178.043000 R  i2c=0x30 reg=0x62 len=1
1778318178.046000 R= ret=0 data=51
1778318178.046000 W1 i2c=0x30 reg=0x0 val=0xd
1778318178.046000 W  i2c=0x30 reg=0x0 len=1 data=0d
1778318178.047000 R  i2c=0x30 reg=0x86 len=1
1778318178.051000 R= ret=0 data=00
1778318178.061000 W1 i2c=0x30 reg=0x0 val=0xf
1778318178.061000 W  i2c=0x30 reg=0x0 len=1 data=0f
1778318178.063000 R  i2c=0x30 reg=0x11 len=1
1778318178.066000 R= ret=0 data=00
1778318178.066000 W1 i2c=0x30 reg=0x0 val=0x9
1778318178.066000 W  i2c=0x30 reg=0x0 len=1 data=09
1778318178.067000 R  i2c=0x30 reg=0x62 len=1
1778318178.070000 R= ret=0 data=51
1778318178.070000 W1 i2c=0x30 reg=0x0 val=0xd
1778318178.070000 W  i2c=0x30 reg=0x0 len=1 data=0d
1778318178.071000 R  i2c=0x30 reg=0x86 len=1
1778318178.074000 R= ret=0 data=00
1778318178.085000 W1 i2c=0x30 reg=0x0 val=0xf
1778318178.085000 W  i2c=0x30 reg=0x0 len=1 data=0f
1778318178.086000 R  i2c=0x30 reg=0x11 len=1
1778318178.089000 R= ret=0 data=00
1778318178.089000 W1 i2c=0x30 reg=0x0 val=0x9
1778318178.089000 W  i2c=0x30 reg=0x0 len=1 data=09
1778318178.090000 R  i2c=0x30 reg=0x62 len=1
1778318178.094000 R= ret=0 data=51
1778318178.094000 W1 i2c=0x30 reg=0x0 val=0xd
1778318178.094000 W  i2c=0x30 reg=0x0 len=1 data=0d
1778318178.095000 R  i2c=0x30 reg=0x86 len=1
1778318178.098000 R= ret=0 data=00
1778318178.108000 W1 i2c=0x30 reg=0x0 val=0xf
1778318178.109000 W  i2c=0x30 reg=0x0 len=1 data=0f
1778318178.110000 R  i2c=0x30 reg=0x11 len=1
1778318178.113000 R= ret=0 data=00
1778318178.113000 W1 i2c=0x30 reg=0x0 val=0x9
1778318178.113000 W  i2c=0x30 reg=0x0 len=1 data=09
1778318178.114000 R  i2c=0x30 reg=0x62 len=1
1778318178.118000 R= ret=0 data=51
1778318178.118000 W1 i2c=0x30 reg=0x0 val=0xd
1778318178.118000 W  i2c=0x30 reg=0x0 len=1 data=0d
1778318178.118000 R  i2c=0x30 reg=0x86 len=1
1778318178.122000 R= ret=0 data=00
1778318178.132000 W1 i2c=0x30 reg=0x0 val=0xf
1778318178.132000 W  i2c=0x30 reg=0x0 len=1 data=0f
1778318178.133000 R  i2c=0x30 reg=0x11 len=1
1778318178.137000 R= ret=0 data=00
1778318178.137000 W1 i2c=0x30 reg=0x0 val=0x9
1778318178.137000 W  i2c=0x30 reg=0x0 len=1 data=09
1778318178.138000 R  i2c=0x30 reg=0x62 len=1
1778318178.141000 R= ret=0 data=51
1778318178.141000 W1 i2c=0x30 reg=0x0 val=0xd
1778318178.141000 W  i2c=0x30 reg=0x0 len=1 data=0d
1778318178.142000 R  i2c=0x30 reg=0x86 len=1
1778318178.146000 R= ret=0 data=00
1778318178.157000 W1 i2c=0x30 reg=0x0 val=0xf
1778318178.158000 W  i2c=0x30 reg=0x0 len=1 data=0f
1778318178.159000 R  i2c=0x30 reg=0x11 len=1
1778318178.162000 R= ret=0 data=00
1778318178.162000 W1 i2c=0x30 reg=0x0 val=0x9
1778318178.162000 W  i2c=0x30 reg=0x0 len=1 data=09
1778318178.163000 R  i2c=0x30 reg=0x62 len=1
1778318178.166000 R= ret=0 data=51
1778318178.166000 W1 i2c=0x30 reg=0x0 val=0xd
1778318178.167000 W  i2c=0x30 reg=0x0 len=1 data=0d
1778318178.167000 R  i2c=0x30 reg=0x86 len=1
1778318178.171000 R= ret=0 data=00
1778318178.182000 W1 i2c=0x30 reg=0x0 val=0xf
1778318178.182000 W  i2c=0x30 reg=0x0 len=1 data=0f
1778318178.183000 R  i2c=0x30 reg=0x11 len=1
1778318178.186000 R= ret=0 data=00
1778318178.186000 W1 i2c=0x30 reg=0x0 val=0x9
1778318178.186000 W  i2c=0x30 reg=0x0 len=1 data=09
1778318178.187000 R  i2c=0x30 reg=0x62 len=1
1778318178.191000 R= ret=0 data=51
1778318178.191000 W1 i2c=0x30 reg=0x0 val=0xd
1778318178.191000 W  i2c=0x30 reg=0x0 len=1 data=0d
1778318178.192000 R  i2c=0x30 reg=0x86 len=1
1778318178.195000 R= ret=0 data=00
1778318178.206000 W1 i2c=0x30 reg=0x0 val=0xf
1778318178.206000 W  i2c=0x30 reg=0x0 len=1 data=0f
1778318178.207000 R  i2c=0x30 reg=0x11 len=1
1778318178.211000 R= ret=0 data=00
1778318178.211000 W1 i2c=0x30 reg=0x0 val=0x9
1778318178.211000 W  i2c=0x30 reg=0x0 len=1 data=09
1778318178.212000 R  i2c=0x30 reg=0x62 len=1
1778318178.215000 R= ret=0 data=51
1778318178.215000 W1 i2c=0x30 reg=0x0 val=0xd
1778318178.215000 W  i2c=0x30 reg=0x0 len=1 data=0d
1778318178.216000 R  i2c=0x30 reg=0x86 len=1
1778318178.220000 R= ret=0 data=00
1778318178.230000 W1 i2c=0x30 reg=0x0 val=0xf
1778318178.230000 W  i2c=0x30 reg=0x0 len=1 data=0f
1778318178.232000 R  i2c=0x30 reg=0x11 len=1
1778318178.235000 R= ret=0 data=00
1778318178.235000 W1 i2c=0x30 reg=0x0 val=0x9
1778318178.235000 W  i2c=0x30 reg=0x0 len=1 data=09
1778318178.236000 R  i2c=0x30 reg=0x62 len=1
1778318178.240000 R= ret=0 data=51
1778318178.240000 W1 i2c=0x30 reg=0x0 val=0xd
1778318178.240000 W  i2c=0x30 reg=0x0 len=1 data=0d
1778318178.241000 R  i2c=0x30 reg=0x86 len=1
1778318178.244000 R= ret=0 data=00
1778318178.254000 W1 i2c=0x30 reg=0x0 val=0xf
1778318178.255000 W  i2c=0x30 reg=0x0 len=1 data=0f
1778318178.255000 R  i2c=0x30 reg=0x11 len=1
1778318178.259000 R= ret=0 data=00
1778318178.259000 W1 i2c=0x30 reg=0x0 val=0x9
1778318178.259000 W  i2c=0x30 reg=0x0 len=1 data=09
1778318178.260000 R  i2c=0x30 reg=0x62 len=1
1778318178.263000 R= ret=0 data=51
1778318178.263000 W1 i2c=0x30 reg=0x0 val=0xd
1778318178.263000 W  i2c=0x30 reg=0x0 len=1 data=0d
1778318178.264000 R  i2c=0x30 reg=0x86 len=1
1778318178.268000 R= ret=0 data=00
1778318178.278000 W1 i2c=0x30 reg=0x0 val=0xf
1778318178.278000 W  i2c=0x30 reg=0x0 len=1 data=0f
1778318178.279000 R  i2c=0x30 reg=0x11 len=1
1778318178.282000 R= ret=0 data=00
1778318178.282000 W1 i2c=0x30 reg=0x0 val=0x9
1778318178.282000 W  i2c=0x30 reg=0x0 len=1 data=09
1778318178.283000 R  i2c=0x30 reg=0x62 len=1
1778318178.287000 R= ret=0 data=51
1778318178.287000 W1 i2c=0x30 reg=0x0 val=0xd
1778318178.287000 W  i2c=0x30 reg=0x0 len=1 data=0d
1778318178.288000 R  i2c=0x30 reg=0x86 len=1
1778318178.291000 R= ret=0 data=00
1778318178.303000 W1 i2c=0x30 reg=0x0 val=0xf
1778318178.303000 W  i2c=0x30 reg=0x0 len=1 data=0f
1778318178.304000 R  i2c=0x30 reg=0x11 len=1
1778318178.308000 R= ret=0 data=00
1778318178.308000 W1 i2c=0x30 reg=0x0 val=0x9
1778318178.308000 W  i2c=0x30 reg=0x0 len=1 data=09
1778318178.309000 R  i2c=0x30 reg=0x62 len=1
1778318178.313000 R= ret=0 data=51
1778318178.313000 W1 i2c=0x30 reg=0x0 val=0xd
1778318178.313000 W  i2c=0x30 reg=0x0 len=1 data=0d
1778318178.314000 R  i2c=0x30 reg=0x86 len=1
1778318178.317000 R= ret=0 data=00
1778318178.327000 W1 i2c=0x30 reg=0x0 val=0xf
1778318178.327000 W  i2c=0x30 reg=0x0 len=1 data=0f
1778318178.328000 R  i2c=0x30 reg=0x11 len=1
1778318178.332000 R= ret=0 data=00
1778318178.332000 W1 i2c=0x30 reg=0x0 val=0x9
1778318178.332000 W  i2c=0x30 reg=0x0 len=1 data=09
1778318178.333000 R  i2c=0x30 reg=0x62 len=1
1778318178.336000 R= ret=0 data=51
1778318178.336000 W1 i2c=0x30 reg=0x0 val=0xd
1778318178.336000 W  i2c=0x30 reg=0x0 len=1 data=0d
1778318178.338000 R  i2c=0x30 reg=0x86 len=1
1778318178.341000 R= ret=0 data=00
1778318178.352000 W1 i2c=0x30 reg=0x0 val=0xf
1778318178.352000 W  i2c=0x30 reg=0x0 len=1 data=0f
1778318178.353000 R  i2c=0x30 reg=0x11 len=1
1778318178.353000 W1 i2c=0x30 reg=0x0 val=0xf
1778318178.353000 W  i2c=0x30 reg=0x0 len=1 data=0f
1778318178.357000 R= ret=0 data=00
1778318178.357000 W1 i2c=0x30 reg=0x0 val=0x9
1778318178.357000 W  i2c=0x30 reg=0x0 len=1 data=09
1778318178.358000 R  i2c=0x30 reg=0x11 len=1
1778318178.359000 R  i2c=0x30 reg=0x62 len=1
1778318178.363000 R= ret=0 data=51
1778318178.363000 W1 i2c=0x30 reg=0x0 val=0xd
1778318178.363000 W  i2c=0x30 reg=0x0 len=1 data=0d
1778318178.366000 R= ret=0 data=10
1778318178.366000 W1 i2c=0x30 reg=0x0 val=0x9
1778318178.366000 W  i2c=0x30 reg=0x0 len=1 data=09
1778318178.367000 R  i2c=0x30 reg=0x86 len=1
1778318178.368000 R  i2c=0x30 reg=0x62 len=1
1778318178.372000 R= ret=0 data=51
1778318178.372000 W1 i2c=0x30 reg=0x0 val=0xd
1778318178.372000 W  i2c=0x30 reg=0x0 len=1 data=0d
1778318178.375000 R= ret=0 data=00
1778318178.376000 R  i2c=0x30 reg=0x86 len=1
1778318178.380000 R= ret=0 data=00
1778318178.380000 W1 i2c=0x30 reg=0x0 val=0xd
1778318178.380000 W  i2c=0x30 reg=0x0 len=1 data=0d
1778318178.380000 R  i2c=0x30 reg=0x86 len=1
1778318178.384000 R= ret=0 data=00
1778318178.384000 W1 i2c=0x30 reg=0x0 val=0xd
1778318178.384000 W  i2c=0x30 reg=0x0 len=1 data=0d
1778318178.385000 R  i2c=0x30 reg=0x86 len=1
1778318178.385000 W1 i2c=0x30 reg=0x0 val=0xf
1778318178.385000 W  i2c=0x30 reg=0x0 len=1 data=0f
1778318178.388000 R= ret=0 data=00
1778318178.388000 W1 i2c=0xdc reg=0x8 val=0x1
1778318178.388000 W  i2c=0xdc reg=0x8 len=1 data=01
1778318178.389000 R  i2c=0x30 reg=0x11 len=1
1778318178.390000 W  i2c=0xc0 reg=0x87 len=2 data=c4 41
1778318178.393000 R= ret=0 data=00
1778318178.393000 W1 i2c=0x30 reg=0x0 val=0x9
1778318178.393000 W  i2c=0x30 reg=0x0 len=1 data=09
1778318178.394000 W  i2c=0xc0 reg=0x59 len=2 data=05 01
1778318178.395000 R  i2c=0x30 reg=0x62 len=1
1778318178.396000 R  i2c=0xc0 reg=0x5b len=1
1778318178.399000 R= ret=0 data=51
1778318178.400000 W1 i2c=0x30 reg=0x0 val=0xd
1778318178.400000 W  i2c=0x30 reg=0x0 len=1 data=0d
1778318178.403000 R= ret=0 data=2d
1778318178.403000 W  i2c=0xc0 reg=0x59 len=2 data=03 01
1778318178.404000 R  i2c=0x30 reg=0x86 len=1
1778318178.405000 R  i2c=0xc0 reg=0x5b len=1
1778318178.408000 R= ret=0 data=00
1778318178.412000 R= ret=0 data=08
1778318178.412000 W1 i2c=0xc0 reg=0x59 val=0x4
1778318178.412000 W  i2c=0xc0 reg=0x59 len=1 data=04
1778318178.413000 W1 i2c=0xc0 reg=0x88 val=0x0
1778318178.413000 W  i2c=0xc0 reg=0x88 len=1 data=00
1778318178.414000 W1 i2c=0xc0 reg=0x87 val=0xc0
1778318178.414000 W  i2c=0xc0 reg=0x87 len=1 data=c0
1778318178.415000 R  i2c=0xc0 reg=0x69 len=1
1778318178.418000 R= ret=0 data=88
1778318178.418000 W1 i2c=0xdc reg=0x8 val=0x0
1778318178.418000 W  i2c=0xdc reg=0x8 len=1 data=00
1778318178.419000 W1 i2c=0x30 reg=0x0 val=0xf
1778318178.419000 W  i2c=0x30 reg=0x0 len=1 data=0f
1778318178.420000 R  i2c=0x30 reg=0x11 len=1
1778318178.424000 R= ret=0 data=00
1778318178.424000 W1 i2c=0x30 reg=0x0 val=0x9
1778318178.424000 W  i2c=0x30 reg=0x0 len=1 data=09
1778318178.425000 R  i2c=0x30 reg=0x62 len=1
1778318178.428000 R= ret=0 data=51
1778318178.428000 W1 i2c=0x30 reg=0x0 val=0xd
1778318178.428000 W  i2c=0x30 reg=0x0 len=1 data=0d
1778318178.429000 R  i2c=0x30 reg=0x86 len=1
1778318178.433000 R= ret=0 data=00
1778318178.443000 W1 i2c=0x30 reg=0x0 val=0xf
1778318178.443000 W  i2c=0x30 reg=0x0 len=1 data=0f
1778318178.444000 R  i2c=0x30 reg=0x11 len=1
1778318178.448000 R= ret=0 data=00
1778318178.448000 W1 i2c=0x30 reg=0x0 val=0x9
1778318178.448000 W  i2c=0x30 reg=0x0 len=1 data=09
1778318178.449000 R  i2c=0x30 reg=0x62 len=1
1778318178.452000 R= ret=0 data=51
1778318178.453000 W1 i2c=0x30 reg=0x0 val=0xd
1778318178.453000 W  i2c=0x30 reg=0x0 len=1 data=0d
1778318178.453000 R  i2c=0x30 reg=0x86 len=1
1778318178.457000 R= ret=0 data=00
1778318178.467000 W1 i2c=0x30 reg=0x0 val=0xf
1778318178.467000 W  i2c=0x30 reg=0x0 len=1 data=0f
1778318178.468000 R  i2c=0x30 reg=0x11 len=1
1778318178.472000 R= ret=0 data=00
1778318178.472000 W1 i2c=0x30 reg=0x0 val=0x9
1778318178.472000 W  i2c=0x30 reg=0x0 len=1 data=09
1778318178.473000 R  i2c=0x30 reg=0x62 len=1
1778318178.476000 R= ret=0 data=51
1778318178.476000 W1 i2c=0x30 reg=0x0 val=0xd
1778318178.476000 W  i2c=0x30 reg=0x0 len=1 data=0d
1778318178.477000 R  i2c=0x30 reg=0x86 len=1
1778318178.480000 R= ret=0 data=00
1778318178.493000 W1 i2c=0x30 reg=0x0 val=0xf
1778318178.493000 W  i2c=0x30 reg=0x0 len=1 data=0f
1778318178.494000 R  i2c=0x30 reg=0x11 len=1
1778318178.497000 R= ret=0 data=00
1778318178.497000 W1 i2c=0x30 reg=0x0 val=0x9
1778318178.497000 W  i2c=0x30 reg=0x0 len=1 data=09
1778318178.498000 R  i2c=0x30 reg=0x62 len=1
1778318178.501000 R= ret=0 data=51
1778318178.501000 W1 i2c=0x30 reg=0x0 val=0xd
1778318178.501000 W  i2c=0x30 reg=0x0 len=1 data=0d
1778318178.503000 R  i2c=0x30 reg=0x86 len=1
1778318178.506000 R= ret=0 data=00
1778318178.517000 W1 i2c=0x30 reg=0x0 val=0xf
1778318178.517000 W  i2c=0x30 reg=0x0 len=1 data=0f
1778318178.518000 R  i2c=0x30 reg=0x11 len=1
1778318178.521000 R= ret=0 data=00
1778318178.522000 W1 i2c=0x30 reg=0x0 val=0x9
1778318178.522000 W  i2c=0x30 reg=0x0 len=1 data=09
1778318178.522000 R  i2c=0x30 reg=0x62 len=1
1778318178.526000 R= ret=0 data=51
1778318178.526000 W1 i2c=0x30 reg=0x0 val=0xd
1778318178.526000 W  i2c=0x30 reg=0x0 len=1 data=0d
1778318178.527000 R  i2c=0x30 reg=0x86 len=1
1778318178.530000 R= ret=0 data=00
1778318178.541000 W1 i2c=0x30 reg=0x0 val=0xf
1778318178.541000 W  i2c=0x30 reg=0x0 len=1 data=0f
1778318178.542000 R  i2c=0x30 reg=0x11 len=1
1778318178.546000 R= ret=0 data=00
1778318178.546000 W1 i2c=0x30 reg=0x0 val=0x9
1778318178.546000 W  i2c=0x30 reg=0x0 len=1 data=09
1778318178.547000 R  i2c=0x30 reg=0x62 len=1
1778318178.550000 R= ret=0 data=51
1778318178.550000 W1 i2c=0x30 reg=0x0 val=0xd
1778318178.550000 W  i2c=0x30 reg=0x0 len=1 data=0d
1778318178.551000 R  i2c=0x30 reg=0x86 len=1
1778318178.554000 R= ret=0 data=00
1778318178.566000 W1 i2c=0x30 reg=0x0 val=0xf
1778318178.566000 W  i2c=0x30 reg=0x0 len=1 data=0f
1778318178.567000 R  i2c=0x30 reg=0x11 len=1
1778318178.571000 R= ret=0 data=00
1778318178.571000 W1 i2c=0x30 reg=0x0 val=0x9
1778318178.571000 W  i2c=0x30 reg=0x0 len=1 data=09
1778318178.572000 R  i2c=0x30 reg=0x62 len=1
1778318178.576000 R= ret=0 data=51
1778318178.576000 W1 i2c=0x30 reg=0x0 val=0xd
1778318178.576000 W  i2c=0x30 reg=0x0 len=1 data=0d
1778318178.577000 R  i2c=0x30 reg=0x86 len=1
1778318178.580000 R= ret=0 data=00
1778318178.590000 W1 i2c=0x30 reg=0x0 val=0xf
1778318178.590000 W  i2c=0x30 reg=0x0 len=1 data=0f
1778318178.591000 R  i2c=0x30 reg=0x11 len=1
1778318178.595000 R= ret=0 data=00
1778318178.595000 W1 i2c=0x30 reg=0x0 val=0x9
1778318178.595000 W  i2c=0x30 reg=0x0 len=1 data=09
1778318178.596000 R  i2c=0x30 reg=0x62 len=1
1778318178.599000 R= ret=0 data=51
1778318178.599000 W1 i2c=0x30 reg=0x0 val=0xd
1778318178.599000 W  i2c=0x30 reg=0x0 len=1 data=0d
1778318178.600000 R  i2c=0x30 reg=0x86 len=1
1778318178.604000 R= ret=0 data=00
1778318178.614000 W1 i2c=0x30 reg=0x0 val=0xf
1778318178.614000 W  i2c=0x30 reg=0x0 len=1 data=0f
1778318178.615000 R  i2c=0x30 reg=0x11 len=1
1778318178.618000 R= ret=0 data=00
1778318178.618000 W1 i2c=0x30 reg=0x0 val=0x9
1778318178.618000 W  i2c=0x30 reg=0x0 len=1 data=09
1778318178.620000 R  i2c=0x30 reg=0x62 len=1
1778318178.623000 R= ret=0 data=41
1778318178.623000 W1 i2c=0x30 reg=0x0 val=0xd
1778318178.623000 W  i2c=0x30 reg=0x0 len=1 data=0d
1778318178.624000 R  i2c=0x30 reg=0x86 len=1
1778318178.628000 R= ret=0 data=00
1778318178.638000 W1 i2c=0x30 reg=0x0 val=0xf
1778318178.638000 W  i2c=0x30 reg=0x0 len=1 data=0f
1778318178.640000 R  i2c=0x30 reg=0x11 len=1
1778318178.643000 R= ret=0 data=00
1778318178.643000 W1 i2c=0x30 reg=0x0 val=0x9
1778318178.643000 W  i2c=0x30 reg=0x0 len=1 data=09
1778318178.644000 R  i2c=0x30 reg=0x62 len=1
1778318178.648000 R= ret=0 data=51
1778318178.648000 W1 i2c=0x30 reg=0x0 val=0xd
1778318178.648000 W  i2c=0x30 reg=0x0 len=1 data=0d
1778318178.651000 R  i2c=0x30 reg=0x86 len=1
1778318178.655000 R= ret=0 data=00
1778318178.665000 W1 i2c=0x30 reg=0x0 val=0xf
1778318178.665000 W  i2c=0x30 reg=0x0 len=1 data=0f
1778318178.666000 R  i2c=0x30 reg=0x11 len=1
1778318178.669000 R= ret=0 data=00
1778318178.669000 W1 i2c=0x30 reg=0x0 val=0x9
1778318178.669000 W  i2c=0x30 reg=0x0 len=1 data=09
1778318178.670000 R  i2c=0x30 reg=0x62 len=1
1778318178.674000 R= ret=0 data=51
1778318178.674000 W1 i2c=0x30 reg=0x0 val=0xd
1778318178.674000 W  i2c=0x30 reg=0x0 len=1 data=0d
1778318178.675000 R  i2c=0x30 reg=0x86 len=1
1778318178.678000 R= ret=0 data=00
1778318178.690000 W1 i2c=0x30 reg=0x0 val=0xf
1778318178.690000 W  i2c=0x30 reg=0x0 len=1 data=0f
1778318178.691000 R  i2c=0x30 reg=0x11 len=1
1778318178.694000 R= ret=0 data=00
1778318178.694000 W1 i2c=0x30 reg=0x0 val=0x9
1778318178.694000 W  i2c=0x30 reg=0x0 len=1 data=09
1778318178.695000 R  i2c=0x30 reg=0x62 len=1
1778318178.699000 R= ret=0 data=51
1778318178.699000 W1 i2c=0x30 reg=0x0 val=0xd
1778318178.699000 W  i2c=0x30 reg=0x0 len=1 data=0d
1778318178.700000 R  i2c=0x30 reg=0x86 len=1
1778318178.703000 R= ret=0 data=00
1778318178.713000 W1 i2c=0x30 reg=0x0 val=0xf
1778318178.713000 W  i2c=0x30 reg=0x0 len=1 data=0f
1778318178.714000 R  i2c=0x30 reg=0x11 len=1
1778318178.717000 R= ret=0 data=00
1778318178.717000 W1 i2c=0x30 reg=0x0 val=0x9
1778318178.718000 W  i2c=0x30 reg=0x0 len=1 data=09
1778318178.718000 R  i2c=0x30 reg=0x62 len=1
1778318178.722000 R= ret=0 data=51
1778318178.722000 W1 i2c=0x30 reg=0x0 val=0xd
1778318178.722000 W  i2c=0x30 reg=0x0 len=1 data=0d
1778318178.723000 R  i2c=0x30 reg=0x86 len=1
1778318178.726000 R= ret=0 data=00
1778318178.737000 W1 i2c=0x30 reg=0x0 val=0xf
1778318178.737000 W  i2c=0x30 reg=0x0 len=1 data=0f
1778318178.738000 R  i2c=0x30 reg=0x11 len=1
1778318178.742000 R= ret=0 data=00
1778318178.742000 W1 i2c=0x30 reg=0x0 val=0x9
1778318178.742000 W  i2c=0x30 reg=0x0 len=1 data=09
1778318178.743000 R  i2c=0x30 reg=0x62 len=1
1778318178.746000 R= ret=0 data=51
1778318178.747000 W1 i2c=0x30 reg=0x0 val=0xd
1778318178.747000 W  i2c=0x30 reg=0x0 len=1 data=0d
1778318178.747000 R  i2c=0x30 reg=0x86 len=1
1778318178.751000 R= ret=0 data=00
1778318178.761000 W1 i2c=0x30 reg=0x0 val=0xf
1778318178.761000 W  i2c=0x30 reg=0x0 len=1 data=0f
1778318178.762000 R  i2c=0x30 reg=0x11 len=1
1778318178.766000 R= ret=0 data=00
1778318178.766000 W1 i2c=0x30 reg=0x0 val=0x9
1778318178.766000 W  i2c=0x30 reg=0x0 len=1 data=09
1778318178.767000 R  i2c=0x30 reg=0x62 len=1
1778318178.770000 R= ret=0 data=51
1778318178.770000 W1 i2c=0x30 reg=0x0 val=0xd
1778318178.770000 W  i2c=0x30 reg=0x0 len=1 data=0d
1778318178.771000 R  i2c=0x30 reg=0x86 len=1
1778318178.775000 R= ret=0 data=00
1778318178.785000 W1 i2c=0x30 reg=0x0 val=0xf
1778318178.785000 W  i2c=0x30 reg=0x0 len=1 data=0f
1778318178.786000 R  i2c=0x30 reg=0x11 len=1
1778318178.789000 R= ret=0 data=00
1778318178.789000 W1 i2c=0x30 reg=0x0 val=0x9
1778318178.789000 W  i2c=0x30 reg=0x0 len=1 data=09
1778318178.790000 R  i2c=0x30 reg=0x62 len=1
1778318178.794000 R= ret=0 data=51
1778318178.794000 W1 i2c=0x30 reg=0x0 val=0xd
1778318178.794000 W  i2c=0x30 reg=0x0 len=1 data=0d
1778318178.795000 R  i2c=0x30 reg=0x86 len=1
1778318178.798000 R= ret=0 data=00
1778318178.809000 W1 i2c=0x30 reg=0x0 val=0xf
1778318178.809000 W  i2c=0x30 reg=0x0 len=1 data=0f
1778318178.810000 R  i2c=0x30 reg=0x11 len=1
1778318178.813000 R= ret=0 data=00
1778318178.814000 W1 i2c=0x30 reg=0x0 val=0x9
1778318178.814000 W  i2c=0x30 reg=0x0 len=1 data=09
1778318178.815000 R  i2c=0x30 reg=0x62 len=1
1778318178.818000 R= ret=0 data=51
1778318178.818000 W1 i2c=0x30 reg=0x0 val=0xd
1778318178.818000 W  i2c=0x30 reg=0x0 len=1 data=0d
1778318178.819000 R  i2c=0x30 reg=0x86 len=1
1778318178.822000 R= ret=0 data=00
1778318178.833000 W1 i2c=0x30 reg=0x0 val=0xf
1778318178.833000 W  i2c=0x30 reg=0x0 len=1 data=0f
1778318178.834000 R  i2c=0x30 reg=0x11 len=1
1778318178.838000 R= ret=0 data=00
1778318178.838000 W1 i2c=0x30 reg=0x0 val=0x9
1778318178.838000 W  i2c=0x30 reg=0x0 len=1 data=09
1778318178.839000 R  i2c=0x30 reg=0x62 len=1
1778318178.843000 R= ret=0 data=51
1778318178.843000 W1 i2c=0x30 reg=0x0 val=0xd
1778318178.843000 W  i2c=0x30 reg=0x0 len=1 data=0d
1778318178.844000 R  i2c=0x30 reg=0x86 len=1
1778318178.847000 R= ret=0 data=00
1778318178.857000 W1 i2c=0x30 reg=0x0 val=0xf
1778318178.857000 W  i2c=0x30 reg=0x0 len=1 data=0f
1778318178.858000 R  i2c=0x30 reg=0x11 len=1
1778318178.862000 R= ret=0 data=00
1778318178.862000 W1 i2c=0x30 reg=0x0 val=0x9
1778318178.862000 W  i2c=0x30 reg=0x0 len=1 data=09
1778318178.863000 R  i2c=0x30 reg=0x62 len=1
1778318178.866000 R= ret=0 data=51
1778318178.866000 W1 i2c=0x30 reg=0x0 val=0xd
1778318178.866000 W  i2c=0x30 reg=0x0 len=1 data=0d
1778318178.867000 R  i2c=0x30 reg=0x86 len=1
1778318178.870000 R= ret=0 data=00
1778318178.870000 <<< sony_cxd6801_integ_atsc_Tune ret=5
1778318178.870000 DRV_acquire ret=5
1778318179.220000 W1 i2c=0x30 reg=0x0 val=0xf
1778318179.220000 W  i2c=0x30 reg=0x0 len=1 data=0f
1778318179.221000 R  i2c=0x30 reg=0x11 len=1
1778318179.225000 R= ret=0 data=00
1778318179.225000 W1 i2c=0x30 reg=0x0 val=0x9
1778318179.225000 W  i2c=0x30 reg=0x0 len=1 data=09
1778318179.226000 R  i2c=0x30 reg=0x62 len=1
1778318179.229000 R= ret=0 data=51
1778318179.229000 W1 i2c=0x30 reg=0x0 val=0xd
1778318179.230000 W  i2c=0x30 reg=0x0 len=1 data=0d
1778318179.230000 R  i2c=0x30 reg=0x86 len=1
1778318179.234000 R= ret=0 data=00
1778318179.234000 W1 i2c=0x30 reg=0x0 val=0xd
1778318179.234000 W  i2c=0x30 reg=0x0 len=1 data=0d
1778318179.235000 R  i2c=0x30 reg=0x86 len=1
1778318179.239000 R= ret=0 data=00
1778318179.240000 W1 i2c=0x30 reg=0x0 val=0xd
1778318179.240000 W  i2c=0x30 reg=0x0 len=1 data=0d
1778318179.241000 R  i2c=0x30 reg=0x86 len=1
1778318179.244000 R= ret=0 data=00
1778318179.244000 W1 i2c=0xdc reg=0x8 val=0x1
1778318179.244000 W  i2c=0xdc reg=0x8 len=1 data=01
1778318179.245000 W  i2c=0xc0 reg=0x87 len=2 data=c4 41
1778318179.246000 W  i2c=0xc0 reg=0x59 len=2 data=05 01
1778318179.247000 R  i2c=0xc0 reg=0x5b len=1
1778318179.251000 R= ret=0 data=2e
1778318179.251000 W  i2c=0xc0 reg=0x59 len=2 data=03 01
1778318179.251000 R  i2c=0xc0 reg=0x5b len=1
1778318179.255000 R= ret=0 data=08
1778318179.255000 W1 i2c=0xc0 reg=0x59 val=0x4
1778318179.255000 W  i2c=0xc0 reg=0x59 len=1 data=04
1778318179.256000 W1 i2c=0xc0 reg=0x88 val=0x0
1778318179.256000 W  i2c=0xc0 reg=0x88 len=1 data=00
1778318179.257000 W1 i2c=0xc0 reg=0x87 val=0xc0
1778318179.257000 W  i2c=0xc0 reg=0x87 len=1 data=c0
1778318179.258000 R  i2c=0xc0 reg=0x69 len=1
1778318179.261000 R= ret=0 data=88
1778318179.261000 W1 i2c=0xdc reg=0x8 val=0x0
1778318179.261000 W  i2c=0xdc reg=0x8 len=1 data=00
1778318180.064000 W1 i2c=0x30 reg=0x0 val=0xf
1778318180.064000 W  i2c=0x30 reg=0x0 len=1 data=0f
1778318180.065000 R  i2c=0x30 reg=0x11 len=1
1778318180.069000 R= ret=0 data=00
1778318180.069000 W1 i2c=0x30 reg=0x0 val=0x9
1778318180.069000 W  i2c=0x30 reg=0x0 len=1 data=09
1778318180.070000 R  i2c=0x30 reg=0x62 len=1
1778318180.074000 R= ret=0 data=51
1778318180.074000 W1 i2c=0x30 reg=0x0 val=0xd
1778318180.074000 W  i2c=0x30 reg=0x0 len=1 data=0d
1778318180.075000 R  i2c=0x30 reg=0x86 len=1
1778318180.079000 R= ret=0 data=00
1778318180.079000 W1 i2c=0x30 reg=0x0 val=0xd
1778318180.079000 W  i2c=0x30 reg=0x0 len=1 data=0d
1778318180.080000 R  i2c=0x30 reg=0x86 len=1
1778318180.084000 R= ret=0 data=00
1778318180.084000 W1 i2c=0x30 reg=0x0 val=0xd
1778318180.084000 W  i2c=0x30 reg=0x0 len=1 data=0d
1778318180.085000 R  i2c=0x30 reg=0x86 len=1
1778318180.088000 R= ret=0 data=00
1778318180.088000 W1 i2c=0xdc reg=0x8 val=0x1
1778318180.088000 W  i2c=0xdc reg=0x8 len=1 data=01
1778318180.089000 W  i2c=0xc0 reg=0x87 len=2 data=c4 41
1778318180.090000 W  i2c=0xc0 reg=0x59 len=2 data=05 01
1778318180.091000 R  i2c=0xc0 reg=0x5b len=1
1778318180.094000 R= ret=0 data=2b
1778318180.094000 W  i2c=0xc0 reg=0x59 len=2 data=03 01
1778318180.095000 R  i2c=0xc0 reg=0x5b len=1
1778318180.099000 R= ret=0 data=08
1778318180.099000 W1 i2c=0xc0 reg=0x59 val=0x4
1778318180.099000 W  i2c=0xc0 reg=0x59 len=1 data=04
1778318180.100000 W1 i2c=0xc0 reg=0x88 val=0x0
1778318180.100000 W  i2c=0xc0 reg=0x88 len=1 data=00
1778318180.100000 W1 i2c=0xc0 reg=0x87 val=0xc0
1778318180.100000 W  i2c=0xc0 reg=0x87 len=1 data=c0
1778318180.101000 R  i2c=0xc0 reg=0x69 len=1
1778318180.105000 R= ret=0 data=88
1778318180.105000 W1 i2c=0xdc reg=0x8 val=0x0
1778318180.105000 W  i2c=0xdc reg=0x8 len=1 data=00
1778318180.907000 W1 i2c=0x30 reg=0x0 val=0xf
1778318180.907000 W  i2c=0x30 reg=0x0 len=1 data=0f
1778318180.909000 R  i2c=0x30 reg=0x11 len=1
1778318180.912000 R= ret=0 data=00
1778318180.912000 W1 i2c=0x30 reg=0x0 val=0x9
1778318180.912000 W  i2c=0x30 reg=0x0 len=1 data=09
1778318180.914000 R  i2c=0x30 reg=0x62 len=1
1778318180.917000 R= ret=0 data=51
1778318180.917000 W1 i2c=0x30 reg=0x0 val=0xd
1778318180.917000 W  i2c=0x30 reg=0x0 len=1 data=0d
1778318180.918000 R  i2c=0x30 reg=0x86 len=1
1778318180.922000 R= ret=0 data=00
1778318180.922000 W1 i2c=0x30 reg=0x0 val=0xd
1778318180.922000 W  i2c=0x30 reg=0x0 len=1 data=0d
1778318180.923000 R  i2c=0x30 reg=0x86 len=1
1778318180.927000 R= ret=0 data=00
1778318180.927000 W1 i2c=0x30 reg=0x0 val=0xd
1778318180.927000 W  i2c=0x30 reg=0x0 len=1 data=0d
1778318180.928000 R  i2c=0x30 reg=0x86 len=1
1778318180.931000 R= ret=0 data=00
1778318180.931000 W1 i2c=0xdc reg=0x8 val=0x1
1778318180.931000 W  i2c=0xdc reg=0x8 len=1 data=01
1778318180.932000 W  i2c=0xc0 reg=0x87 len=2 data=c4 41
1778318180.933000 W  i2c=0xc0 reg=0x59 len=2 data=05 01
1778318180.934000 R  i2c=0xc0 reg=0x5b len=1
1778318180.937000 R= ret=0 data=2d
1778318180.937000 W  i2c=0xc0 reg=0x59 len=2 data=03 01
1778318180.938000 R  i2c=0xc0 reg=0x5b len=1
1778318180.942000 R= ret=0 data=08
1778318180.942000 W1 i2c=0xc0 reg=0x59 val=0x4
1778318180.942000 W  i2c=0xc0 reg=0x59 len=1 data=04
1778318180.943000 W1 i2c=0xc0 reg=0x88 val=0x0
1778318180.943000 W  i2c=0xc0 reg=0x88 len=1 data=00
1778318180.944000 W1 i2c=0xc0 reg=0x87 val=0xc0
1778318180.944000 W  i2c=0xc0 reg=0x87 len=1 data=c0
1778318180.945000 R  i2c=0xc0 reg=0x69 len=1
1778318180.948000 R= ret=0 data=88
1778318180.948000 W1 i2c=0xdc reg=0x8 val=0x0
1778318180.948000 W  i2c=0xdc reg=0x8 len=1 data=00
1778318181.752000 W1 i2c=0x30 reg=0x0 val=0xf
1778318181.752000 W  i2c=0x30 reg=0x0 len=1 data=0f
1778318181.753000 R  i2c=0x30 reg=0x11 len=1
1778318181.757000 R= ret=0 data=00
1778318181.757000 W1 i2c=0x30 reg=0x0 val=0x9
1778318181.757000 W  i2c=0x30 reg=0x0 len=1 data=09
1778318181.758000 R  i2c=0x30 reg=0x62 len=1
1778318181.762000 R= ret=0 data=51
1778318181.762000 W1 i2c=0x30 reg=0x0 val=0xd
1778318181.762000 W  i2c=0x30 reg=0x0 len=1 data=0d
1778318181.763000 R  i2c=0x30 reg=0x86 len=1
1778318181.767000 R= ret=0 data=00
1778318181.767000 W1 i2c=0x30 reg=0x0 val=0xd
1778318181.767000 W  i2c=0x30 reg=0x0 len=1 data=0d
1778318181.768000 R  i2c=0x30 reg=0x86 len=1
1778318181.771000 R= ret=0 data=00
1778318181.771000 W1 i2c=0x30 reg=0x0 val=0xd
1778318181.771000 W  i2c=0x30 reg=0x0 len=1 data=0d
1778318181.772000 R  i2c=0x30 reg=0x86 len=1
1778318181.776000 R= ret=0 data=00
1778318181.776000 W1 i2c=0xdc reg=0x8 val=0x1
1778318181.776000 W  i2c=0xdc reg=0x8 len=1 data=01
1778318181.777000 W  i2c=0xc0 reg=0x87 len=2 data=c4 41
1778318181.778000 W  i2c=0xc0 reg=0x59 len=2 data=05 01
1778318181.778000 R  i2c=0xc0 reg=0x5b len=1
1778318181.782000 R= ret=0 data=2d
1778318181.782000 W  i2c=0xc0 reg=0x59 len=2 data=03 01
1778318181.783000 R  i2c=0xc0 reg=0x5b len=1
1778318181.786000 R= ret=0 data=08
1778318181.786000 W1 i2c=0xc0 reg=0x59 val=0x4
1778318181.786000 W  i2c=0xc0 reg=0x59 len=1 data=04
1778318181.787000 W1 i2c=0xc0 reg=0x88 val=0x0
1778318181.787000 W  i2c=0xc0 reg=0x88 len=1 data=00
1778318181.788000 W1 i2c=0xc0 reg=0x87 val=0xc0
1778318181.788000 W  i2c=0xc0 reg=0x87 len=1 data=c0
1778318181.789000 R  i2c=0xc0 reg=0x69 len=1
1778318181.792000 R= ret=0 data=88
1778318181.792000 W1 i2c=0xdc reg=0x8 val=0x0
1778318181.792000 W  i2c=0xdc reg=0x8 len=1 data=00
1778318182.595000 W1 i2c=0x30 reg=0x0 val=0xf
1778318182.595000 W  i2c=0x30 reg=0x0 len=1 data=0f
1778318182.596000 R  i2c=0x30 reg=0x11 len=1
1778318182.600000 R= ret=0 data=00
1778318182.600000 W1 i2c=0x30 reg=0x0 val=0x9
1778318182.600000 W  i2c=0x30 reg=0x0 len=1 data=09
1778318182.601000 R  i2c=0x30 reg=0x62 len=1
1778318182.605000 R= ret=0 data=51
1778318182.605000 W1 i2c=0x30 reg=0x0 val=0xd
1778318182.605000 W  i2c=0x30 reg=0x0 len=1 data=0d
1778318182.606000 R  i2c=0x30 reg=0x86 len=1
1778318182.609000 R= ret=0 data=00
1778318182.609000 W1 i2c=0x30 reg=0x0 val=0xd
1778318182.609000 W  i2c=0x30 reg=0x0 len=1 data=0d
1778318182.610000 R  i2c=0x30 reg=0x86 len=1
1778318182.614000 R= ret=0 data=00
1778318182.614000 W1 i2c=0x30 reg=0x0 val=0xd
1778318182.614000 W  i2c=0x30 reg=0x0 len=1 data=0d
1778318182.615000 R  i2c=0x30 reg=0x86 len=1
1778318182.618000 R= ret=0 data=00
1778318182.618000 W1 i2c=0xdc reg=0x8 val=0x1
1778318182.619000 W  i2c=0xdc reg=0x8 len=1 data=01
1778318182.620000 W  i2c=0xc0 reg=0x87 len=2 data=c4 41
1778318182.620000 W  i2c=0xc0 reg=0x59 len=2 data=05 01
1778318182.621000 R  i2c=0xc0 reg=0x5b len=1
1778318182.625000 R= ret=0 data=22
1778318182.625000 W  i2c=0xc0 reg=0x59 len=2 data=03 01
1778318182.626000 R  i2c=0xc0 reg=0x5b len=1
1778318182.629000 R= ret=0 data=08
1778318182.629000 W1 i2c=0xc0 reg=0x59 val=0x4
1778318182.629000 W  i2c=0xc0 reg=0x59 len=1 data=04
1778318182.630000 W1 i2c=0xc0 reg=0x88 val=0x0
1778318182.630000 W  i2c=0xc0 reg=0x88 len=1 data=00
1778318182.631000 W1 i2c=0xc0 reg=0x87 val=0xc0
1778318182.631000 W  i2c=0xc0 reg=0x87 len=1 data=c0
1778318182.632000 R  i2c=0xc0 reg=0x69 len=1
1778318182.636000 R= ret=0 data=88
1778318182.636000 W1 i2c=0xdc reg=0x8 val=0x0
1778318182.636000 W  i2c=0xdc reg=0x8 len=1 data=00
1778318183.438000 W1 i2c=0x30 reg=0x0 val=0xf
1778318183.438000 W  i2c=0x30 reg=0x0 len=1 data=0f
1778318183.439000 R  i2c=0x30 reg=0x11 len=1
1778318183.443000 R= ret=0 data=00
1778318183.443000 W1 i2c=0x30 reg=0x0 val=0x9
1778318183.443000 W  i2c=0x30 reg=0x0 len=1 data=09
1778318183.444000 R  i2c=0x30 reg=0x62 len=1
1778318183.448000 R= ret=0 data=51
1778318183.448000 W1 i2c=0x30 reg=0x0 val=0xd
1778318183.448000 W  i2c=0x30 reg=0x0 len=1 data=0d
1778318183.449000 R  i2c=0x30 reg=0x86 len=1
1778318183.452000 R= ret=0 data=00
1778318183.452000 W1 i2c=0x30 reg=0x0 val=0xd
1778318183.452000 W  i2c=0x30 reg=0x0 len=1 data=0d
1778318183.453000 R  i2c=0x30 reg=0x86 len=1
1778318183.457000 R= ret=0 data=00
1778318183.457000 W1 i2c=0x30 reg=0x0 val=0xd
1778318183.457000 W  i2c=0x30 reg=0x0 len=1 data=0d
1778318183.458000 R  i2c=0x30 reg=0x86 len=1
1778318183.462000 R= ret=0 data=00
1778318183.462000 W1 i2c=0xdc reg=0x8 val=0x1
1778318183.462000 W  i2c=0xdc reg=0x8 len=1 data=01
1778318183.462000 W  i2c=0xc0 reg=0x87 len=2 data=c4 41
1778318183.463000 W  i2c=0xc0 reg=0x59 len=2 data=05 01
1778318183.464000 R  i2c=0xc0 reg=0x5b len=1
1778318183.468000 R= ret=0 data=2d
1778318183.468000 W  i2c=0xc0 reg=0x59 len=2 data=03 01
1778318183.469000 R  i2c=0xc0 reg=0x5b len=1
1778318183.472000 R= ret=0 data=08
1778318183.472000 W1 i2c=0xc0 reg=0x59 val=0x4
1778318183.472000 W  i2c=0xc0 reg=0x59 len=1 data=04
1778318183.473000 W1 i2c=0xc0 reg=0x88 val=0x0
1778318183.473000 W  i2c=0xc0 reg=0x88 len=1 data=00
1778318183.474000 W1 i2c=0xc0 reg=0x87 val=0xc0
1778318183.474000 W  i2c=0xc0 reg=0x87 len=1 data=c0
1778318183.475000 R  i2c=0xc0 reg=0x69 len=1
1778318183.479000 R= ret=0 data=88
1778318183.479000 W1 i2c=0xdc reg=0x8 val=0x0
1778318183.479000 W  i2c=0xdc reg=0x8 len=1 data=00
1778318184.280000 W1 i2c=0x30 reg=0x0 val=0xf
1778318184.280000 W  i2c=0x30 reg=0x0 len=1 data=0f
1778318184.281000 R  i2c=0x30 reg=0x11 len=1
1778318184.285000 R= ret=0 data=00
1778318184.285000 W1 i2c=0x30 reg=0x0 val=0x9
1778318184.285000 W  i2c=0x30 reg=0x0 len=1 data=09
1778318184.285000 R  i2c=0x30 reg=0x62 len=1
1778318184.289000 R= ret=0 data=51
1778318184.289000 W1 i2c=0x30 reg=0x0 val=0xd
1778318184.289000 W  i2c=0x30 reg=0x0 len=1 data=0d
1778318184.290000 R  i2c=0x30 reg=0x86 len=1
1778318184.294000 R= ret=0 data=00
1778318184.294000 W1 i2c=0x30 reg=0x0 val=0xd
1778318184.294000 W  i2c=0x30 reg=0x0 len=1 data=0d
1778318184.295000 R  i2c=0x30 reg=0x86 len=1
1778318184.298000 R= ret=0 data=00
1778318184.298000 W1 i2c=0x30 reg=0x0 val=0xd
1778318184.298000 W  i2c=0x30 reg=0x0 len=1 data=0d
1778318184.299000 R  i2c=0x30 reg=0x86 len=1
1778318184.302000 R= ret=0 data=00
1778318184.302000 W1 i2c=0xdc reg=0x8 val=0x1
1778318184.302000 W  i2c=0xdc reg=0x8 len=1 data=01
1778318184.303000 W  i2c=0xc0 reg=0x87 len=2 data=c4 41
1778318184.304000 W  i2c=0xc0 reg=0x59 len=2 data=05 01
1778318184.305000 R  i2c=0xc0 reg=0x5b len=1
1778318184.308000 R= ret=0 data=2b
1778318184.308000 W  i2c=0xc0 reg=0x59 len=2 data=03 01
1778318184.309000 R  i2c=0xc0 reg=0x5b len=1
1778318184.312000 R= ret=0 data=08
1778318184.312000 W1 i2c=0xc0 reg=0x59 val=0x4
1778318184.312000 W  i2c=0xc0 reg=0x59 len=1 data=04
1778318184.313000 W1 i2c=0xc0 reg=0x88 val=0x0
1778318184.313000 W  i2c=0xc0 reg=0x88 len=1 data=00
1778318184.314000 W1 i2c=0xc0 reg=0x87 val=0xc0
1778318184.314000 W  i2c=0xc0 reg=0x87 len=1 data=c0
1778318184.315000 R  i2c=0xc0 reg=0x69 len=1
1778318184.318000 R= ret=0 data=88
1778318184.318000 W1 i2c=0xdc reg=0x8 val=0x0
1778318184.318000 W  i2c=0xdc reg=0x8 len=1 data=00
1778318184.873000 nativeTune -> 497000
1778318184.873000 DRV_acquire: oldStd=0x5 freq=497000 -> ATSC 1.0
1778318184.873000 >>> sony_cxd6801_integ_atsc_Tune
1778318184.873000 >>> sony_cxd6801_demod_atsc_Tune
1778318184.873000 >>> sony_cxd6801_demod_SetStreamOutput
1778318184.873000 W1 i2c=0xd8 reg=0x0 val=0x0
1778318184.873000 W  i2c=0xd8 reg=0x0 len=1 data=00
1778318184.874000 R  i2c=0xd8 reg=0xa9 len=1
1778318184.878000 R= ret=0 data=00
1778318184.878000 W1 i2c=0xd8 reg=0x0 val=0x0
1778318184.878000 W  i2c=0xd8 reg=0x0 len=1 data=00
1778318184.879000 W1 i2c=0xd8 reg=0xc3 val=0x1
1778318184.879000 W  i2c=0xd8 reg=0xc3 len=1 data=01
1778318184.880000 <<< sony_cxd6801_demod_SetStreamOutput ret=0
1778318184.880000 <<< sony_cxd6801_demod_atsc_Tune ret=0
1778318184.880000 W1 i2c=0xdc reg=0x8 val=0x1
1778318184.880000 W  i2c=0xdc reg=0x8 len=1 data=01
1778318184.881000 B  i2c=0xc0 reg=0x74 val=0x2 mask=0x3
1778318184.881000 R  i2c=0xc0 reg=0x74 len=1
1778318184.884000 R= ret=0 data=11
1778318184.884000 W1 i2c=0xc0 reg=0x74 val=0x12
1778318184.884000 W  i2c=0xc0 reg=0x74 len=1 data=12
1778318184.885000 W  i2c=0xc0 reg=0x87 len=2 data=c4 40
1778318184.886000 W  i2c=0xc0 reg=0x91 len=2 data=10 20
1778318184.887000 W  i2c=0xc0 reg=0x9c len=2 data=00 00
1778318184.888000 W  i2c=0xc0 reg=0x5e len=9 data=ee 02 1e 67 03 b4 78 08
1778318184.889000 B  i2c=0xc0 reg=0x67 val=0x0 mask=0x6
1778318184.889000 R  i2c=0xc0 reg=0x67 len=1
1778318184.893000 R= ret=0 data=00
1778318184.893000 W1 i2c=0xc0 reg=0x67 val=0x0
1778318184.893000 W  i2c=0xc0 reg=0x67 len=1 data=00
1778318184.894000 W  i2c=0xc0 reg=0x68 len=17 data=00 88 00 0b 23 00 1a 1d
1778318184.946000 W1 i2c=0xc0 reg=0x88 val=0x0
1778318184.946000 W  i2c=0xc0 reg=0x88 len=1 data=00
1778318184.947000 W1 i2c=0xc0 reg=0x87 val=0xc0
1778318184.947000 W  i2c=0xc0 reg=0x87 len=1 data=c0
1778318184.948000 W1 i2c=0xdc reg=0x8 val=0x0
1778318184.948000 W  i2c=0xdc reg=0x8 len=1 data=00
1778318184.949000 W1 i2c=0x98 reg=0x0 val=0x1
1778318184.949000 W  i2c=0x98 reg=0x0 len=1 data=01
1778318184.950000 W1 i2c=0x98 reg=0x48 val=0x1
1778318184.950000 W  i2c=0x98 reg=0x48 len=1 data=01
1778318184.951000 W  i2c=0x98 reg=0xa len=6 data=b3 10 00 00 00 00
1778318184.952000 R  i2c=0x98 reg=0xa len=6
1778318184.956000 R= ret=0 data=30 00 00 00 00 b3
1778318184.956000 >>> sony_cxd6801_demod_SetStreamOutput
1778318184.956000 W1 i2c=0xd8 reg=0x0 val=0x0
1778318184.956000 W  i2c=0xd8 reg=0x0 len=1 data=00
1778318184.957000 R  i2c=0xd8 reg=0xa9 len=1
1778318184.961000 R= ret=0 data=00
1778318184.961000 W1 i2c=0xd8 reg=0x0 val=0x0
1778318184.961000 W  i2c=0xd8 reg=0x0 len=1 data=00
1778318184.962000 W1 i2c=0xd8 reg=0xc3 val=0x0
1778318184.962000 W  i2c=0xd8 reg=0xc3 len=1 data=00
1778318184.963000 <<< sony_cxd6801_demod_SetStreamOutput ret=0
1778318184.963000 W1 i2c=0x30 reg=0x0 val=0xf
1778318184.963000 W  i2c=0x30 reg=0x0 len=1 data=0f
1778318184.964000 R  i2c=0x30 reg=0x11 len=1
1778318184.967000 R= ret=0 data=00
1778318184.967000 W1 i2c=0x30 reg=0x0 val=0x9
1778318184.967000 W  i2c=0x30 reg=0x0 len=1 data=09
1778318184.968000 R  i2c=0x30 reg=0x62 len=1
1778318184.972000 R= ret=0 data=51
1778318184.972000 W1 i2c=0x30 reg=0x0 val=0xd
1778318184.972000 W  i2c=0x30 reg=0x0 len=1 data=0d
1778318184.973000 R  i2c=0x30 reg=0x86 len=1
1778318184.976000 R= ret=0 data=00
1778318184.987000 W1 i2c=0x30 reg=0x0 val=0xf
1778318184.987000 W  i2c=0x30 reg=0x0 len=1 data=0f
1778318184.988000 R  i2c=0x30 reg=0x11 len=1
1778318184.992000 R= ret=0 data=00
1778318184.992000 W1 i2c=0x30 reg=0x0 val=0x9
1778318184.992000 W  i2c=0x30 reg=0x0 len=1 data=09
1778318184.993000 R  i2c=0x30 reg=0x62 len=1
1778318184.996000 R= ret=0 data=51
1778318184.996000 W1 i2c=0x30 reg=0x0 val=0xd
1778318184.996000 W  i2c=0x30 reg=0x0 len=1 data=0d
1778318184.997000 R  i2c=0x30 reg=0x86 len=1
1778318185.000000 R= ret=0 data=00
1778318185.010000 W1 i2c=0x30 reg=0x0 val=0xf
1778318185.010000 W  i2c=0x30 reg=0x0 len=1 data=0f
1778318185.012000 R  i2c=0x30 reg=0x11 len=1
1778318185.015000 R= ret=0 data=00
1778318185.015000 W1 i2c=0x30 reg=0x0 val=0x9
1778318185.015000 W  i2c=0x30 reg=0x0 len=1 data=09
1778318185.016000 R  i2c=0x30 reg=0x62 len=1
1778318185.019000 R= ret=0 data=51
1778318185.019000 W1 i2c=0x30 reg=0x0 val=0xd
1778318185.019000 W  i2c=0x30 reg=0x0 len=1 data=0d
1778318185.020000 R  i2c=0x30 reg=0x86 len=1
1778318185.023000 R= ret=0 data=00
1778318185.034000 W1 i2c=0x30 reg=0x0 val=0xf
1778318185.034000 W  i2c=0x30 reg=0x0 len=1 data=0f
1778318185.035000 R  i2c=0x30 reg=0x11 len=1
1778318185.038000 R= ret=0 data=00
1778318185.038000 W1 i2c=0x30 reg=0x0 val=0x9
1778318185.038000 W  i2c=0x30 reg=0x0 len=1 data=09
1778318185.039000 R  i2c=0x30 reg=0x62 len=1
1778318185.043000 R= ret=0 data=51
1778318185.043000 W1 i2c=0x30 reg=0x0 val=0xd
1778318185.043000 W  i2c=0x30 reg=0x0 len=1 data=0d
1778318185.044000 R  i2c=0x30 reg=0x86 len=1
1778318185.047000 R= ret=0 data=00
1778318185.058000 W1 i2c=0x30 reg=0x0 val=0xf
1778318185.058000 W  i2c=0x30 reg=0x0 len=1 data=0f
1778318185.059000 R  i2c=0x30 reg=0x11 len=1
1778318185.063000 R= ret=0 data=00
1778318185.063000 W1 i2c=0x30 reg=0x0 val=0x9
1778318185.063000 W  i2c=0x30 reg=0x0 len=1 data=09
1778318185.064000 R  i2c=0x30 reg=0x62 len=1
1778318185.067000 R= ret=0 data=51
1778318185.067000 W1 i2c=0x30 reg=0x0 val=0xd
1778318185.067000 W  i2c=0x30 reg=0x0 len=1 data=0d
1778318185.068000 R  i2c=0x30 reg=0x86 len=1
1778318185.072000 R= ret=0 data=00
1778318185.083000 W1 i2c=0x30 reg=0x0 val=0xf
1778318185.083000 W  i2c=0x30 reg=0x0 len=1 data=0f
1778318185.084000 R  i2c=0x30 reg=0x11 len=1
1778318185.087000 R= ret=0 data=00
1778318185.087000 W1 i2c=0x30 reg=0x0 val=0x9
1778318185.087000 W  i2c=0x30 reg=0x0 len=1 data=09
1778318185.088000 R  i2c=0x30 reg=0x62 len=1
1778318185.091000 R= ret=0 data=51
1778318185.091000 W1 i2c=0x30 reg=0x0 val=0xd
1778318185.091000 W  i2c=0x30 reg=0x0 len=1 data=0d
1778318185.092000 R  i2c=0x30 reg=0x86 len=1
1778318185.096000 R= ret=0 data=00
1778318185.106000 W1 i2c=0x30 reg=0x0 val=0xf
1778318185.106000 W  i2c=0x30 reg=0x0 len=1 data=0f
1778318185.107000 R  i2c=0x30 reg=0x11 len=1
1778318185.111000 R= ret=0 data=00
1778318185.111000 W1 i2c=0x30 reg=0x0 val=0x9
1778318185.111000 W  i2c=0x30 reg=0x0 len=1 data=09
1778318185.111000 R  i2c=0x30 reg=0x62 len=1
1778318185.115000 R= ret=0 data=51
1778318185.115000 W1 i2c=0x30 reg=0x0 val=0xd
1778318185.115000 W  i2c=0x30 reg=0x0 len=1 data=0d
1778318185.116000 R  i2c=0x30 reg=0x86 len=1
1778318185.119000 W1 i2c=0x30 reg=0x0 val=0xf
1778318185.119000 W  i2c=0x30 reg=0x0 len=1 data=0f
1778318185.119000 R= ret=0 data=00
1778318185.120000 R  i2c=0x30 reg=0x11 len=1
1778318185.124000 R= ret=0 data=00
1778318185.124000 W1 i2c=0x30 reg=0x0 val=0x9
1778318185.124000 W  i2c=0x30 reg=0x0 len=1 data=09
1778318185.125000 R  i2c=0x30 reg=0x62 len=1
1778318185.128000 R= ret=0 data=51
1778318185.128000 W1 i2c=0x30 reg=0x0 val=0xd
1778318185.128000 W  i2c=0x30 reg=0x0 len=1 data=0d
1778318185.129000 R  i2c=0x30 reg=0x86 len=1
1778318185.130000 W1 i2c=0x30 reg=0x0 val=0xf
1778318185.130000 W  i2c=0x30 reg=0x0 len=1 data=0f
1778318185.133000 R= ret=0 data=00
1778318185.133000 W1 i2c=0x30 reg=0x0 val=0xd
1778318185.133000 W  i2c=0x30 reg=0x0 len=1 data=0d
1778318185.133000 R  i2c=0x30 reg=0x11 len=1
1778318185.134000 R  i2c=0x30 reg=0x86 len=1
1778318185.138000 R= ret=0 data=00
1778318185.138000 W1 i2c=0x30 reg=0x0 val=0xd
1778318185.138000 W  i2c=0x30 reg=0x0 len=1 data=0d
1778318185.141000 R= ret=0 data=00
1778318185.141000 W1 i2c=0x30 reg=0x0 val=0x9
1778318185.141000 W  i2c=0x30 reg=0x0 len=1 data=09
1778318185.142000 R  i2c=0x30 reg=0x86 len=1
1778318185.143000 R  i2c=0x30 reg=0x62 len=1
1778318185.147000 R= ret=0 data=00
1778318185.147000 W1 i2c=0xdc reg=0x8 val=0x1
1778318185.147000 W  i2c=0xdc reg=0x8 len=1 data=01
1778318185.150000 R= ret=0 data=51
1778318185.150000 W1 i2c=0x30 reg=0x0 val=0xd
1778318185.150000 W  i2c=0x30 reg=0x0 len=1 data=0d
1778318185.151000 W  i2c=0xc0 reg=0x87 len=2 data=c4 41
1778318185.152000 R  i2c=0x30 reg=0x86 len=1
1778318185.155000 R= ret=0 data=00
1778318185.156000 W  i2c=0xc0 reg=0x59 len=2 data=05 01
1778318185.157000 R  i2c=0xc0 reg=0x5b len=1
1778318185.160000 R= ret=0 data=2d
1778318185.160000 W  i2c=0xc0 reg=0x59 len=2 data=03 01
1778318185.161000 R  i2c=0xc0 reg=0x5b len=1
1778318185.165000 R= ret=0 data=08
1778318185.165000 W1 i2c=0xc0 reg=0x59 val=0x4
1778318185.165000 W  i2c=0xc0 reg=0x59 len=1 data=04
1778318185.165000 W1 i2c=0x30 reg=0x0 val=0xf
1778318185.165000 W  i2c=0x30 reg=0x0 len=1 data=0f
1778318185.166000 W1 i2c=0xc0 reg=0x88 val=0x0
1778318185.166000 W  i2c=0xc0 reg=0x88 len=1 data=00
1778318185.167000 R  i2c=0x30 reg=0x11 len=1
1778318185.168000 W1 i2c=0xc0 reg=0x87 val=0xc0
1778318185.168000 W  i2c=0xc0 reg=0x87 len=1 data=c0
1778318185.171000 R= ret=0 data=00
1778318185.171000 W1 i2c=0x30 reg=0x0 val=0x9
1778318185.171000 W  i2c=0x30 reg=0x0 len=1 data=09
1778318185.172000 R  i2c=0xc0 reg=0x69 len=1
1778318185.173000 R  i2c=0x30 reg=0x62 len=1
1778318185.176000 R= ret=0 data=88
1778318185.176000 W1 i2c=0xdc reg=0x8 val=0x0
1778318185.176000 W  i2c=0xdc reg=0x8 len=1 data=00
1778318185.179000 R= ret=0 data=51
1778318185.179000 W1 i2c=0x30 reg=0x0 val=0xd
1778318185.179000 W  i2c=0x30 reg=0x0 len=1 data=0d
1778318185.181000 R  i2c=0x30 reg=0x86 len=1
1778318185.184000 R= ret=0 data=00
1778318185.195000 W1 i2c=0x30 reg=0x0 val=0xf
1778318185.195000 W  i2c=0x30 reg=0x0 len=1 data=0f
1778318185.196000 R  i2c=0x30 reg=0x11 len=1
1778318185.199000 R= ret=0 data=00
1778318185.199000 W1 i2c=0x30 reg=0x0 val=0x9
1778318185.199000 W  i2c=0x30 reg=0x0 len=1 data=09
1778318185.200000 R  i2c=0x30 reg=0x62 len=1
1778318185.204000 R= ret=0 data=51
1778318185.204000 W1 i2c=0x30 reg=0x0 val=0xd
1778318185.204000 W  i2c=0x30 reg=0x0 len=1 data=0d
1778318185.205000 R  i2c=0x30 reg=0x86 len=1
1778318185.208000 R= ret=0 data=00
1778318185.218000 W1 i2c=0x30 reg=0x0 val=0xf
1778318185.219000 W  i2c=0x30 reg=0x0 len=1 data=0f
1778318185.220000 R  i2c=0x30 reg=0x11 len=1
1778318185.223000 R= ret=0 data=00
1778318185.223000 W1 i2c=0x30 reg=0x0 val=0x9
1778318185.223000 W  i2c=0x30 reg=0x0 len=1 data=09
1778318185.224000 R  i2c=0x30 reg=0x62 len=1
1778318185.228000 R= ret=0 data=51
1778318185.228000 W1 i2c=0x30 reg=0x0 val=0xd
1778318185.228000 W  i2c=0x30 reg=0x0 len=1 data=0d
1778318185.229000 R  i2c=0x30 reg=0x86 len=1
1778318185.232000 R= ret=0 data=00
1778318185.243000 W1 i2c=0x30 reg=0x0 val=0xf
1778318185.243000 W  i2c=0x30 reg=0x0 len=1 data=0f
1778318185.244000 R  i2c=0x30 reg=0x11 len=1
1778318185.248000 R= ret=0 data=00
1778318185.248000 W1 i2c=0x30 reg=0x0 val=0x9
1778318185.248000 W  i2c=0x30 reg=0x0 len=1 data=09
1778318185.249000 R  i2c=0x30 reg=0x62 len=1
1778318185.252000 R= ret=0 data=51
1778318185.252000 W1 i2c=0x30 reg=0x0 val=0xd
1778318185.252000 W  i2c=0x30 reg=0x0 len=1 data=0d
1778318185.253000 R  i2c=0x30 reg=0x86 len=1
1778318185.257000 R= ret=0 data=00
1778318185.267000 W1 i2c=0x30 reg=0x0 val=0xf
1778318185.267000 W  i2c=0x30 reg=0x0 len=1 data=0f
1778318185.268000 R  i2c=0x30 reg=0x11 len=1
1778318185.272000 R= ret=0 data=00
1778318185.272000 W1 i2c=0x30 reg=0x0 val=0x9
1778318185.272000 W  i2c=0x30 reg=0x0 len=1 data=09
1778318185.273000 R  i2c=0x30 reg=0x62 len=1
1778318185.276000 R= ret=0 data=51
1778318185.276000 W1 i2c=0x30 reg=0x0 val=0xd
1778318185.276000 W  i2c=0x30 reg=0x0 len=1 data=0d
1778318185.277000 R  i2c=0x30 reg=0x86 len=1
1778318185.281000 R= ret=0 data=00
1778318185.293000 W1 i2c=0x30 reg=0x0 val=0xf
1778318185.293000 W  i2c=0x30 reg=0x0 len=1 data=0f
1778318185.294000 R  i2c=0x30 reg=0x11 len=1
1778318185.297000 R= ret=0 data=00
1778318185.297000 W1 i2c=0x30 reg=0x0 val=0x9
1778318185.297000 W  i2c=0x30 reg=0x0 len=1 data=09
1778318185.298000 R  i2c=0x30 reg=0x62 len=1
1778318185.302000 R= ret=0 data=51
1778318185.302000 W1 i2c=0x30 reg=0x0 val=0xd
1778318185.302000 W  i2c=0x30 reg=0x0 len=1 data=0d
1778318185.303000 R  i2c=0x30 reg=0x86 len=1
1778318185.306000 R= ret=0 data=00
1778318185.316000 W1 i2c=0x30 reg=0x0 val=0xf
1778318185.316000 W  i2c=0x30 reg=0x0 len=1 data=0f
1778318185.317000 R  i2c=0x30 reg=0x11 len=1
1778318185.321000 R= ret=0 data=00
1778318185.321000 W1 i2c=0x30 reg=0x0 val=0x9
1778318185.321000 W  i2c=0x30 reg=0x0 len=1 data=09
1778318185.322000 R  i2c=0x30 reg=0x62 len=1
1778318185.325000 R= ret=0 data=51
1778318185.325000 W1 i2c=0x30 reg=0x0 val=0xd
1778318185.325000 W  i2c=0x30 reg=0x0 len=1 data=0d
1778318185.326000 R  i2c=0x30 reg=0x86 len=1
1778318185.330000 R= ret=0 data=00
1778318185.340000 W1 i2c=0x30 reg=0x0 val=0xf
1778318185.340000 W  i2c=0x30 reg=0x0 len=1 data=0f
1778318185.341000 R  i2c=0x30 reg=0x11 len=1
1778318185.345000 R= ret=0 data=00
1778318185.345000 W1 i2c=0x30 reg=0x0 val=0x9
1778318185.345000 W  i2c=0x30 reg=0x0 len=1 data=09
1778318185.346000 R  i2c=0x30 reg=0x62 len=1
1778318185.349000 R= ret=0 data=51
1778318185.349000 W1 i2c=0x30 reg=0x0 val=0xd
1778318185.349000 W  i2c=0x30 reg=0x0 len=1 data=0d
1778318185.350000 R  i2c=0x30 reg=0x86 len=1
1778318185.354000 R= ret=0 data=00
1778318185.364000 W1 i2c=0x30 reg=0x0 val=0xf
1778318185.364000 W  i2c=0x30 reg=0x0 len=1 data=0f
1778318185.365000 R  i2c=0x30 reg=0x11 len=1
1778318185.369000 R= ret=0 data=00
1778318185.369000 W1 i2c=0x30 reg=0x0 val=0x9
1778318185.369000 W  i2c=0x30 reg=0x0 len=1 data=09
1778318185.370000 R  i2c=0x30 reg=0x62 len=1
1778318185.373000 R= ret=0 data=51
1778318185.373000 W1 i2c=0x30 reg=0x0 val=0xd
1778318185.373000 W  i2c=0x30 reg=0x0 len=1 data=0d
1778318185.374000 R  i2c=0x30 reg=0x86 len=1
1778318185.377000 R= ret=0 data=00
1778318185.387000 W1 i2c=0x30 reg=0x0 val=0xf
1778318185.387000 W  i2c=0x30 reg=0x0 len=1 data=0f
1778318185.388000 R  i2c=0x30 reg=0x11 len=1
1778318185.392000 R= ret=0 data=00
1778318185.392000 W1 i2c=0x30 reg=0x0 val=0x9
1778318185.392000 W  i2c=0x30 reg=0x0 len=1 data=09
1778318185.393000 R  i2c=0x30 reg=0x62 len=1
1778318185.396000 R= ret=0 data=51
1778318185.396000 W1 i2c=0x30 reg=0x0 val=0xd
1778318185.396000 W  i2c=0x30 reg=0x0 len=1 data=0d
1778318185.397000 R  i2c=0x30 reg=0x86 len=1
1778318185.400000 R= ret=0 data=00
1778318185.411000 W1 i2c=0x30 reg=0x0 val=0xf
1778318185.411000 W  i2c=0x30 reg=0x0 len=1 data=0f
1778318185.412000 R  i2c=0x30 reg=0x11 len=1
1778318185.415000 R= ret=0 data=00
1778318185.415000 W1 i2c=0x30 reg=0x0 val=0x9
1778318185.415000 W  i2c=0x30 reg=0x0 len=1 data=09
1778318185.416000 R  i2c=0x30 reg=0x62 len=1
1778318185.419000 R= ret=0 data=51
1778318185.419000 W1 i2c=0x30 reg=0x0 val=0xd
1778318185.419000 W  i2c=0x30 reg=0x0 len=1 data=0d
1778318185.420000 R  i2c=0x30 reg=0x86 len=1
1778318185.423000 R= ret=0 data=00
1778318185.435000 W1 i2c=0x30 reg=0x0 val=0xf
1778318185.435000 W  i2c=0x30 reg=0x0 len=1 data=0f
1778318185.436000 R  i2c=0x30 reg=0x11 len=1
1778318185.440000 R= ret=0 data=00
1778318185.440000 W1 i2c=0x30 reg=0x0 val=0x9
1778318185.440000 W  i2c=0x30 reg=0x0 len=1 data=09
1778318185.441000 R  i2c=0x30 reg=0x62 len=1
1778318185.445000 R= ret=0 data=51
1778318185.445000 W1 i2c=0x30 reg=0x0 val=0xd
1778318185.445000 W  i2c=0x30 reg=0x0 len=1 data=0d
1778318185.446000 R  i2c=0x30 reg=0x86 len=1
1778318185.449000 R= ret=0 data=00
1778318185.460000 W1 i2c=0x30 reg=0x0 val=0xf
1778318185.460000 W  i2c=0x30 reg=0x0 len=1 data=0f
1778318185.461000 R  i2c=0x30 reg=0x11 len=1
1778318185.464000 R= ret=0 data=00
1778318185.464000 W1 i2c=0x30 reg=0x0 val=0x9
1778318185.465000 W  i2c=0x30 reg=0x0 len=1 data=09
1778318185.466000 R  i2c=0x30 reg=0x62 len=1
1778318185.469000 R= ret=0 data=51
1778318185.469000 W1 i2c=0x30 reg=0x0 val=0xd
1778318185.469000 W  i2c=0x30 reg=0x0 len=1 data=0d
1778318185.470000 R  i2c=0x30 reg=0x86 len=1
1778318185.473000 R= ret=0 data=00
1778318185.484000 W1 i2c=0x30 reg=0x0 val=0xf
1778318185.484000 W  i2c=0x30 reg=0x0 len=1 data=0f
1778318185.485000 R  i2c=0x30 reg=0x11 len=1
1778318185.488000 R= ret=0 data=00
1778318185.489000 W1 i2c=0x30 reg=0x0 val=0x9
1778318185.489000 W  i2c=0x30 reg=0x0 len=1 data=09
1778318185.489000 R  i2c=0x30 reg=0x62 len=1
1778318185.493000 R= ret=0 data=51
1778318185.493000 W1 i2c=0x30 reg=0x0 val=0xd
1778318185.493000 W  i2c=0x30 reg=0x0 len=1 data=0d
1778318185.494000 R  i2c=0x30 reg=0x86 len=1
1778318185.497000 R= ret=0 data=00
1778318185.508000 W1 i2c=0x30 reg=0x0 val=0xf
1778318185.508000 W  i2c=0x30 reg=0x0 len=1 data=0f
1778318185.509000 R  i2c=0x30 reg=0x11 len=1
1778318185.513000 R= ret=0 data=00
1778318185.513000 W1 i2c=0x30 reg=0x0 val=0x9
1778318185.513000 W  i2c=0x30 reg=0x0 len=1 data=09
1778318185.513000 R  i2c=0x30 reg=0x62 len=1
1778318185.517000 R= ret=0 data=51
1778318185.517000 W1 i2c=0x30 reg=0x0 val=0xd
1778318185.517000 W  i2c=0x30 reg=0x0 len=1 data=0d
1778318185.518000 R  i2c=0x30 reg=0x86 len=1
1778318185.521000 R= ret=0 data=00
1778318185.532000 W1 i2c=0x30 reg=0x0 val=0xf
1778318185.532000 W  i2c=0x30 reg=0x0 len=1 data=0f
1778318185.533000 R  i2c=0x30 reg=0x11 len=1
1778318185.537000 R= ret=0 data=00
1778318185.537000 W1 i2c=0x30 reg=0x0 val=0x9
1778318185.537000 W  i2c=0x30 reg=0x0 len=1 data=09
1778318185.538000 R  i2c=0x30 reg=0x62 len=1
1778318185.541000 R= ret=0 data=51
1778318185.541000 W1 i2c=0x30 reg=0x0 val=0xd
1778318185.541000 W  i2c=0x30 reg=0x0 len=1 data=0d
1778318185.542000 R  i2c=0x30 reg=0x86 len=1
1778318185.546000 R= ret=0 data=00
1778318185.556000 W1 i2c=0x30 reg=0x0 val=0xf
1778318185.556000 W  i2c=0x30 reg=0x0 len=1 data=0f
1778318185.557000 R  i2c=0x30 reg=0x11 len=1
1778318185.561000 R= ret=0 data=00
1778318185.561000 W1 i2c=0x30 reg=0x0 val=0x9
1778318185.561000 W  i2c=0x30 reg=0x0 len=1 data=09
1778318185.562000 R  i2c=0x30 reg=0x62 len=1
1778318185.565000 R= ret=0 data=51
1778318185.565000 W1 i2c=0x30 reg=0x0 val=0xd
1778318185.565000 W  i2c=0x30 reg=0x0 len=1 data=0d
1778318185.566000 R  i2c=0x30 reg=0x86 len=1
1778318185.569000 R= ret=0 data=00
1778318185.581000 W1 i2c=0x30 reg=0x0 val=0xf
1778318185.581000 W  i2c=0x30 reg=0x0 len=1 data=0f
1778318185.582000 R  i2c=0x30 reg=0x11 len=1
1778318185.585000 R= ret=0 data=00
1778318185.585000 W1 i2c=0x30 reg=0x0 val=0x9
1778318185.585000 W  i2c=0x30 reg=0x0 len=1 data=09
1778318185.586000 R  i2c=0x30 reg=0x62 len=1
1778318185.589000 R= ret=0 data=51
1778318185.590000 W1 i2c=0x30 reg=0x0 val=0xd
1778318185.590000 W  i2c=0x30 reg=0x0 len=1 data=0d
1778318185.590000 R  i2c=0x30 reg=0x86 len=1
1778318185.594000 R= ret=0 data=00
1778318185.605000 W1 i2c=0x30 reg=0x0 val=0xf
1778318185.605000 W  i2c=0x30 reg=0x0 len=1 data=0f
1778318185.606000 R  i2c=0x30 reg=0x11 len=1
1778318185.609000 R= ret=0 data=00
1778318185.609000 W1 i2c=0x30 reg=0x0 val=0x9
1778318185.609000 W  i2c=0x30 reg=0x0 len=1 data=09
1778318185.610000 R  i2c=0x30 reg=0x62 len=1
1778318185.614000 R= ret=0 data=51
1778318185.614000 W1 i2c=0x30 reg=0x0 val=0xd
1778318185.614000 W  i2c=0x30 reg=0x0 len=1 data=0d
1778318185.614000 R  i2c=0x30 reg=0x86 len=1
1778318185.618000 R= ret=0 data=00
1778318185.628000 W1 i2c=0x30 reg=0x0 val=0xf
1778318185.628000 W  i2c=0x30 reg=0x0 len=1 data=0f
1778318185.629000 R  i2c=0x30 reg=0x11 len=1
1778318185.632000 R= ret=0 data=00
1778318185.632000 W1 i2c=0x30 reg=0x0 val=0x9
1778318185.632000 W  i2c=0x30 reg=0x0 len=1 data=09
1778318185.633000 R  i2c=0x30 reg=0x62 len=1
1778318185.636000 R= ret=0 data=51
1778318185.636000 W1 i2c=0x30 reg=0x0 val=0xd
1778318185.636000 W  i2c=0x30 reg=0x0 len=1 data=0d
1778318185.637000 R  i2c=0x30 reg=0x86 len=1
1778318185.641000 R= ret=0 data=00
1778318185.652000 W1 i2c=0x30 reg=0x0 val=0xf
1778318185.652000 W  i2c=0x30 reg=0x0 len=1 data=0f
1778318185.653000 R  i2c=0x30 reg=0x11 len=1
1778318185.656000 R= ret=0 data=00
1778318185.656000 W1 i2c=0x30 reg=0x0 val=0x9
1778318185.656000 W  i2c=0x30 reg=0x0 len=1 data=09
1778318185.657000 R  i2c=0x30 reg=0x62 len=1
1778318185.661000 R= ret=0 data=51
1778318185.661000 W1 i2c=0x30 reg=0x0 val=0xd
1778318185.661000 W  i2c=0x30 reg=0x0 len=1 data=0d
1778318185.662000 R  i2c=0x30 reg=0x86 len=1
1778318185.665000 R= ret=0 data=00
1778318185.676000 W1 i2c=0x30 reg=0x0 val=0xf
1778318185.676000 W  i2c=0x30 reg=0x0 len=1 data=0f
1778318185.677000 R  i2c=0x30 reg=0x11 len=1
1778318185.681000 R= ret=0 data=00
1778318185.681000 W1 i2c=0x30 reg=0x0 val=0x9
1778318185.681000 W  i2c=0x30 reg=0x0 len=1 data=09
1778318185.682000 R  i2c=0x30 reg=0x62 len=1
1778318185.685000 R= ret=0 data=51
1778318185.685000 W1 i2c=0x30 reg=0x0 val=0xd
1778318185.685000 W  i2c=0x30 reg=0x0 len=1 data=0d
1778318185.686000 R  i2c=0x30 reg=0x86 len=1
1778318185.690000 R= ret=0 data=00
1778318185.700000 W1 i2c=0x30 reg=0x0 val=0xf
1778318185.700000 W  i2c=0x30 reg=0x0 len=1 data=0f
1778318185.701000 R  i2c=0x30 reg=0x11 len=1
1778318185.704000 R= ret=0 data=00
1778318185.704000 W1 i2c=0x30 reg=0x0 val=0x9
1778318185.704000 W  i2c=0x30 reg=0x0 len=1 data=09
1778318185.705000 R  i2c=0x30 reg=0x62 len=1
1778318185.708000 R= ret=0 data=51
1778318185.708000 W1 i2c=0x30 reg=0x0 val=0xd
1778318185.708000 W  i2c=0x30 reg=0x0 len=1 data=0d
1778318185.709000 R  i2c=0x30 reg=0x86 len=1
1778318185.713000 R= ret=0 data=00
1778318185.724000 W1 i2c=0x30 reg=0x0 val=0xf
1778318185.724000 W  i2c=0x30 reg=0x0 len=1 data=0f
1778318185.725000 R  i2c=0x30 reg=0x11 len=1
1778318185.728000 R= ret=0 data=00
1778318185.728000 W1 i2c=0x30 reg=0x0 val=0x9
1778318185.728000 W  i2c=0x30 reg=0x0 len=1 data=09
1778318185.729000 R  i2c=0x30 reg=0x62 len=1
1778318185.732000 R= ret=0 data=51
1778318185.732000 W1 i2c=0x30 reg=0x0 val=0xd
1778318185.732000 W  i2c=0x30 reg=0x0 len=1 data=0d
1778318185.733000 R  i2c=0x30 reg=0x86 len=1
1778318185.737000 R= ret=0 data=00
1778318185.747000 W1 i2c=0x30 reg=0x0 val=0xf
1778318185.747000 W  i2c=0x30 reg=0x0 len=1 data=0f
1778318185.748000 R  i2c=0x30 reg=0x11 len=1
1778318185.751000 R= ret=0 data=00
1778318185.751000 W1 i2c=0x30 reg=0x0 val=0x9
1778318185.751000 W  i2c=0x30 reg=0x0 len=1 data=09
1778318185.752000 R  i2c=0x30 reg=0x62 len=1
1778318185.755000 R= ret=0 data=51
1778318185.755000 W1 i2c=0x30 reg=0x0 val=0xd
1778318185.755000 W  i2c=0x30 reg=0x0 len=1 data=0d
1778318185.756000 R  i2c=0x30 reg=0x86 len=1
1778318185.759000 R= ret=0 data=00
1778318185.770000 W1 i2c=0x30 reg=0x0 val=0xf
1778318185.770000 W  i2c=0x30 reg=0x0 len=1 data=0f
1778318185.771000 R  i2c=0x30 reg=0x11 len=1
1778318185.774000 R= ret=0 data=00
1778318185.774000 W1 i2c=0x30 reg=0x0 val=0x9
1778318185.774000 W  i2c=0x30 reg=0x0 len=1 data=09
1778318185.775000 R  i2c=0x30 reg=0x62 len=1
1778318185.779000 R= ret=0 data=51
1778318185.779000 W1 i2c=0x30 reg=0x0 val=0xd
1778318185.779000 W  i2c=0x30 reg=0x0 len=1 data=0d
1778318185.780000 R  i2c=0x30 reg=0x86 len=1
1778318185.783000 R= ret=0 data=00
1778318185.794000 W1 i2c=0x30 reg=0x0 val=0xf
1778318185.794000 W  i2c=0x30 reg=0x0 len=1 data=0f
1778318185.795000 R  i2c=0x30 reg=0x11 len=1
1778318185.798000 R= ret=0 data=00
1778318185.798000 W1 i2c=0x30 reg=0x0 val=0x9
1778318185.798000 W  i2c=0x30 reg=0x0 len=1 data=09
1778318185.799000 R  i2c=0x30 reg=0x62 len=1
1778318185.802000 R= ret=0 data=51
1778318185.802000 W1 i2c=0x30 reg=0x0 val=0xd
1778318185.803000 W  i2c=0x30 reg=0x0 len=1 data=0d
1778318185.803000 R  i2c=0x30 reg=0x86 len=1
1778318185.807000 R= ret=0 data=00
1778318185.818000 W1 i2c=0x30 reg=0x0 val=0xf
1778318185.818000 W  i2c=0x30 reg=0x0 len=1 data=0f
1778318185.819000 R  i2c=0x30 reg=0x11 len=1
1778318185.823000 R= ret=0 data=00
1778318185.823000 W1 i2c=0x30 reg=0x0 val=0x9
1778318185.823000 W  i2c=0x30 reg=0x0 len=1 data=09
1778318185.824000 R  i2c=0x30 reg=0x62 len=1
1778318185.827000 R= ret=0 data=51
1778318185.827000 W1 i2c=0x30 reg=0x0 val=0xd
1778318185.827000 W  i2c=0x30 reg=0x0 len=1 data=0d
1778318185.828000 R  i2c=0x30 reg=0x86 len=1
1778318185.831000 R= ret=0 data=00
1778318185.841000 W1 i2c=0x30 reg=0x0 val=0xf
1778318185.841000 W  i2c=0x30 reg=0x0 len=1 data=0f
1778318185.843000 R  i2c=0x30 reg=0x11 len=1
1778318185.846000 R= ret=0 data=00
1778318185.846000 W1 i2c=0x30 reg=0x0 val=0x9
1778318185.846000 W  i2c=0x30 reg=0x0 len=1 data=09
1778318185.847000 R  i2c=0x30 reg=0x62 len=1
1778318185.850000 R= ret=0 data=51
1778318185.850000 W1 i2c=0x30 reg=0x0 val=0xd
1778318185.851000 W  i2c=0x30 reg=0x0 len=1 data=0d
1778318185.851000 R  i2c=0x30 reg=0x86 len=1
1778318185.855000 R= ret=0 data=00
1778318185.865000 W1 i2c=0x30 reg=0x0 val=0xf
1778318185.865000 W  i2c=0x30 reg=0x0 len=1 data=0f
1778318185.866000 R  i2c=0x30 reg=0x11 len=1
1778318185.870000 R= ret=0 data=00
1778318185.870000 W1 i2c=0x30 reg=0x0 val=0x9
1778318185.870000 W  i2c=0x30 reg=0x0 len=1 data=09
1778318185.871000 R  i2c=0x30 reg=0x62 len=1
1778318185.874000 R= ret=0 data=51
1778318185.874000 W1 i2c=0x30 reg=0x0 val=0xd
1778318185.874000 W  i2c=0x30 reg=0x0 len=1 data=0d
1778318185.875000 R  i2c=0x30 reg=0x86 len=1
1778318185.878000 R= ret=0 data=00
1778318185.889000 W1 i2c=0x30 reg=0x0 val=0xf
1778318185.889000 W  i2c=0x30 reg=0x0 len=1 data=0f
1778318185.891000 R  i2c=0x30 reg=0x11 len=1
1778318185.894000 R= ret=0 data=00
1778318185.894000 W1 i2c=0x30 reg=0x0 val=0x9
1778318185.894000 W  i2c=0x30 reg=0x0 len=1 data=09
1778318185.895000 R  i2c=0x30 reg=0x62 len=1
1778318185.898000 R= ret=0 data=51
1778318185.898000 W1 i2c=0x30 reg=0x0 val=0xd
1778318185.898000 W  i2c=0x30 reg=0x0 len=1 data=0d
1778318185.899000 R  i2c=0x30 reg=0x86 len=1
1778318185.902000 R= ret=0 data=00
1778318185.914000 W1 i2c=0x30 reg=0x0 val=0xf
1778318185.914000 W  i2c=0x30 reg=0x0 len=1 data=0f
1778318185.915000 R  i2c=0x30 reg=0x11 len=1
1778318185.918000 R= ret=0 data=00
1778318185.918000 W1 i2c=0x30 reg=0x0 val=0x9
1778318185.918000 W  i2c=0x30 reg=0x0 len=1 data=09
1778318185.919000 R  i2c=0x30 reg=0x62 len=1
1778318185.923000 R= ret=0 data=51
1778318185.923000 W1 i2c=0x30 reg=0x0 val=0xd
1778318185.923000 W  i2c=0x30 reg=0x0 len=1 data=0d
1778318185.924000 R  i2c=0x30 reg=0x86 len=1
1778318185.927000 R= ret=0 data=00
1778318185.938000 W1 i2c=0x30 reg=0x0 val=0xf
1778318185.938000 W  i2c=0x30 reg=0x0 len=1 data=0f
1778318185.939000 R  i2c=0x30 reg=0x11 len=1
1778318185.942000 R= ret=0 data=00
1778318185.942000 W1 i2c=0x30 reg=0x0 val=0x9
1778318185.942000 W  i2c=0x30 reg=0x0 len=1 data=09
1778318185.943000 R  i2c=0x30 reg=0x62 len=1
1778318185.947000 R= ret=0 data=51
1778318185.947000 W1 i2c=0x30 reg=0x0 val=0xd
1778318185.947000 W  i2c=0x30 reg=0x0 len=1 data=0d
1778318185.948000 R  i2c=0x30 reg=0x86 len=1
1778318185.951000 R= ret=0 data=00
1778318185.961000 W1 i2c=0x30 reg=0x0 val=0xf
1778318185.961000 W  i2c=0x30 reg=0x0 len=1 data=0f
1778318185.962000 R  i2c=0x30 reg=0x11 len=1
1778318185.965000 R= ret=0 data=00
1778318185.966000 W1 i2c=0x30 reg=0x0 val=0x9
1778318185.966000 W  i2c=0x30 reg=0x0 len=1 data=09
1778318185.966000 R  i2c=0x30 reg=0x62 len=1
1778318185.970000 R= ret=0 data=51
1778318185.970000 W1 i2c=0x30 reg=0x0 val=0xd
1778318185.970000 W  i2c=0x30 reg=0x0 len=1 data=0d
1778318185.971000 R  i2c=0x30 reg=0x86 len=1
1778318185.974000 R= ret=0 data=00
1778318185.981000 W1 i2c=0x30 reg=0x0 val=0xf
1778318185.981000 W  i2c=0x30 reg=0x0 len=1 data=0f
1778318185.982000 R  i2c=0x30 reg=0x11 len=1
1778318185.984000 W1 i2c=0x30 reg=0x0 val=0xf
1778318185.984000 W  i2c=0x30 reg=0x0 len=1 data=0f
1778318185.985000 R= ret=0 data=00
1778318185.985000 W1 i2c=0x30 reg=0x0 val=0x9
1778318185.985000 W  i2c=0x30 reg=0x0 len=1 data=09
1778318185.986000 R  i2c=0x30 reg=0x11 len=1
1778318185.987000 R  i2c=0x30 reg=0x62 len=1
1778318185.991000 R= ret=0 data=10
1778318185.991000 W1 i2c=0x30 reg=0x0 val=0x9
1778318185.991000 W  i2c=0x30 reg=0x0 len=1 data=09
1778318185.994000 R= ret=0 data=51
1778318185.994000 W1 i2c=0x30 reg=0x0 val=0xd
1778318185.994000 W  i2c=0x30 reg=0x0 len=1 data=0d
1778318185.995000 R  i2c=0x30 reg=0x62 len=1
1778318185.996000 R  i2c=0x30 reg=0x86 len=1
1778318185.999000 R= ret=0 data=00
1778318185.999000 W1 i2c=0x30 reg=0x0 val=0xd
1778318185.999000 W  i2c=0x30 reg=0x0 len=1 data=0d
1778318186.002000 R= ret=0 data=00
1778318186.002000 W1 i2c=0x30 reg=0x0 val=0xd
1778318186.002000 W  i2c=0x30 reg=0x0 len=1 data=0d
1778318186.003000 R  i2c=0x30 reg=0x86 len=1
1778318186.004000 R  i2c=0x30 reg=0x86 len=1
1778318186.008000 R= ret=0 data=00
1778318186.011000 R= ret=0 data=00
1778318186.011000 W1 i2c=0x30 reg=0x0 val=0xd
1778318186.011000 W  i2c=0x30 reg=0x0 len=1 data=0d
1778318186.012000 R  i2c=0x30 reg=0x86 len=1
1778318186.015000 R= ret=0 data=00
1778318186.016000 W1 i2c=0xdc reg=0x8 val=0x1
1778318186.016000 W  i2c=0xdc reg=0x8 len=1 data=01
1778318186.016000 W  i2c=0xc0 reg=0x87 len=2 data=c4 41
1778318186.017000 W  i2c=0xc0 reg=0x59 len=2 data=05 01
1778318186.018000 W1 i2c=0x30 reg=0x0 val=0xf
1778318186.018000 W  i2c=0x30 reg=0x0 len=1 data=0f
1778318186.018000 R  i2c=0xc0 reg=0x5b len=1
1778318186.019000 R  i2c=0x30 reg=0x11 len=1
1778318186.022000 R= ret=0 data=2d
1778318186.022000 W  i2c=0xc0 reg=0x59 len=2 data=03 01
1778318186.026000 R= ret=0 data=00
1778318186.026000 W1 i2c=0x30 reg=0x0 val=0x9
1778318186.026000 W  i2c=0x30 reg=0x0 len=1 data=09
1778318186.026000 R  i2c=0xc0 reg=0x5b len=1
1778318186.027000 R  i2c=0x30 reg=0x62 len=1
1778318186.031000 R= ret=0 data=08
1778318186.031000 W1 i2c=0xc0 reg=0x59 val=0x4
1778318186.031000 W  i2c=0xc0 reg=0x59 len=1 data=04
1778318186.034000 R= ret=0 data=51
1778318186.034000 W1 i2c=0x30 reg=0x0 val=0xd
1778318186.034000 W  i2c=0x30 reg=0x0 len=1 data=0d
1778318186.035000 W1 i2c=0xc0 reg=0x88 val=0x0
1778318186.035000 W  i2c=0xc0 reg=0x88 len=1 data=00
1778318186.036000 R  i2c=0x30 reg=0x86 len=1
1778318186.037000 W1 i2c=0xc0 reg=0x87 val=0xc0
1778318186.037000 W  i2c=0xc0 reg=0x87 len=1 data=c0
1778318186.040000 R= ret=0 data=00
1778318186.041000 R  i2c=0xc0 reg=0x69 len=1
1778318186.045000 R= ret=0 data=88
1778318186.045000 W1 i2c=0xdc reg=0x8 val=0x0
1778318186.045000 W  i2c=0xdc reg=0x8 len=1 data=00
1778318186.051000 W1 i2c=0x30 reg=0x0 val=0xf
1778318186.051000 W  i2c=0x30 reg=0x0 len=1 data=0f
1778318186.052000 R  i2c=0x30 reg=0x11 len=1
1778318186.055000 R= ret=0 data=00
1778318186.055000 W1 i2c=0x30 reg=0x0 val=0x9
1778318186.055000 W  i2c=0x30 reg=0x0 len=1 data=09
1778318186.056000 R  i2c=0x30 reg=0x62 len=1
1778318186.061000 R= ret=0 data=51
1778318186.061000 W1 i2c=0x30 reg=0x0 val=0xd
1778318186.061000 W  i2c=0x30 reg=0x0 len=1 data=0d
1778318186.062000 R  i2c=0x30 reg=0x86 len=1
1778318186.065000 R= ret=0 data=00
1778318186.076000 W1 i2c=0x30 reg=0x0 val=0xf
1778318186.076000 W  i2c=0x30 reg=0x0 len=1 data=0f
1778318186.077000 R  i2c=0x30 reg=0x11 len=1
1778318186.081000 R= ret=0 data=00
1778318186.081000 W1 i2c=0x30 reg=0x0 val=0x9
1778318186.081000 W  i2c=0x30 reg=0x0 len=1 data=09
1778318186.082000 R  i2c=0x30 reg=0x62 len=1
1778318186.085000 R= ret=0 data=51
1778318186.085000 W1 i2c=0x30 reg=0x0 val=0xd
1778318186.085000 W  i2c=0x30 reg=0x0 len=1 data=0d
1778318186.086000 R  i2c=0x30 reg=0x86 len=1
1778318186.089000 R= ret=0 data=00
1778318186.101000 W1 i2c=0x30 reg=0x0 val=0xf
1778318186.101000 W  i2c=0x30 reg=0x0 len=1 data=0f
1778318186.102000 R  i2c=0x30 reg=0x11 len=1
1778318186.105000 R= ret=0 data=00
1778318186.105000 W1 i2c=0x30 reg=0x0 val=0x9
1778318186.105000 W  i2c=0x30 reg=0x0 len=1 data=09
1778318186.106000 R  i2c=0x30 reg=0x62 len=1
1778318186.109000 R= ret=0 data=51
1778318186.109000 W1 i2c=0x30 reg=0x0 val=0xd
1778318186.109000 W  i2c=0x30 reg=0x0 len=1 data=0d
1778318186.110000 R  i2c=0x30 reg=0x86 len=1
1778318186.113000 R= ret=0 data=00
1778318186.123000 W1 i2c=0x30 reg=0x0 val=0xf
1778318186.123000 W  i2c=0x30 reg=0x0 len=1 data=0f
1778318186.124000 R  i2c=0x30 reg=0x11 len=1
1778318186.128000 R= ret=0 data=00
1778318186.128000 W1 i2c=0x30 reg=0x0 val=0x9
1778318186.128000 W  i2c=0x30 reg=0x0 len=1 data=09
1778318186.129000 R  i2c=0x30 reg=0x62 len=1
1778318186.132000 R= ret=0 data=51
1778318186.132000 W1 i2c=0x30 reg=0x0 val=0xd
1778318186.132000 W  i2c=0x30 reg=0x0 len=1 data=0d
1778318186.133000 R  i2c=0x30 reg=0x86 len=1
1778318186.137000 R= ret=0 data=00
1778318186.147000 W1 i2c=0x30 reg=0x0 val=0xf
1778318186.147000 W  i2c=0x30 reg=0x0 len=1 data=0f
1778318186.148000 R  i2c=0x30 reg=0x11 len=1
1778318186.151000 R= ret=0 data=00
1778318186.151000 W1 i2c=0x30 reg=0x0 val=0x9
1778318186.151000 W  i2c=0x30 reg=0x0 len=1 data=09
1778318186.152000 R  i2c=0x30 reg=0x62 len=1
1778318186.156000 R= ret=0 data=51
1778318186.156000 W1 i2c=0x30 reg=0x0 val=0xd
1778318186.156000 W  i2c=0x30 reg=0x0 len=1 data=0d
1778318186.157000 R  i2c=0x30 reg=0x86 len=1
1778318186.161000 R= ret=0 data=00
1778318186.171000 W1 i2c=0x30 reg=0x0 val=0xf
1778318186.172000 W  i2c=0x30 reg=0x0 len=1 data=0f
1778318186.172000 R  i2c=0x30 reg=0x11 len=1
1778318186.176000 R= ret=0 data=00
1778318186.176000 W1 i2c=0x30 reg=0x0 val=0x9
1778318186.176000 W  i2c=0x30 reg=0x0 len=1 data=09
1778318186.177000 R  i2c=0x30 reg=0x62 len=1
1778318186.180000 R= ret=0 data=51
1778318186.180000 W1 i2c=0x30 reg=0x0 val=0xd
1778318186.180000 W  i2c=0x30 reg=0x0 len=1 data=0d
1778318186.181000 R  i2c=0x30 reg=0x86 len=1
1778318186.185000 R= ret=0 data=00
1778318186.185000 <<< sony_cxd6801_integ_atsc_Tune ret=5
1778318186.185000 DRV_acquire ret=5
1778318186.848000 W1 i2c=0x30 reg=0x0 val=0xf
1778318186.848000 W  i2c=0x30 reg=0x0 len=1 data=0f
1778318186.849000 R  i2c=0x30 reg=0x11 len=1
1778318186.853000 R= ret=0 data=00
1778318186.853000 W1 i2c=0x30 reg=0x0 val=0x9
1778318186.853000 W  i2c=0x30 reg=0x0 len=1 data=09
1778318186.854000 R  i2c=0x30 reg=0x62 len=1
1778318186.858000 R= ret=0 data=51
1778318186.858000 W1 i2c=0x30 reg=0x0 val=0xd
1778318186.858000 W  i2c=0x30 reg=0x0 len=1 data=0d
1778318186.858000 R  i2c=0x30 reg=0x86 len=1
1778318186.862000 R= ret=0 data=00
1778318186.862000 W1 i2c=0x30 reg=0x0 val=0xd
1778318186.862000 W  i2c=0x30 reg=0x0 len=1 data=0d
1778318186.863000 R  i2c=0x30 reg=0x86 len=1
1778318186.867000 R= ret=0 data=00
1778318186.867000 W1 i2c=0x30 reg=0x0 val=0xd
1778318186.867000 W  i2c=0x30 reg=0x0 len=1 data=0d
1778318186.868000 R  i2c=0x30 reg=0x86 len=1
1778318186.871000 R= ret=0 data=00
1778318186.871000 W1 i2c=0xdc reg=0x8 val=0x1
1778318186.871000 W  i2c=0xdc reg=0x8 len=1 data=01
1778318186.872000 W  i2c=0xc0 reg=0x87 len=2 data=c4 41
1778318186.873000 W  i2c=0xc0 reg=0x59 len=2 data=05 01
1778318186.874000 R  i2c=0xc0 reg=0x5b len=1
1778318186.878000 R= ret=0 data=2d
1778318186.878000 W  i2c=0xc0 reg=0x59 len=2 data=03 01
1778318186.879000 R  i2c=0xc0 reg=0x5b len=1
1778318186.882000 R= ret=0 data=08
1778318186.882000 W1 i2c=0xc0 reg=0x59 val=0x4
1778318186.883000 W  i2c=0xc0 reg=0x59 len=1 data=04
1778318186.884000 W1 i2c=0xc0 reg=0x88 val=0x0
1778318186.884000 W  i2c=0xc0 reg=0x88 len=1 data=00
1778318186.885000 W1 i2c=0xc0 reg=0x87 val=0xc0
1778318186.885000 W  i2c=0xc0 reg=0x87 len=1 data=c0
1778318186.885000 R  i2c=0xc0 reg=0x69 len=1
1778318186.889000 R= ret=0 data=88
1778318186.889000 W1 i2c=0xdc reg=0x8 val=0x0
1778318186.889000 W  i2c=0xdc reg=0x8 len=1 data=00
1778318187.692000 W1 i2c=0x30 reg=0x0 val=0xf
1778318187.692000 W  i2c=0x30 reg=0x0 len=1 data=0f
1778318187.693000 R  i2c=0x30 reg=0x11 len=1
1778318187.697000 R= ret=0 data=00
1778318187.697000 W1 i2c=0x30 reg=0x0 val=0x9
1778318187.697000 W  i2c=0x30 reg=0x0 len=1 data=09
1778318187.698000 R  i2c=0x30 reg=0x62 len=1
1778318187.702000 R= ret=0 data=51
1778318187.702000 W1 i2c=0x30 reg=0x0 val=0xd
1778318187.702000 W  i2c=0x30 reg=0x0 len=1 data=0d
1778318187.703000 R  i2c=0x30 reg=0x86 len=1
1778318187.706000 R= ret=0 data=00
1778318187.706000 W1 i2c=0x30 reg=0x0 val=0xd
1778318187.706000 W  i2c=0x30 reg=0x0 len=1 data=0d
1778318187.707000 R  i2c=0x30 reg=0x86 len=1
1778318187.711000 R= ret=0 data=00
1778318187.711000 W1 i2c=0x30 reg=0x0 val=0xd
1778318187.711000 W  i2c=0x30 reg=0x0 len=1 data=0d
1778318187.712000 R  i2c=0x30 reg=0x86 len=1
1778318187.716000 R= ret=0 data=00
1778318187.716000 W1 i2c=0xdc reg=0x8 val=0x1
1778318187.716000 W  i2c=0xdc reg=0x8 len=1 data=01
1778318187.716000 W  i2c=0xc0 reg=0x87 len=2 data=c4 41
1778318187.717000 W  i2c=0xc0 reg=0x59 len=2 data=05 01
1778318187.718000 R  i2c=0xc0 reg=0x5b len=1
1778318187.722000 R= ret=0 data=2d
1778318187.722000 W  i2c=0xc0 reg=0x59 len=2 data=03 01
1778318187.723000 R  i2c=0xc0 reg=0x5b len=1
1778318187.726000 R= ret=0 data=08
1778318187.726000 W1 i2c=0xc0 reg=0x59 val=0x4
1778318187.726000 W  i2c=0xc0 reg=0x59 len=1 data=04
1778318187.727000 W1 i2c=0xc0 reg=0x88 val=0x0
1778318187.727000 W  i2c=0xc0 reg=0x88 len=1 data=00
1778318187.728000 W1 i2c=0xc0 reg=0x87 val=0xc0
1778318187.728000 W  i2c=0xc0 reg=0x87 len=1 data=c0
1778318187.729000 R  i2c=0xc0 reg=0x69 len=1
1778318187.732000 R= ret=0 data=88
1778318187.733000 W1 i2c=0xdc reg=0x8 val=0x0
1778318187.733000 W  i2c=0xdc reg=0x8 len=1 data=00
1778318188.534000 W1 i2c=0x30 reg=0x0 val=0xf
1778318188.534000 W  i2c=0x30 reg=0x0 len=1 data=0f
1778318188.540000 R  i2c=0x30 reg=0x11 len=1
1778318188.544000 R= ret=0 data=00
1778318188.544000 W1 i2c=0x30 reg=0x0 val=0x9
1778318188.544000 W  i2c=0x30 reg=0x0 len=1 data=09
1778318188.545000 R  i2c=0x30 reg=0x62 len=1
1778318188.548000 R= ret=0 data=51
1778318188.548000 W1 i2c=0x30 reg=0x0 val=0xd
1778318188.548000 W  i2c=0x30 reg=0x0 len=1 data=0d
1778318188.549000 R  i2c=0x30 reg=0x86 len=1
1778318188.553000 R= ret=0 data=00
1778318188.553000 W1 i2c=0x30 reg=0x0 val=0xd
1778318188.553000 W  i2c=0x30 reg=0x0 len=1 data=0d
1778318188.554000 R  i2c=0x30 reg=0x86 len=1
1778318188.557000 R= ret=0 data=00
1778318188.557000 W1 i2c=0x30 reg=0x0 val=0xd
1778318188.557000 W  i2c=0x30 reg=0x0 len=1 data=0d
1778318188.558000 R  i2c=0x30 reg=0x86 len=1
1778318188.562000 R= ret=0 data=00
1778318188.562000 W1 i2c=0xdc reg=0x8 val=0x1
1778318188.562000 W  i2c=0xdc reg=0x8 len=1 data=01
1778318188.562000 W  i2c=0xc0 reg=0x87 len=2 data=c4 41
1778318188.563000 W  i2c=0xc0 reg=0x59 len=2 data=05 01
1778318188.564000 R  i2c=0xc0 reg=0x5b len=1
1778318188.568000 R= ret=0 data=2b
1778318188.568000 W  i2c=0xc0 reg=0x59 len=2 data=03 01
1778318188.568000 R  i2c=0xc0 reg=0x5b len=1
1778318188.572000 R= ret=0 data=08
1778318188.572000 W1 i2c=0xc0 reg=0x59 val=0x4
1778318188.572000 W  i2c=0xc0 reg=0x59 len=1 data=04
1778318188.572000 W1 i2c=0xc0 reg=0x88 val=0x0
1778318188.572000 W  i2c=0xc0 reg=0x88 len=1 data=00
1778318188.573000 W1 i2c=0xc0 reg=0x87 val=0xc0
1778318188.573000 W  i2c=0xc0 reg=0x87 len=1 data=c0
1778318188.574000 R  i2c=0xc0 reg=0x69 len=1
1778318188.578000 R= ret=0 data=88
1778318188.578000 W1 i2c=0xdc reg=0x8 val=0x0
1778318188.578000 W  i2c=0xdc reg=0x8 len=1 data=00
1778318189.379000 W1 i2c=0x30 reg=0x0 val=0xf
1778318189.379000 W  i2c=0x30 reg=0x0 len=1 data=0f
1778318189.380000 R  i2c=0x30 reg=0x11 len=1
1778318189.384000 R= ret=0 data=00
1778318189.384000 W1 i2c=0x30 reg=0x0 val=0x9
1778318189.384000 W  i2c=0x30 reg=0x0 len=1 data=09
1778318189.385000 R  i2c=0x30 reg=0x62 len=1
1778318189.389000 R= ret=0 data=51
1778318189.389000 W1 i2c=0x30 reg=0x0 val=0xd
1778318189.389000 W  i2c=0x30 reg=0x0 len=1 data=0d
1778318189.390000 R  i2c=0x30 reg=0x86 len=1
1778318189.393000 R= ret=0 data=00
1778318189.393000 W1 i2c=0x30 reg=0x0 val=0xd
1778318189.393000 W  i2c=0x30 reg=0x0 len=1 data=0d
1778318189.394000 R  i2c=0x30 reg=0x86 len=1
1778318189.397000 R= ret=0 data=00
1778318189.397000 W1 i2c=0x30 reg=0x0 val=0xd
1778318189.397000 W  i2c=0x30 reg=0x0 len=1 data=0d
1778318189.398000 R  i2c=0x30 reg=0x86 len=1
1778318189.402000 R= ret=0 data=00
1778318189.402000 W1 i2c=0xdc reg=0x8 val=0x1
1778318189.402000 W  i2c=0xdc reg=0x8 len=1 data=01
1778318189.402000 W  i2c=0xc0 reg=0x87 len=2 data=c4 41
1778318189.403000 W  i2c=0xc0 reg=0x59 len=2 data=05 01
1778318189.404000 R  i2c=0xc0 reg=0x5b len=1
1778318189.408000 R= ret=0 data=2d
1778318189.408000 W  i2c=0xc0 reg=0x59 len=2 data=03 01
1778318189.408000 R  i2c=0xc0 reg=0x5b len=1
1778318189.412000 R= ret=0 data=08
1778318189.412000 W1 i2c=0xc0 reg=0x59 val=0x4
1778318189.412000 W  i2c=0xc0 reg=0x59 len=1 data=04
1778318189.413000 W1 i2c=0xc0 reg=0x88 val=0x0
1778318189.413000 W  i2c=0xc0 reg=0x88 len=1 data=00
1778318189.414000 W1 i2c=0xc0 reg=0x87 val=0xc0
1778318189.414000 W  i2c=0xc0 reg=0x87 len=1 data=c0
1778318189.415000 R  i2c=0xc0 reg=0x69 len=1
1778318189.418000 R= ret=0 data=88
1778318189.418000 W1 i2c=0xdc reg=0x8 val=0x0
1778318189.418000 W  i2c=0xdc reg=0x8 len=1 data=00
1778318190.222000 W1 i2c=0x30 reg=0x0 val=0xf
1778318190.222000 W  i2c=0x30 reg=0x0 len=1 data=0f
1778318190.223000 R  i2c=0x30 reg=0x11 len=1
1778318190.227000 R= ret=0 data=00
1778318190.227000 W1 i2c=0x30 reg=0x0 val=0x9
1778318190.227000 W  i2c=0x30 reg=0x0 len=1 data=09
1778318190.228000 R  i2c=0x30 reg=0x62 len=1
1778318190.232000 R= ret=0 data=51
1778318190.232000 W1 i2c=0x30 reg=0x0 val=0xd
1778318190.232000 W  i2c=0x30 reg=0x0 len=1 data=0d
1778318190.233000 R  i2c=0x30 reg=0x86 len=1
1778318190.236000 R= ret=0 data=00
1778318190.236000 W1 i2c=0x30 reg=0x0 val=0xd
1778318190.236000 W  i2c=0x30 reg=0x0 len=1 data=0d
1778318190.237000 R  i2c=0x30 reg=0x86 len=1
1778318190.241000 R= ret=0 data=00
1778318190.241000 W1 i2c=0x30 reg=0x0 val=0xd
1778318190.241000 W  i2c=0x30 reg=0x0 len=1 data=0d
1778318190.242000 R  i2c=0x30 reg=0x86 len=1
1778318190.245000 R= ret=0 data=00
1778318190.245000 W1 i2c=0xdc reg=0x8 val=0x1
1778318190.245000 W  i2c=0xdc reg=0x8 len=1 data=01
1778318190.246000 W  i2c=0xc0 reg=0x87 len=2 data=c4 41
1778318190.247000 W  i2c=0xc0 reg=0x59 len=2 data=05 01
1778318190.248000 R  i2c=0xc0 reg=0x5b len=1
1778318190.252000 R= ret=0 data=2d
1778318190.252000 W  i2c=0xc0 reg=0x59 len=2 data=03 01
1778318190.253000 R  i2c=0xc0 reg=0x5b len=1
1778318190.256000 R= ret=0 data=08
1778318190.256000 W1 i2c=0xc0 reg=0x59 val=0x4
1778318190.256000 W  i2c=0xc0 reg=0x59 len=1 data=04
1778318190.257000 W1 i2c=0xc0 reg=0x88 val=0x0
1778318190.257000 W  i2c=0xc0 reg=0x88 len=1 data=00
1778318190.258000 W1 i2c=0xc0 reg=0x87 val=0xc0
1778318190.258000 W  i2c=0xc0 reg=0x87 len=1 data=c0
1778318190.259000 R  i2c=0xc0 reg=0x69 len=1
1778318190.262000 R= ret=0 data=88
1778318190.263000 W1 i2c=0xdc reg=0x8 val=0x0
1778318190.263000 W  i2c=0xdc reg=0x8 len=1 data=00
1778318191.067000 W1 i2c=0x30 reg=0x0 val=0xf
1778318191.067000 W  i2c=0x30 reg=0x0 len=1 data=0f
1778318191.068000 R  i2c=0x30 reg=0x11 len=1
1778318191.072000 R= ret=0 data=00
1778318191.072000 W1 i2c=0x30 reg=0x0 val=0x9
1778318191.072000 W  i2c=0x30 reg=0x0 len=1 data=09
1778318191.073000 R  i2c=0x30 reg=0x62 len=1
1778318191.076000 R= ret=0 data=51
1778318191.076000 W1 i2c=0x30 reg=0x0 val=0xd
1778318191.076000 W  i2c=0x30 reg=0x0 len=1 data=0d
1778318191.078000 R  i2c=0x30 reg=0x86 len=1
1778318191.081000 R= ret=0 data=00
1778318191.081000 W1 i2c=0x30 reg=0x0 val=0xd
1778318191.081000 W  i2c=0x30 reg=0x0 len=1 data=0d
1778318191.083000 R  i2c=0x30 reg=0x86 len=1
1778318191.086000 R= ret=0 data=00
1778318191.086000 W1 i2c=0x30 reg=0x0 val=0xd
1778318191.086000 W  i2c=0x30 reg=0x0 len=1 data=0d
1778318191.087000 R  i2c=0x30 reg=0x86 len=1
1778318191.091000 R= ret=0 data=00
1778318191.091000 W1 i2c=0xdc reg=0x8 val=0x1
1778318191.091000 W  i2c=0xdc reg=0x8 len=1 data=01
1778318191.092000 W  i2c=0xc0 reg=0x87 len=2 data=c4 41
1778318191.093000 W  i2c=0xc0 reg=0x59 len=2 data=05 01
1778318191.094000 R  i2c=0xc0 reg=0x5b len=1
1778318191.098000 R= ret=0 data=2d
1778318191.098000 W  i2c=0xc0 reg=0x59 len=2 data=03 01
1778318191.099000 R  i2c=0xc0 reg=0x5b len=1
1778318191.102000 R= ret=0 data=08
1778318191.102000 W1 i2c=0xc0 reg=0x59 val=0x4
1778318191.102000 W  i2c=0xc0 reg=0x59 len=1 data=04
1778318191.103000 W1 i2c=0xc0 reg=0x88 val=0x0
1778318191.103000 W  i2c=0xc0 reg=0x88 len=1 data=00
1778318191.104000 W1 i2c=0xc0 reg=0x87 val=0xc0
1778318191.104000 W  i2c=0xc0 reg=0x87 len=1 data=c0
1778318191.105000 R  i2c=0xc0 reg=0x69 len=1
1778318191.109000 R= ret=0 data=88
1778318191.109000 W1 i2c=0xdc reg=0x8 val=0x0
1778318191.109000 W  i2c=0xdc reg=0x8 len=1 data=00
1778318191.910000 W1 i2c=0x30 reg=0x0 val=0xf
1778318191.910000 W  i2c=0x30 reg=0x0 len=1 data=0f
1778318191.911000 R  i2c=0x30 reg=0x11 len=1
1778318191.915000 R= ret=0 data=00
1778318191.915000 W1 i2c=0x30 reg=0x0 val=0x9
1778318191.915000 W  i2c=0x30 reg=0x0 len=1 data=09
1778318191.916000 R  i2c=0x30 reg=0x62 len=1
1778318191.920000 R= ret=0 data=51
1778318191.920000 W1 i2c=0x30 reg=0x0 val=0xd
1778318191.920000 W  i2c=0x30 reg=0x0 len=1 data=0d
1778318191.921000 R  i2c=0x30 reg=0x86 len=1
1778318191.925000 R= ret=0 data=00
1778318191.925000 W1 i2c=0x30 reg=0x0 val=0xd
1778318191.925000 W  i2c=0x30 reg=0x0 len=1 data=0d
1778318191.926000 R  i2c=0x30 reg=0x86 len=1
1778318191.929000 R= ret=0 data=00
1778318191.929000 W1 i2c=0x30 reg=0x0 val=0xd
1778318191.929000 W  i2c=0x30 reg=0x0 len=1 data=0d
1778318191.930000 R  i2c=0x30 reg=0x86 len=1
1778318191.933000 R= ret=0 data=00
1778318191.933000 W1 i2c=0xdc reg=0x8 val=0x1
1778318191.933000 W  i2c=0xdc reg=0x8 len=1 data=01
1778318191.934000 W  i2c=0xc0 reg=0x87 len=2 data=c4 41
1778318191.935000 W  i2c=0xc0 reg=0x59 len=2 data=05 01
1778318191.936000 R  i2c=0xc0 reg=0x5b len=1
1778318191.939000 R= ret=0 data=2d
1778318191.939000 W  i2c=0xc0 reg=0x59 len=2 data=03 01
1778318191.940000 R  i2c=0xc0 reg=0x5b len=1
1778318191.943000 R= ret=0 data=08
1778318191.943000 W1 i2c=0xc0 reg=0x59 val=0x4
1778318191.943000 W  i2c=0xc0 reg=0x59 len=1 data=04
1778318191.944000 W1 i2c=0xc0 reg=0x88 val=0x0
1778318191.944000 W  i2c=0xc0 reg=0x88 len=1 data=00
1778318191.945000 W1 i2c=0xc0 reg=0x87 val=0xc0
1778318191.945000 W  i2c=0xc0 reg=0x87 len=1 data=c0
1778318191.946000 R  i2c=0xc0 reg=0x69 len=1
1778318191.949000 R= ret=0 data=88
1778318191.949000 W1 i2c=0xdc reg=0x8 val=0x0
1778318191.949000 W  i2c=0xdc reg=0x8 len=1 data=00
1778318192.187000 nativeTune -> 503000
1778318192.187000 DRV_acquire: oldStd=0x5 freq=503000 -> ATSC 1.0
1778318192.187000 >>> sony_cxd6801_integ_atsc_Tune
1778318192.187000 >>> sony_cxd6801_demod_atsc_Tune
1778318192.187000 >>> sony_cxd6801_demod_SetStreamOutput
1778318192.187000 W1 i2c=0xd8 reg=0x0 val=0x0
1778318192.187000 W  i2c=0xd8 reg=0x0 len=1 data=00
1778318192.188000 R  i2c=0xd8 reg=0xa9 len=1
1778318192.192000 R= ret=0 data=00
1778318192.192000 W1 i2c=0xd8 reg=0x0 val=0x0
1778318192.192000 W  i2c=0xd8 reg=0x0 len=1 data=00
1778318192.193000 W1 i2c=0xd8 reg=0xc3 val=0x1
1778318192.193000 W  i2c=0xd8 reg=0xc3 len=1 data=01
1778318192.194000 <<< sony_cxd6801_demod_SetStreamOutput ret=0
1778318192.194000 <<< sony_cxd6801_demod_atsc_Tune ret=0
1778318192.194000 W1 i2c=0xdc reg=0x8 val=0x1
1778318192.194000 W  i2c=0xdc reg=0x8 len=1 data=01
1778318192.195000 B  i2c=0xc0 reg=0x74 val=0x2 mask=0x3
1778318192.195000 R  i2c=0xc0 reg=0x74 len=1
1778318192.198000 R= ret=0 data=11
1778318192.198000 W1 i2c=0xc0 reg=0x74 val=0x12
1778318192.198000 W  i2c=0xc0 reg=0x74 len=1 data=12
1778318192.199000 W  i2c=0xc0 reg=0x87 len=2 data=c4 40
1778318192.200000 W  i2c=0xc0 reg=0x91 len=2 data=10 20
1778318192.201000 W  i2c=0xc0 reg=0x9c len=2 data=00 00
1778318192.202000 W  i2c=0xc0 reg=0x5e len=9 data=ee 02 1e 67 03 b4 78 08
1778318192.203000 B  i2c=0xc0 reg=0x67 val=0x0 mask=0x6
1778318192.203000 R  i2c=0xc0 reg=0x67 len=1
1778318192.207000 R= ret=0 data=00
1778318192.207000 W1 i2c=0xc0 reg=0x67 val=0x0
1778318192.207000 W  i2c=0xc0 reg=0x67 len=1 data=00
1778318192.208000 W  i2c=0xc0 reg=0x68 len=17 data=00 88 00 0b 23 00 1a 1d
1778318192.260000 W1 i2c=0xc0 reg=0x88 val=0x0
1778318192.260000 W  i2c=0xc0 reg=0x88 len=1 data=00
1778318192.261000 W1 i2c=0xc0 reg=0x87 val=0xc0
1778318192.261000 W  i2c=0xc0 reg=0x87 len=1 data=c0
1778318192.262000 W1 i2c=0xdc reg=0x8 val=0x0
1778318192.262000 W  i2c=0xdc reg=0x8 len=1 data=00
1778318192.263000 W1 i2c=0x98 reg=0x0 val=0x1
1778318192.263000 W  i2c=0x98 reg=0x0 len=1 data=01
1778318192.264000 W1 i2c=0x98 reg=0x48 val=0x1
1778318192.264000 W  i2c=0x98 reg=0x48 len=1 data=01
1778318192.265000 W  i2c=0x98 reg=0xa len=6 data=b3 10 00 00 00 00
1778318192.266000 R  i2c=0x98 reg=0xa len=6
1778318192.270000 R= ret=0 data=30 00 00 00 00 b3
1778318192.270000 >>> sony_cxd6801_demod_SetStreamOutput
1778318192.270000 W1 i2c=0xd8 reg=0x0 val=0x0
1778318192.270000 W  i2c=0xd8 reg=0x0 len=1 data=00
1778318192.271000 R  i2c=0xd8 reg=0xa9 len=1
1778318192.274000 R= ret=0 data=00
1778318192.274000 W1 i2c=0xd8 reg=0x0 val=0x0
1778318192.274000 W  i2c=0xd8 reg=0x0 len=1 data=00
1778318192.276000 W1 i2c=0xd8 reg=0xc3 val=0x0
1778318192.276000 W  i2c=0xd8 reg=0xc3 len=1 data=00
1778318192.276000 <<< sony_cxd6801_demod_SetStreamOutput ret=0
1778318192.277000 W1 i2c=0x30 reg=0x0 val=0xf
1778318192.277000 W  i2c=0x30 reg=0x0 len=1 data=0f
1778318192.278000 R  i2c=0x30 reg=0x11 len=1
1778318192.281000 R= ret=0 data=00
1778318192.281000 W1 i2c=0x30 reg=0x0 val=0x9
1778318192.281000 W  i2c=0x30 reg=0x0 len=1 data=09
1778318192.282000 R  i2c=0x30 reg=0x62 len=1
1778318192.286000 R= ret=0 data=51
1778318192.286000 W1 i2c=0x30 reg=0x0 val=0xd
1778318192.286000 W  i2c=0x30 reg=0x0 len=1 data=0d
1778318192.287000 R  i2c=0x30 reg=0x86 len=1
1778318192.290000 R= ret=0 data=00
1778318192.300000 W1 i2c=0x30 reg=0x0 val=0xf
1778318192.300000 W  i2c=0x30 reg=0x0 len=1 data=0f
1778318192.301000 R  i2c=0x30 reg=0x11 len=1
1778318192.305000 R= ret=0 data=00
1778318192.305000 W1 i2c=0x30 reg=0x0 val=0x9
1778318192.305000 W  i2c=0x30 reg=0x0 len=1 data=09
1778318192.306000 R  i2c=0x30 reg=0x62 len=1
1778318192.310000 R= ret=0 data=51
1778318192.310000 W1 i2c=0x30 reg=0x0 val=0xd
1778318192.310000 W  i2c=0x30 reg=0x0 len=1 data=0d
1778318192.311000 R  i2c=0x30 reg=0x86 len=1
1778318192.314000 R= ret=0 data=00
1778318192.325000 W1 i2c=0x30 reg=0x0 val=0xf
1778318192.325000 W  i2c=0x30 reg=0x0 len=1 data=0f
1778318192.326000 R  i2c=0x30 reg=0x11 len=1
1778318192.330000 R= ret=0 data=00
1778318192.330000 W1 i2c=0x30 reg=0x0 val=0x9
1778318192.330000 W  i2c=0x30 reg=0x0 len=1 data=09
1778318192.331000 R  i2c=0x30 reg=0x62 len=1
1778318192.334000 R= ret=0 data=51
1778318192.334000 W1 i2c=0x30 reg=0x0 val=0xd
1778318192.334000 W  i2c=0x30 reg=0x0 len=1 data=0d
1778318192.335000 R  i2c=0x30 reg=0x86 len=1
1778318192.339000 R= ret=0 data=00
1778318192.350000 W1 i2c=0x30 reg=0x0 val=0xf
1778318192.350000 W  i2c=0x30 reg=0x0 len=1 data=0f
1778318192.351000 R  i2c=0x30 reg=0x11 len=1
1778318192.355000 R= ret=0 data=00
1778318192.355000 W1 i2c=0x30 reg=0x0 val=0x9
1778318192.355000 W  i2c=0x30 reg=0x0 len=1 data=09
1778318192.356000 R  i2c=0x30 reg=0x62 len=1
1778318192.359000 R= ret=0 data=51
1778318192.359000 W1 i2c=0x30 reg=0x0 val=0xd
1778318192.359000 W  i2c=0x30 reg=0x0 len=1 data=0d
1778318192.360000 R  i2c=0x30 reg=0x86 len=1
1778318192.364000 R= ret=0 data=00
1778318192.374000 W1 i2c=0x30 reg=0x0 val=0xf
1778318192.374000 W  i2c=0x30 reg=0x0 len=1 data=0f
1778318192.375000 R  i2c=0x30 reg=0x11 len=1
1778318192.378000 R= ret=0 data=00
1778318192.378000 W1 i2c=0x30 reg=0x0 val=0x9
1778318192.378000 W  i2c=0x30 reg=0x0 len=1 data=09
1778318192.379000 R  i2c=0x30 reg=0x62 len=1
1778318192.383000 R= ret=0 data=51
1778318192.383000 W1 i2c=0x30 reg=0x0 val=0xd
1778318192.383000 W  i2c=0x30 reg=0x0 len=1 data=0d
1778318192.384000 R  i2c=0x30 reg=0x86 len=1
1778318192.387000 R= ret=0 data=00
1778318192.398000 W1 i2c=0x30 reg=0x0 val=0xf
1778318192.398000 W  i2c=0x30 reg=0x0 len=1 data=0f
1778318192.399000 R  i2c=0x30 reg=0x11 len=1
1778318192.403000 R= ret=0 data=00
1778318192.403000 W1 i2c=0x30 reg=0x0 val=0x9
1778318192.403000 W  i2c=0x30 reg=0x0 len=1 data=09
1778318192.404000 R  i2c=0x30 reg=0x62 len=1
1778318192.407000 R= ret=0 data=51
1778318192.407000 W1 i2c=0x30 reg=0x0 val=0xd
1778318192.407000 W  i2c=0x30 reg=0x0 len=1 data=0d
1778318192.408000 R  i2c=0x30 reg=0x86 len=1
1778318192.412000 R= ret=0 data=00
1778318192.424000 W1 i2c=0x30 reg=0x0 val=0xf
1778318192.424000 W  i2c=0x30 reg=0x0 len=1 data=0f
1778318192.425000 R  i2c=0x30 reg=0x11 len=1
1778318192.428000 R= ret=0 data=00
1778318192.428000 W1 i2c=0x30 reg=0x0 val=0x9
1778318192.428000 W  i2c=0x30 reg=0x0 len=1 data=09
1778318192.429000 R  i2c=0x30 reg=0x62 len=1
1778318192.432000 R= ret=0 data=59
1778318192.432000 W1 i2c=0x30 reg=0x0 val=0xd
1778318192.432000 W  i2c=0x30 reg=0x0 len=1 data=0d
1778318192.433000 R  i2c=0x30 reg=0x86 len=1
1778318192.437000 R= ret=0 data=00
1778318192.447000 W1 i2c=0x30 reg=0x0 val=0xf
1778318192.447000 W  i2c=0x30 reg=0x0 len=1 data=0f
1778318192.448000 R  i2c=0x30 reg=0x11 len=1
1778318192.451000 R= ret=0 data=00
1778318192.451000 W1 i2c=0x30 reg=0x0 val=0x9
1778318192.451000 W  i2c=0x30 reg=0x0 len=1 data=09
1778318192.452000 R  i2c=0x30 reg=0x62 len=1
1778318192.455000 R= ret=0 data=51
1778318192.455000 W1 i2c=0x30 reg=0x0 val=0xd
1778318192.455000 W  i2c=0x30 reg=0x0 len=1 data=0d
1778318192.456000 R  i2c=0x30 reg=0x86 len=1
1778318192.460000 R= ret=0 data=00
1778318192.471000 W1 i2c=0x30 reg=0x0 val=0xf
1778318192.471000 W  i2c=0x30 reg=0x0 len=1 data=0f
1778318192.472000 R  i2c=0x30 reg=0x11 len=1
1778318192.475000 R= ret=0 data=00
1778318192.475000 W1 i2c=0x30 reg=0x0 val=0x9
1778318192.475000 W  i2c=0x30 reg=0x0 len=1 data=09
1778318192.476000 R  i2c=0x30 reg=0x62 len=1
1778318192.480000 R= ret=0 data=51
1778318192.480000 W1 i2c=0x30 reg=0x0 val=0xd
1778318192.480000 W  i2c=0x30 reg=0x0 len=1 data=0d
1778318192.481000 R  i2c=0x30 reg=0x86 len=1
1778318192.484000 R= ret=0 data=00
1778318192.494000 W1 i2c=0x30 reg=0x0 val=0xf
1778318192.494000 W  i2c=0x30 reg=0x0 len=1 data=0f
1778318192.495000 R  i2c=0x30 reg=0x11 len=1
1778318192.498000 R= ret=0 data=00
1778318192.498000 W1 i2c=0x30 reg=0x0 val=0x9
1778318192.498000 W  i2c=0x30 reg=0x0 len=1 data=09
1778318192.500000 R  i2c=0x30 reg=0x62 len=1
1778318192.503000 R= ret=0 data=51
1778318192.503000 W1 i2c=0x30 reg=0x0 val=0xd
1778318192.503000 W  i2c=0x30 reg=0x0 len=1 data=0d
1778318192.504000 R  i2c=0x30 reg=0x86 len=1
1778318192.509000 R= ret=0 data=00
1778318192.519000 W1 i2c=0x30 reg=0x0 val=0xf
1778318192.519000 W  i2c=0x30 reg=0x0 len=1 data=0f
1778318192.520000 R  i2c=0x30 reg=0x11 len=1
1778318192.524000 R= ret=0 data=00
1778318192.524000 W1 i2c=0x30 reg=0x0 val=0x9
1778318192.524000 W  i2c=0x30 reg=0x0 len=1 data=09
1778318192.525000 R  i2c=0x30 reg=0x62 len=1
1778318192.528000 R= ret=0 data=51
1778318192.528000 W1 i2c=0x30 reg=0x0 val=0xd
1778318192.528000 W  i2c=0x30 reg=0x0 len=1 data=0d
1778318192.529000 R  i2c=0x30 reg=0x86 len=1
1778318192.532000 R= ret=0 data=00
1778318192.543000 W1 i2c=0x30 reg=0x0 val=0xf
1778318192.543000 W  i2c=0x30 reg=0x0 len=1 data=0f
1778318192.544000 R  i2c=0x30 reg=0x11 len=1
1778318192.548000 R= ret=0 data=00
1778318192.548000 W1 i2c=0x30 reg=0x0 val=0x9
1778318192.548000 W  i2c=0x30 reg=0x0 len=1 data=09
1778318192.549000 R  i2c=0x30 reg=0x62 len=1
1778318192.552000 R= ret=0 data=51
1778318192.552000 W1 i2c=0x30 reg=0x0 val=0xd
1778318192.552000 W  i2c=0x30 reg=0x0 len=1 data=0d
1778318192.553000 R  i2c=0x30 reg=0x86 len=1
1778318192.557000 R= ret=0 data=00
1778318192.569000 W1 i2c=0x30 reg=0x0 val=0xf
1778318192.569000 W  i2c=0x30 reg=0x0 len=1 data=0f
1778318192.570000 R  i2c=0x30 reg=0x11 len=1
1778318192.573000 R= ret=0 data=00
1778318192.573000 W1 i2c=0x30 reg=0x0 val=0x9
1778318192.573000 W  i2c=0x30 reg=0x0 len=1 data=09
1778318192.574000 R  i2c=0x30 reg=0x62 len=1
1778318192.578000 R= ret=0 data=51
1778318192.578000 W1 i2c=0x30 reg=0x0 val=0xd
1778318192.578000 W  i2c=0x30 reg=0x0 len=1 data=0d
1778318192.579000 R  i2c=0x30 reg=0x86 len=1
1778318192.582000 R= ret=0 data=00
1778318192.592000 W1 i2c=0x30 reg=0x0 val=0xf
1778318192.592000 W  i2c=0x30 reg=0x0 len=1 data=0f
1778318192.593000 R  i2c=0x30 reg=0x11 len=1
1778318192.597000 R= ret=0 data=00
1778318192.597000 W1 i2c=0x30 reg=0x0 val=0x9
1778318192.597000 W  i2c=0x30 reg=0x0 len=1 data=09
1778318192.598000 R  i2c=0x30 reg=0x62 len=1
1778318192.601000 R= ret=0 data=51
1778318192.601000 W1 i2c=0x30 reg=0x0 val=0xd
1778318192.601000 W  i2c=0x30 reg=0x0 len=1 data=0d
1778318192.602000 R  i2c=0x30 reg=0x86 len=1
1778318192.606000 R= ret=0 data=00
1778318192.617000 W1 i2c=0x30 reg=0x0 val=0xf
1778318192.617000 W  i2c=0x30 reg=0x0 len=1 data=0f
1778318192.618000 R  i2c=0x30 reg=0x11 len=1
1778318192.621000 R= ret=0 data=00
1778318192.621000 W1 i2c=0x30 reg=0x0 val=0x9
1778318192.621000 W  i2c=0x30 reg=0x0 len=1 data=09
1778318192.622000 R  i2c=0x30 reg=0x62 len=1
1778318192.625000 R= ret=0 data=51
1778318192.625000 W1 i2c=0x30 reg=0x0 val=0xd
1778318192.625000 W  i2c=0x30 reg=0x0 len=1 data=0d
1778318192.626000 R  i2c=0x30 reg=0x86 len=1
1778318192.630000 R= ret=0 data=00
1778318192.640000 W1 i2c=0x30 reg=0x0 val=0xf
1778318192.640000 W  i2c=0x30 reg=0x0 len=1 data=0f
1778318192.641000 R  i2c=0x30 reg=0x11 len=1
1778318192.644000 R= ret=0 data=00
1778318192.644000 W1 i2c=0x30 reg=0x0 val=0x9
1778318192.644000 W  i2c=0x30 reg=0x0 len=1 data=09
1778318192.645000 R  i2c=0x30 reg=0x62 len=1
1778318192.649000 R= ret=0 data=51
1778318192.649000 W1 i2c=0x30 reg=0x0 val=0xd
1778318192.649000 W  i2c=0x30 reg=0x0 len=1 data=0d
1778318192.649000 R  i2c=0x30 reg=0x86 len=1
1778318192.653000 R= ret=0 data=00
1778318192.663000 W1 i2c=0x30 reg=0x0 val=0xf
1778318192.663000 W  i2c=0x30 reg=0x0 len=1 data=0f
1778318192.664000 R  i2c=0x30 reg=0x11 len=1
1778318192.668000 R= ret=0 data=00
1778318192.668000 W1 i2c=0x30 reg=0x0 val=0x9
1778318192.668000 W  i2c=0x30 reg=0x0 len=1 data=09
1778318192.669000 R  i2c=0x30 reg=0x62 len=1
1778318192.672000 R= ret=0 data=51
1778318192.672000 W1 i2c=0x30 reg=0x0 val=0xd
1778318192.672000 W  i2c=0x30 reg=0x0 len=1 data=0d
1778318192.673000 R  i2c=0x30 reg=0x86 len=1
1778318192.677000 R= ret=0 data=00
1778318192.688000 W1 i2c=0x30 reg=0x0 val=0xf
1778318192.688000 W  i2c=0x30 reg=0x0 len=1 data=0f
1778318192.689000 R  i2c=0x30 reg=0x11 len=1
1778318192.692000 R= ret=0 data=00
1778318192.692000 W1 i2c=0x30 reg=0x0 val=0x9
1778318192.692000 W  i2c=0x30 reg=0x0 len=1 data=09
1778318192.694000 R  i2c=0x30 reg=0x62 len=1
1778318192.697000 R= ret=0 data=51
1778318192.697000 W1 i2c=0x30 reg=0x0 val=0xd
1778318192.697000 W  i2c=0x30 reg=0x0 len=1 data=0d
1778318192.698000 R  i2c=0x30 reg=0x86 len=1
1778318192.702000 R= ret=0 data=00
1778318192.713000 W1 i2c=0x30 reg=0x0 val=0xf
1778318192.713000 W  i2c=0x30 reg=0x0 len=1 data=0f
1778318192.714000 R  i2c=0x30 reg=0x11 len=1
1778318192.718000 R= ret=0 data=00
1778318192.718000 W1 i2c=0x30 reg=0x0 val=0x9
1778318192.718000 W  i2c=0x30 reg=0x0 len=1 data=09
1778318192.719000 R  i2c=0x30 reg=0x62 len=1
1778318192.723000 R= ret=0 data=51
1778318192.723000 W1 i2c=0x30 reg=0x0 val=0xd
1778318192.723000 W  i2c=0x30 reg=0x0 len=1 data=0d
1778318192.724000 R  i2c=0x30 reg=0x86 len=1
1778318192.727000 R= ret=0 data=00
1778318192.737000 W1 i2c=0x30 reg=0x0 val=0xf
1778318192.737000 W  i2c=0x30 reg=0x0 len=1 data=0f
1778318192.738000 R  i2c=0x30 reg=0x11 len=1
1778318192.742000 R= ret=0 data=00
1778318192.742000 W1 i2c=0x30 reg=0x0 val=0x9
1778318192.742000 W  i2c=0x30 reg=0x0 len=1 data=09
1778318192.743000 R  i2c=0x30 reg=0x62 len=1
1778318192.746000 R= ret=0 data=51
1778318192.746000 W1 i2c=0x30 reg=0x0 val=0xd
1778318192.746000 W  i2c=0x30 reg=0x0 len=1 data=0d
1778318192.747000 R  i2c=0x30 reg=0x86 len=1
1778318192.751000 R= ret=0 data=00
1778318192.751000 W1 i2c=0x30 reg=0x0 val=0xf
1778318192.751000 W  i2c=0x30 reg=0x0 len=1 data=0f
1778318192.752000 R  i2c=0x30 reg=0x11 len=1
1778318192.755000 R= ret=0 data=00
1778318192.755000 W1 i2c=0x30 reg=0x0 val=0x9
1778318192.755000 W  i2c=0x30 reg=0x0 len=1 data=09
1778318192.756000 R  i2c=0x30 reg=0x62 len=1
1778318192.760000 R= ret=0 data=51
1778318192.760000 W1 i2c=0x30 reg=0x0 val=0xd
1778318192.760000 W  i2c=0x30 reg=0x0 len=1 data=0d
1778318192.760000 R  i2c=0x30 reg=0x86 len=1
1778318192.761000 W1 i2c=0x30 reg=0x0 val=0xf
1778318192.761000 W  i2c=0x30 reg=0x0 len=1 data=0f
1778318192.764000 R= ret=0 data=00
1778318192.764000 W1 i2c=0x30 reg=0x0 val=0xd
1778318192.764000 W  i2c=0x30 reg=0x0 len=1 data=0d
1778318192.765000 R  i2c=0x30 reg=0x11 len=1
1778318192.766000 R  i2c=0x30 reg=0x86 len=1
1778318192.769000 R= ret=0 data=00
1778318192.769000 W1 i2c=0x30 reg=0x0 val=0x9
1778318192.769000 W  i2c=0x30 reg=0x0 len=1 data=09
1778318192.773000 R= ret=0 data=00
1778318192.773000 W1 i2c=0x30 reg=0x0 val=0xd
1778318192.773000 W  i2c=0x30 reg=0x0 len=1 data=0d
1778318192.773000 R  i2c=0x30 reg=0x62 len=1
1778318192.775000 R  i2c=0x30 reg=0x86 len=1
1778318192.778000 R= ret=0 data=00
1778318192.778000 W1 i2c=0x30 reg=0x0 val=0xd
1778318192.778000 W  i2c=0x30 reg=0x0 len=1 data=0d
1778318192.781000 R= ret=0 data=00
1778318192.781000 W1 i2c=0xdc reg=0x8 val=0x1
1778318192.781000 W  i2c=0xdc reg=0x8 len=1 data=01
1778318192.782000 R  i2c=0x30 reg=0x86 len=1
1778318192.783000 W  i2c=0xc0 reg=0x87 len=2 data=c4 41
1778318192.787000 R= ret=0 data=00
1778318192.788000 W  i2c=0xc0 reg=0x59 len=2 data=05 01
1778318192.788000 R  i2c=0xc0 reg=0x5b len=1
1778318192.792000 R= ret=0 data=24
1778318192.792000 W  i2c=0xc0 reg=0x59 len=2 data=03 01
1778318192.793000 R  i2c=0xc0 reg=0x5b len=1
1778318192.796000 R= ret=0 data=08
1778318192.796000 W1 i2c=0xc0 reg=0x59 val=0x4
1778318192.796000 W  i2c=0xc0 reg=0x59 len=1 data=04
1778318192.797000 W1 i2c=0x30 reg=0x0 val=0xf
1778318192.797000 W  i2c=0x30 reg=0x0 len=1 data=0f
1778318192.797000 W1 i2c=0xc0 reg=0x88 val=0x0
1778318192.798000 W  i2c=0xc0 reg=0x88 len=1 data=00
1778318192.798000 R  i2c=0x30 reg=0x11 len=1
1778318192.802000 R= ret=0 data=00
1778318192.802000 W1 i2c=0x30 reg=0x0 val=0x9
1778318192.802000 W  i2c=0x30 reg=0x0 len=1 data=09
1778318192.803000 W1 i2c=0xc0 reg=0x87 val=0xc0
1778318192.803000 W  i2c=0xc0 reg=0x87 len=1 data=c0
1778318192.804000 R  i2c=0x30 reg=0x62 len=1
1778318192.805000 R  i2c=0xc0 reg=0x69 len=1
1778318192.808000 R= ret=0 data=51
1778318192.808000 W1 i2c=0x30 reg=0x0 val=0xd
1778318192.808000 W  i2c=0x30 reg=0x0 len=1 data=0d
1778318192.812000 R= ret=0 data=88
1778318192.812000 W1 i2c=0xdc reg=0x8 val=0x0
1778318192.812000 W  i2c=0xdc reg=0x8 len=1 data=00
1778318192.813000 R  i2c=0x30 reg=0x86 len=1
1778318192.817000 R= ret=0 data=00
1778318192.828000 W1 i2c=0x30 reg=0x0 val=0xf
1778318192.828000 W  i2c=0x30 reg=0x0 len=1 data=0f
1778318192.829000 R  i2c=0x30 reg=0x11 len=1
1778318192.832000 R= ret=0 data=00
1778318192.832000 W1 i2c=0x30 reg=0x0 val=0x9
1778318192.832000 W  i2c=0x30 reg=0x0 len=1 data=09
1778318192.833000 R  i2c=0x30 reg=0x62 len=1
1778318192.836000 R= ret=0 data=51
1778318192.836000 W1 i2c=0x30 reg=0x0 val=0xd
1778318192.836000 W  i2c=0x30 reg=0x0 len=1 data=0d
1778318192.838000 R  i2c=0x30 reg=0x86 len=1
1778318192.841000 R= ret=0 data=00
1778318192.852000 W1 i2c=0x30 reg=0x0 val=0xf
1778318192.852000 W  i2c=0x30 reg=0x0 len=1 data=0f
1778318192.853000 R  i2c=0x30 reg=0x11 len=1
1778318192.856000 R= ret=0 data=00
1778318192.856000 W1 i2c=0x30 reg=0x0 val=0x9
1778318192.856000 W  i2c=0x30 reg=0x0 len=1 data=09
1778318192.857000 R  i2c=0x30 reg=0x62 len=1
1778318192.861000 R= ret=0 data=51
1778318192.861000 W1 i2c=0x30 reg=0x0 val=0xd
1778318192.861000 W  i2c=0x30 reg=0x0 len=1 data=0d
1778318192.862000 R  i2c=0x30 reg=0x86 len=1
1778318192.865000 R= ret=0 data=00
1778318192.876000 W1 i2c=0x30 reg=0x0 val=0xf
1778318192.876000 W  i2c=0x30 reg=0x0 len=1 data=0f
1778318192.878000 R  i2c=0x30 reg=0x11 len=1
1778318192.881000 R= ret=0 data=00
1778318192.881000 W1 i2c=0x30 reg=0x0 val=0x9
1778318192.881000 W  i2c=0x30 reg=0x0 len=1 data=09
1778318192.882000 R  i2c=0x30 reg=0x62 len=1
1778318192.885000 R= ret=0 data=51
1778318192.885000 W1 i2c=0x30 reg=0x0 val=0xd
1778318192.885000 W  i2c=0x30 reg=0x0 len=1 data=0d
1778318192.886000 R  i2c=0x30 reg=0x86 len=1
1778318192.890000 R= ret=0 data=00
1778318192.901000 W1 i2c=0x30 reg=0x0 val=0xf
1778318192.901000 W  i2c=0x30 reg=0x0 len=1 data=0f
1778318192.902000 R  i2c=0x30 reg=0x11 len=1
1778318192.906000 R= ret=0 data=00
1778318192.906000 W1 i2c=0x30 reg=0x0 val=0x9
1778318192.906000 W  i2c=0x30 reg=0x0 len=1 data=09
1778318192.907000 R  i2c=0x30 reg=0x62 len=1
1778318192.911000 R= ret=0 data=51
1778318192.911000 W1 i2c=0x30 reg=0x0 val=0xd
1778318192.911000 W  i2c=0x30 reg=0x0 len=1 data=0d
1778318192.912000 R  i2c=0x30 reg=0x86 len=1
1778318192.915000 R= ret=0 data=00
1778318192.926000 W1 i2c=0x30 reg=0x0 val=0xf
1778318192.926000 W  i2c=0x30 reg=0x0 len=1 data=0f
1778318192.927000 R  i2c=0x30 reg=0x11 len=1
1778318192.930000 R= ret=0 data=00
1778318192.930000 W1 i2c=0x30 reg=0x0 val=0x9
1778318192.930000 W  i2c=0x30 reg=0x0 len=1 data=09
1778318192.932000 R  i2c=0x30 reg=0x62 len=1
1778318192.935000 R= ret=0 data=51
1778318192.935000 W1 i2c=0x30 reg=0x0 val=0xd
1778318192.935000 W  i2c=0x30 reg=0x0 len=1 data=0d
1778318192.936000 R  i2c=0x30 reg=0x86 len=1
1778318192.939000 R= ret=0 data=00
1778318192.950000 W1 i2c=0x30 reg=0x0 val=0xf
1778318192.950000 W  i2c=0x30 reg=0x0 len=1 data=0f
1778318192.951000 R  i2c=0x30 reg=0x11 len=1
1778318192.954000 R= ret=0 data=00
1778318192.954000 W1 i2c=0x30 reg=0x0 val=0x9
1778318192.954000 W  i2c=0x30 reg=0x0 len=1 data=09
1778318192.955000 R  i2c=0x30 reg=0x62 len=1
1778318192.958000 R= ret=0 data=51
1778318192.958000 W1 i2c=0x30 reg=0x0 val=0xd
1778318192.958000 W  i2c=0x30 reg=0x0 len=1 data=0d
1778318192.959000 R  i2c=0x30 reg=0x86 len=1
1778318192.963000 R= ret=0 data=00
1778318192.973000 W1 i2c=0x30 reg=0x0 val=0xf
1778318192.973000 W  i2c=0x30 reg=0x0 len=1 data=0f
1778318192.974000 R  i2c=0x30 reg=0x11 len=1
1778318192.977000 R= ret=0 data=00
1778318192.977000 W1 i2c=0x30 reg=0x0 val=0x9
1778318192.977000 W  i2c=0x30 reg=0x0 len=1 data=09
1778318192.978000 R  i2c=0x30 reg=0x62 len=1
1778318192.982000 R= ret=0 data=51
1778318192.982000 W1 i2c=0x30 reg=0x0 val=0xd
1778318192.982000 W  i2c=0x30 reg=0x0 len=1 data=0d
1778318192.983000 R  i2c=0x30 reg=0x86 len=1
1778318192.986000 R= ret=0 data=00
1778318192.996000 W1 i2c=0x30 reg=0x0 val=0xf
1778318192.996000 W  i2c=0x30 reg=0x0 len=1 data=0f
1778318192.997000 R  i2c=0x30 reg=0x11 len=1
1778318193.001000 R= ret=0 data=00
1778318193.001000 W1 i2c=0x30 reg=0x0 val=0x9
1778318193.001000 W  i2c=0x30 reg=0x0 len=1 data=09
1778318193.002000 R  i2c=0x30 reg=0x62 len=1
1778318193.005000 R= ret=0 data=51
1778318193.005000 W1 i2c=0x30 reg=0x0 val=0xd
1778318193.005000 W  i2c=0x30 reg=0x0 len=1 data=0d
1778318193.006000 R  i2c=0x30 reg=0x86 len=1
1778318193.009000 R= ret=0 data=00
1778318193.020000 W1 i2c=0x30 reg=0x0 val=0xf
1778318193.020000 W  i2c=0x30 reg=0x0 len=1 data=0f
1778318193.021000 R  i2c=0x30 reg=0x11 len=1
1778318193.025000 R= ret=0 data=00
1778318193.025000 W1 i2c=0x30 reg=0x0 val=0x9
1778318193.025000 W  i2c=0x30 reg=0x0 len=1 data=09
1778318193.026000 R  i2c=0x30 reg=0x62 len=1
1778318193.029000 R= ret=0 data=41
1778318193.029000 W1 i2c=0x30 reg=0x0 val=0xd
1778318193.029000 W  i2c=0x30 reg=0x0 len=1 data=0d
1778318193.030000 R  i2c=0x30 reg=0x86 len=1
1778318193.033000 R= ret=0 data=00
1778318193.045000 W1 i2c=0x30 reg=0x0 val=0xf
1778318193.045000 W  i2c=0x30 reg=0x0 len=1 data=0f
1778318193.046000 R  i2c=0x30 reg=0x11 len=1
1778318193.049000 R= ret=0 data=00
1778318193.049000 W1 i2c=0x30 reg=0x0 val=0x9
1778318193.049000 W  i2c=0x30 reg=0x0 len=1 data=09
1778318193.050000 R  i2c=0x30 reg=0x62 len=1
1778318193.054000 R= ret=0 data=51
1778318193.054000 W1 i2c=0x30 reg=0x0 val=0xd
1778318193.054000 W  i2c=0x30 reg=0x0 len=1 data=0d
1778318193.055000 R  i2c=0x30 reg=0x86 len=1
1778318193.058000 R= ret=0 data=00
1778318193.068000 W1 i2c=0x30 reg=0x0 val=0xf
1778318193.068000 W  i2c=0x30 reg=0x0 len=1 data=0f
1778318193.069000 R  i2c=0x30 reg=0x11 len=1
1778318193.073000 R= ret=0 data=00
1778318193.073000 W1 i2c=0x30 reg=0x0 val=0x9
1778318193.073000 W  i2c=0x30 reg=0x0 len=1 data=09
1778318193.074000 R  i2c=0x30 reg=0x62 len=1
1778318193.077000 R= ret=0 data=51
1778318193.077000 W1 i2c=0x30 reg=0x0 val=0xd
1778318193.077000 W  i2c=0x30 reg=0x0 len=1 data=0d
1778318193.078000 R  i2c=0x30 reg=0x86 len=1
1778318193.082000 R= ret=0 data=00
1778318193.092000 W1 i2c=0x30 reg=0x0 val=0xf
1778318193.092000 W  i2c=0x30 reg=0x0 len=1 data=0f
1778318193.093000 R  i2c=0x30 reg=0x11 len=1
1778318193.097000 R= ret=0 data=00
1778318193.097000 W1 i2c=0x30 reg=0x0 val=0x9
1778318193.097000 W  i2c=0x30 reg=0x0 len=1 data=09
1778318193.098000 R  i2c=0x30 reg=0x62 len=1
1778318193.101000 R= ret=0 data=51
1778318193.101000 W1 i2c=0x30 reg=0x0 val=0xd
1778318193.101000 W  i2c=0x30 reg=0x0 len=1 data=0d
1778318193.102000 R  i2c=0x30 reg=0x86 len=1
1778318193.106000 R= ret=0 data=00
1778318193.118000 W1 i2c=0x30 reg=0x0 val=0xf
1778318193.118000 W  i2c=0x30 reg=0x0 len=1 data=0f
1778318193.119000 R  i2c=0x30 reg=0x11 len=1
1778318193.123000 R= ret=0 data=00
1778318193.123000 W1 i2c=0x30 reg=0x0 val=0x9
1778318193.123000 W  i2c=0x30 reg=0x0 len=1 data=09
1778318193.124000 R  i2c=0x30 reg=0x62 len=1
1778318193.127000 R= ret=0 data=51
1778318193.127000 W1 i2c=0x30 reg=0x0 val=0xd
1778318193.127000 W  i2c=0x30 reg=0x0 len=1 data=0d
1778318193.128000 R  i2c=0x30 reg=0x86 len=1
1778318193.131000 R= ret=0 data=00
1778318193.142000 W1 i2c=0x30 reg=0x0 val=0xf
1778318193.142000 W  i2c=0x30 reg=0x0 len=1 data=0f
1778318193.143000 R  i2c=0x30 reg=0x11 len=1
1778318193.146000 R= ret=0 data=00
1778318193.146000 W1 i2c=0x30 reg=0x0 val=0x9
1778318193.146000 W  i2c=0x30 reg=0x0 len=1 data=09
1778318193.147000 R  i2c=0x30 reg=0x62 len=1
1778318193.150000 R= ret=0 data=51
1778318193.150000 W1 i2c=0x30 reg=0x0 val=0xd
1778318193.150000 W  i2c=0x30 reg=0x0 len=1 data=0d
1778318193.151000 R  i2c=0x30 reg=0x86 len=1
1778318193.154000 R= ret=0 data=00
1778318193.166000 W1 i2c=0x30 reg=0x0 val=0xf
1778318193.166000 W  i2c=0x30 reg=0x0 len=1 data=0f
1778318193.167000 R  i2c=0x30 reg=0x11 len=1
1778318193.170000 R= ret=0 data=00
1778318193.170000 W1 i2c=0x30 reg=0x0 val=0x9
1778318193.170000 W  i2c=0x30 reg=0x0 len=1 data=09
1778318193.171000 R  i2c=0x30 reg=0x62 len=1
1778318193.174000 R= ret=0 data=51
1778318193.174000 W1 i2c=0x30 reg=0x0 val=0xd
1778318193.174000 W  i2c=0x30 reg=0x0 len=1 data=0d
1778318193.175000 R  i2c=0x30 reg=0x86 len=1
1778318193.179000 R= ret=0 data=00
1778318193.189000 W1 i2c=0x30 reg=0x0 val=0xf
1778318193.190000 W  i2c=0x30 reg=0x0 len=1 data=0f
1778318193.190000 R  i2c=0x30 reg=0x11 len=1
1778318193.194000 R= ret=0 data=00
1778318193.194000 W1 i2c=0x30 reg=0x0 val=0x9
1778318193.194000 W  i2c=0x30 reg=0x0 len=1 data=09
1778318193.195000 R  i2c=0x30 reg=0x62 len=1
1778318193.198000 R= ret=0 data=51
1778318193.198000 W1 i2c=0x30 reg=0x0 val=0xd
1778318193.198000 W  i2c=0x30 reg=0x0 len=1 data=0d
1778318193.199000 R  i2c=0x30 reg=0x86 len=1
1778318193.203000 R= ret=0 data=00
1778318193.213000 W1 i2c=0x30 reg=0x0 val=0xf
1778318193.213000 W  i2c=0x30 reg=0x0 len=1 data=0f
1778318193.214000 R  i2c=0x30 reg=0x11 len=1
1778318193.217000 R= ret=0 data=00
1778318193.217000 W1 i2c=0x30 reg=0x0 val=0x9
1778318193.217000 W  i2c=0x30 reg=0x0 len=1 data=09
1778318193.218000 R  i2c=0x30 reg=0x62 len=1
1778318193.221000 R= ret=0 data=51
1778318193.221000 W1 i2c=0x30 reg=0x0 val=0xd
1778318193.221000 W  i2c=0x30 reg=0x0 len=1 data=0d
1778318193.222000 R  i2c=0x30 reg=0x86 len=1
1778318193.225000 R= ret=0 data=00
1778318193.235000 W1 i2c=0x30 reg=0x0 val=0xf
1778318193.235000 W  i2c=0x30 reg=0x0 len=1 data=0f
1778318193.236000 R  i2c=0x30 reg=0x11 len=1
1778318193.240000 R= ret=0 data=00
1778318193.240000 W1 i2c=0x30 reg=0x0 val=0x9
1778318193.240000 W  i2c=0x30 reg=0x0 len=1 data=09
1778318193.241000 R  i2c=0x30 reg=0x62 len=1
1778318193.244000 R= ret=0 data=51
1778318193.244000 W1 i2c=0x30 reg=0x0 val=0xd
1778318193.244000 W  i2c=0x30 reg=0x0 len=1 data=0d
1778318193.245000 R  i2c=0x30 reg=0x86 len=1
1778318193.248000 R= ret=0 data=00
1778318193.259000 W1 i2c=0x30 reg=0x0 val=0xf
1778318193.259000 W  i2c=0x30 reg=0x0 len=1 data=0f
1778318193.260000 R  i2c=0x30 reg=0x11 len=1
1778318193.264000 R= ret=0 data=00
1778318193.264000 W1 i2c=0x30 reg=0x0 val=0x9
1778318193.264000 W  i2c=0x30 reg=0x0 len=1 data=09
1778318193.264000 R  i2c=0x30 reg=0x62 len=1
1778318193.268000 R= ret=0 data=51
1778318193.268000 W1 i2c=0x30 reg=0x0 val=0xd
1778318193.268000 W  i2c=0x30 reg=0x0 len=1 data=0d
1778318193.269000 R  i2c=0x30 reg=0x86 len=1
1778318193.273000 R= ret=0 data=00
1778318193.283000 W1 i2c=0x30 reg=0x0 val=0xf
1778318193.283000 W  i2c=0x30 reg=0x0 len=1 data=0f
1778318193.284000 R  i2c=0x30 reg=0x11 len=1
1778318193.288000 R= ret=0 data=00
1778318193.288000 W1 i2c=0x30 reg=0x0 val=0x9
1778318193.288000 W  i2c=0x30 reg=0x0 len=1 data=09
1778318193.289000 R  i2c=0x30 reg=0x62 len=1
1778318193.292000 R= ret=0 data=51
1778318193.292000 W1 i2c=0x30 reg=0x0 val=0xd
1778318193.292000 W  i2c=0x30 reg=0x0 len=1 data=0d
1778318193.293000 R  i2c=0x30 reg=0x86 len=1
1778318193.297000 R= ret=0 data=00
1778318193.307000 W1 i2c=0x30 reg=0x0 val=0xf
1778318193.307000 W  i2c=0x30 reg=0x0 len=1 data=0f
1778318193.308000 R  i2c=0x30 reg=0x11 len=1
1778318193.312000 R= ret=0 data=00
1778318193.312000 W1 i2c=0x30 reg=0x0 val=0x9
1778318193.312000 W  i2c=0x30 reg=0x0 len=1 data=09
1778318193.312000 R  i2c=0x30 reg=0x62 len=1
1778318193.316000 R= ret=0 data=51
1778318193.316000 W1 i2c=0x30 reg=0x0 val=0xd
1778318193.316000 W  i2c=0x30 reg=0x0 len=1 data=0d
1778318193.317000 R  i2c=0x30 reg=0x86 len=1
1778318193.320000 R= ret=0 data=00
1778318193.331000 W1 i2c=0x30 reg=0x0 val=0xf
1778318193.331000 W  i2c=0x30 reg=0x0 len=1 data=0f
1778318193.332000 R  i2c=0x30 reg=0x11 len=1
1778318193.335000 R= ret=0 data=00
1778318193.335000 W1 i2c=0x30 reg=0x0 val=0x9
1778318193.335000 W  i2c=0x30 reg=0x0 len=1 data=09
1778318193.336000 R  i2c=0x30 reg=0x62 len=1
1778318193.340000 R= ret=0 data=51
1778318193.340000 W1 i2c=0x30 reg=0x0 val=0xd
1778318193.340000 W  i2c=0x30 reg=0x0 len=1 data=0d
1778318193.341000 R  i2c=0x30 reg=0x86 len=1
1778318193.344000 R= ret=0 data=00
1778318193.356000 W1 i2c=0x30 reg=0x0 val=0xf
1778318193.356000 W  i2c=0x30 reg=0x0 len=1 data=0f
1778318193.357000 R  i2c=0x30 reg=0x11 len=1
1778318193.360000 R= ret=0 data=00
1778318193.360000 W1 i2c=0x30 reg=0x0 val=0x9
1778318193.360000 W  i2c=0x30 reg=0x0 len=1 data=09
1778318193.361000 R  i2c=0x30 reg=0x62 len=1
1778318193.365000 R= ret=0 data=51
1778318193.365000 W1 i2c=0x30 reg=0x0 val=0xd
1778318193.365000 W  i2c=0x30 reg=0x0 len=1 data=0d
1778318193.365000 R  i2c=0x30 reg=0x86 len=1
1778318193.369000 R= ret=0 data=00
1778318193.379000 W1 i2c=0x30 reg=0x0 val=0xf
1778318193.379000 W  i2c=0x30 reg=0x0 len=1 data=0f
1778318193.380000 R  i2c=0x30 reg=0x11 len=1
1778318193.383000 R= ret=0 data=00
1778318193.383000 W1 i2c=0x30 reg=0x0 val=0x9
1778318193.383000 W  i2c=0x30 reg=0x0 len=1 data=09
1778318193.384000 R  i2c=0x30 reg=0x62 len=1
1778318193.388000 R= ret=0 data=51
1778318193.388000 W1 i2c=0x30 reg=0x0 val=0xd
1778318193.388000 W  i2c=0x30 reg=0x0 len=1 data=0d
1778318193.389000 R  i2c=0x30 reg=0x86 len=1
1778318193.392000 R= ret=0 data=00
1778318193.403000 W1 i2c=0x30 reg=0x0 val=0xf
1778318193.403000 W  i2c=0x30 reg=0x0 len=1 data=0f
1778318193.404000 R  i2c=0x30 reg=0x11 len=1
1778318193.408000 R= ret=0 data=00
1778318193.408000 W1 i2c=0x30 reg=0x0 val=0x9
1778318193.408000 W  i2c=0x30 reg=0x0 len=1 data=09
1778318193.408000 R  i2c=0x30 reg=0x62 len=1
1778318193.412000 R= ret=0 data=51
1778318193.412000 W1 i2c=0x30 reg=0x0 val=0xd
1778318193.412000 W  i2c=0x30 reg=0x0 len=1 data=0d
1778318193.413000 R  i2c=0x30 reg=0x86 len=1
1778318193.416000 R= ret=0 data=00
1778318193.427000 W1 i2c=0x30 reg=0x0 val=0xf
1778318193.427000 W  i2c=0x30 reg=0x0 len=1 data=0f
1778318193.428000 R  i2c=0x30 reg=0x11 len=1
1778318193.431000 R= ret=0 data=00
1778318193.431000 W1 i2c=0x30 reg=0x0 val=0x9
1778318193.431000 W  i2c=0x30 reg=0x0 len=1 data=09
1778318193.432000 R  i2c=0x30 reg=0x62 len=1
1778318193.435000 R= ret=0 data=51
1778318193.435000 W1 i2c=0x30 reg=0x0 val=0xd
1778318193.435000 W  i2c=0x30 reg=0x0 len=1 data=0d
1778318193.436000 R  i2c=0x30 reg=0x86 len=1
1778318193.440000 R= ret=0 data=00
1778318193.450000 W1 i2c=0x30 reg=0x0 val=0xf
1778318193.450000 W  i2c=0x30 reg=0x0 len=1 data=0f
1778318193.451000 R  i2c=0x30 reg=0x11 len=1
1778318193.455000 R= ret=0 data=00
1778318193.455000 W1 i2c=0x30 reg=0x0 val=0x9
1778318193.455000 W  i2c=0x30 reg=0x0 len=1 data=09
1778318193.456000 R  i2c=0x30 reg=0x62 len=1
1778318193.459000 R= ret=0 data=51
1778318193.459000 W1 i2c=0x30 reg=0x0 val=0xd
1778318193.459000 W  i2c=0x30 reg=0x0 len=1 data=0d
1778318193.460000 R  i2c=0x30 reg=0x86 len=1
1778318193.464000 R= ret=0 data=00
1778318193.474000 W1 i2c=0x30 reg=0x0 val=0xf
1778318193.474000 W  i2c=0x30 reg=0x0 len=1 data=0f
1778318193.475000 R  i2c=0x30 reg=0x11 len=1
1778318193.479000 R= ret=0 data=00
1778318193.479000 W1 i2c=0x30 reg=0x0 val=0x9
1778318193.479000 W  i2c=0x30 reg=0x0 len=1 data=09
1778318193.480000 R  i2c=0x30 reg=0x62 len=1
1778318193.484000 R= ret=0 data=51
1778318193.484000 W1 i2c=0x30 reg=0x0 val=0xd
1778318193.484000 W  i2c=0x30 reg=0x0 len=1 data=0d
1778318193.485000 R  i2c=0x30 reg=0x86 len=1
1778318193.488000 R= ret=0 data=00
1778318193.500000 W1 i2c=0x30 reg=0x0 val=0xf
1778318193.500000 W  i2c=0x30 reg=0x0 len=1 data=0f
1778318193.501000 R  i2c=0x30 reg=0x11 len=1
1778318193.504000 R= ret=0 data=00
1778318193.504000 W1 i2c=0x30 reg=0x0 val=0x9
1778318193.504000 W  i2c=0x30 reg=0x0 len=1 data=09
1778318193.506000 R  i2c=0x30 reg=0x62 len=1
1778318193.509000 R= ret=0 data=51
1778318193.509000 W1 i2c=0x30 reg=0x0 val=0xd
1778318193.509000 W  i2c=0x30 reg=0x0 len=1 data=0d
1778318193.510000 R  i2c=0x30 reg=0x86 len=1
1778318193.514000 R= ret=0 data=00
1778318193.514000 <<< sony_cxd6801_integ_atsc_Tune ret=5
1778318193.514000 DRV_acquire ret=5
1778318193.615000 W1 i2c=0x30 reg=0x0 val=0xf
1778318193.615000 W  i2c=0x30 reg=0x0 len=1 data=0f
1778318193.616000 R  i2c=0x30 reg=0x11 len=1
1778318193.619000 R= ret=0 data=00
1778318193.619000 W1 i2c=0x30 reg=0x0 val=0x9
1778318193.619000 W  i2c=0x30 reg=0x0 len=1 data=09
1778318193.620000 R  i2c=0x30 reg=0x62 len=1
1778318193.623000 R= ret=0 data=51
1778318193.624000 W1 i2c=0x30 reg=0x0 val=0xd
1778318193.624000 W  i2c=0x30 reg=0x0 len=1 data=0d
1778318193.625000 R  i2c=0x30 reg=0x86 len=1
1778318193.628000 R= ret=0 data=00
1778318193.628000 W1 i2c=0x30 reg=0x0 val=0xd
1778318193.628000 W  i2c=0x30 reg=0x0 len=1 data=0d
1778318193.629000 R  i2c=0x30 reg=0x86 len=1
1778318193.632000 R= ret=0 data=00
1778318193.632000 W1 i2c=0x30 reg=0x0 val=0xd
1778318193.632000 W  i2c=0x30 reg=0x0 len=1 data=0d
1778318193.633000 R  i2c=0x30 reg=0x86 len=1
1778318193.636000 R= ret=0 data=00
1778318193.636000 W1 i2c=0xdc reg=0x8 val=0x1
1778318193.636000 W  i2c=0xdc reg=0x8 len=1 data=01
1778318193.637000 W  i2c=0xc0 reg=0x87 len=2 data=c4 41
1778318193.638000 W  i2c=0xc0 reg=0x59 len=2 data=05 01
1778318193.639000 R  i2c=0xc0 reg=0x5b len=1
1778318193.643000 R= ret=0 data=24
1778318193.643000 W  i2c=0xc0 reg=0x59 len=2 data=03 01
1778318193.643000 R  i2c=0xc0 reg=0x5b len=1
1778318193.647000 R= ret=0 data=08
1778318193.647000 W1 i2c=0xc0 reg=0x59 val=0x4
1778318193.647000 W  i2c=0xc0 reg=0x59 len=1 data=04
1778318193.648000 W1 i2c=0xc0 reg=0x88 val=0x0
1778318193.648000 W  i2c=0xc0 reg=0x88 len=1 data=00
1778318193.649000 W1 i2c=0xc0 reg=0x87 val=0xc0
1778318193.649000 W  i2c=0xc0 reg=0x87 len=1 data=c0
1778318193.650000 R  i2c=0xc0 reg=0x69 len=1
1778318193.653000 R= ret=0 data=88
1778318193.653000 W1 i2c=0xdc reg=0x8 val=0x0
1778318193.653000 W  i2c=0xdc reg=0x8 len=1 data=00
1778318194.455000 W1 i2c=0x30 reg=0x0 val=0xf
1778318194.455000 W  i2c=0x30 reg=0x0 len=1 data=0f
1778318194.457000 R  i2c=0x30 reg=0x11 len=1
1778318194.460000 R= ret=0 data=00
1778318194.460000 W1 i2c=0x30 reg=0x0 val=0x9
1778318194.460000 W  i2c=0x30 reg=0x0 len=1 data=09
1778318194.461000 R  i2c=0x30 reg=0x62 len=1
1778318194.465000 R= ret=0 data=51
1778318194.465000 W1 i2c=0x30 reg=0x0 val=0xd
1778318194.465000 W  i2c=0x30 reg=0x0 len=1 data=0d
1778318194.466000 R  i2c=0x30 reg=0x86 len=1
1778318194.469000 R= ret=0 data=00
1778318194.469000 W1 i2c=0x30 reg=0x0 val=0xd
1778318194.469000 W  i2c=0x30 reg=0x0 len=1 data=0d
1778318194.470000 R  i2c=0x30 reg=0x86 len=1
1778318194.474000 R= ret=0 data=00
1778318194.474000 W1 i2c=0x30 reg=0x0 val=0xd
1778318194.474000 W  i2c=0x30 reg=0x0 len=1 data=0d
1778318194.475000 R  i2c=0x30 reg=0x86 len=1
1778318194.478000 R= ret=0 data=00
1778318194.478000 W1 i2c=0xdc reg=0x8 val=0x1
1778318194.478000 W  i2c=0xdc reg=0x8 len=1 data=01
1778318194.479000 W  i2c=0xc0 reg=0x87 len=2 data=c4 41
1778318194.480000 W  i2c=0xc0 reg=0x59 len=2 data=05 01
1778318194.481000 R  i2c=0xc0 reg=0x5b len=1
1778318194.485000 R= ret=0 data=24
1778318194.485000 W  i2c=0xc0 reg=0x59 len=2 data=03 01
1778318194.486000 R  i2c=0xc0 reg=0x5b len=1
1778318194.489000 R= ret=0 data=08
1778318194.489000 W1 i2c=0xc0 reg=0x59 val=0x4
1778318194.489000 W  i2c=0xc0 reg=0x59 len=1 data=04
1778318194.490000 W1 i2c=0xc0 reg=0x88 val=0x0
1778318194.490000 W  i2c=0xc0 reg=0x88 len=1 data=00
1778318194.491000 W1 i2c=0xc0 reg=0x87 val=0xc0
1778318194.491000 W  i2c=0xc0 reg=0x87 len=1 data=c0
1778318194.492000 R  i2c=0xc0 reg=0x69 len=1
1778318194.496000 R= ret=0 data=88
1778318194.496000 W1 i2c=0xdc reg=0x8 val=0x0
1778318194.496000 W  i2c=0xdc reg=0x8 len=1 data=00
1778318195.299000 W1 i2c=0x30 reg=0x0 val=0xf
1778318195.299000 W  i2c=0x30 reg=0x0 len=1 data=0f
1778318195.300000 R  i2c=0x30 reg=0x11 len=1
1778318195.304000 R= ret=0 data=00
1778318195.304000 W1 i2c=0x30 reg=0x0 val=0x9
1778318195.304000 W  i2c=0x30 reg=0x0 len=1 data=09
1778318195.305000 R  i2c=0x30 reg=0x62 len=1
1778318195.309000 R= ret=0 data=51
1778318195.309000 W1 i2c=0x30 reg=0x0 val=0xd
1778318195.309000 W  i2c=0x30 reg=0x0 len=1 data=0d
1778318195.310000 R  i2c=0x30 reg=0x86 len=1
1778318195.314000 R= ret=0 data=00
1778318195.314000 W1 i2c=0x30 reg=0x0 val=0xd
1778318195.314000 W  i2c=0x30 reg=0x0 len=1 data=0d
1778318195.315000 R  i2c=0x30 reg=0x86 len=1
1778318195.318000 R= ret=0 data=00
1778318195.318000 W1 i2c=0x30 reg=0x0 val=0xd
1778318195.318000 W  i2c=0x30 reg=0x0 len=1 data=0d
1778318195.319000 R  i2c=0x30 reg=0x86 len=1
1778318195.322000 R= ret=0 data=00
1778318195.322000 W1 i2c=0xdc reg=0x8 val=0x1
1778318195.322000 W  i2c=0xdc reg=0x8 len=1 data=01
1778318195.324000 W  i2c=0xc0 reg=0x87 len=2 data=c4 41
1778318195.325000 W  i2c=0xc0 reg=0x59 len=2 data=05 01
1778318195.325000 R  i2c=0xc0 reg=0x5b len=1
1778318195.329000 R= ret=0 data=24
1778318195.329000 W  i2c=0xc0 reg=0x59 len=2 data=03 01
1778318195.330000 R  i2c=0xc0 reg=0x5b len=1
1778318195.333000 R= ret=0 data=08
1778318195.334000 W1 i2c=0xc0 reg=0x59 val=0x4
1778318195.334000 W  i2c=0xc0 reg=0x59 len=1 data=04
1778318195.334000 W1 i2c=0xc0 reg=0x88 val=0x0
1778318195.334000 W  i2c=0xc0 reg=0x88 len=1 data=00
1778318195.335000 W1 i2c=0xc0 reg=0x87 val=0xc0
1778318195.335000 W  i2c=0xc0 reg=0x87 len=1 data=c0
1778318195.336000 R  i2c=0xc0 reg=0x69 len=1
1778318195.340000 R= ret=0 data=88
1778318195.340000 W1 i2c=0xdc reg=0x8 val=0x0
1778318195.340000 W  i2c=0xdc reg=0x8 len=1 data=00
1778318196.141000 W1 i2c=0x30 reg=0x0 val=0xf
1778318196.141000 W  i2c=0x30 reg=0x0 len=1 data=0f
1778318196.143000 R  i2c=0x30 reg=0x11 len=1
1778318196.146000 R= ret=0 data=00
1778318196.146000 W1 i2c=0x30 reg=0x0 val=0x9
1778318196.146000 W  i2c=0x30 reg=0x0 len=1 data=09
1778318196.147000 R  i2c=0x30 reg=0x62 len=1
1778318196.150000 R= ret=0 data=51
1778318196.150000 W1 i2c=0x30 reg=0x0 val=0xd
1778318196.150000 W  i2c=0x30 reg=0x0 len=1 data=0d
1778318196.151000 R  i2c=0x30 reg=0x86 len=1
1778318196.155000 R= ret=0 data=00
1778318196.155000 W1 i2c=0x30 reg=0x0 val=0xd
1778318196.155000 W  i2c=0x30 reg=0x0 len=1 data=0d
1778318196.155000 R  i2c=0x30 reg=0x86 len=1
1778318196.159000 R= ret=0 data=00
1778318196.159000 W1 i2c=0x30 reg=0x0 val=0xd
1778318196.159000 W  i2c=0x30 reg=0x0 len=1 data=0d
1778318196.160000 R  i2c=0x30 reg=0x86 len=1
1778318196.163000 R= ret=0 data=00
1778318196.163000 W1 i2c=0xdc reg=0x8 val=0x1
1778318196.163000 W  i2c=0xdc reg=0x8 len=1 data=01
1778318196.164000 W  i2c=0xc0 reg=0x87 len=2 data=c4 41
1778318196.165000 W  i2c=0xc0 reg=0x59 len=2 data=05 01
1778318196.166000 R  i2c=0xc0 reg=0x5b len=1
1778318196.169000 R= ret=0 data=24
1778318196.169000 W  i2c=0xc0 reg=0x59 len=2 data=03 01
1778318196.170000 R  i2c=0xc0 reg=0x5b len=1
1778318196.173000 R= ret=0 data=08
1778318196.173000 W1 i2c=0xc0 reg=0x59 val=0x4
1778318196.173000 W  i2c=0xc0 reg=0x59 len=1 data=04
1778318196.174000 W1 i2c=0xc0 reg=0x88 val=0x0
1778318196.174000 W  i2c=0xc0 reg=0x88 len=1 data=00
1778318196.175000 W1 i2c=0xc0 reg=0x87 val=0xc0
1778318196.175000 W  i2c=0xc0 reg=0x87 len=1 data=c0
1778318196.176000 R  i2c=0xc0 reg=0x69 len=1
1778318196.179000 R= ret=0 data=88
1778318196.179000 W1 i2c=0xdc reg=0x8 val=0x0
1778318196.179000 W  i2c=0xdc reg=0x8 len=1 data=00
1778318196.983000 W1 i2c=0x30 reg=0x0 val=0xf
1778318196.983000 W  i2c=0x30 reg=0x0 len=1 data=0f
1778318196.984000 R  i2c=0x30 reg=0x11 len=1
1778318196.988000 R= ret=0 data=00
1778318196.988000 W1 i2c=0x30 reg=0x0 val=0x9
1778318196.988000 W  i2c=0x30 reg=0x0 len=1 data=09
1778318196.988000 R  i2c=0x30 reg=0x62 len=1
1778318196.992000 R= ret=0 data=51
1778318196.992000 W1 i2c=0x30 reg=0x0 val=0xd
1778318196.992000 W  i2c=0x30 reg=0x0 len=1 data=0d
1778318196.993000 R  i2c=0x30 reg=0x86 len=1
1778318196.996000 R= ret=0 data=00
1778318196.996000 W1 i2c=0x30 reg=0x0 val=0xd
1778318196.996000 W  i2c=0x30 reg=0x0 len=1 data=0d
1778318196.997000 R  i2c=0x30 reg=0x86 len=1
1778318197.000000 R= ret=0 data=00
1778318197.000000 W1 i2c=0x30 reg=0x0 val=0xd
1778318197.000000 W  i2c=0x30 reg=0x0 len=1 data=0d
1778318197.001000 R  i2c=0x30 reg=0x86 len=1
1778318197.004000 R= ret=0 data=00
1778318197.004000 W1 i2c=0xdc reg=0x8 val=0x1
1778318197.004000 W  i2c=0xdc reg=0x8 len=1 data=01
1778318197.005000 W  i2c=0xc0 reg=0x87 len=2 data=c4 41
1778318197.006000 W  i2c=0xc0 reg=0x59 len=2 data=05 01
1778318197.007000 R  i2c=0xc0 reg=0x5b len=1
1778318197.010000 R= ret=0 data=24
1778318197.010000 W  i2c=0xc0 reg=0x59 len=2 data=03 01
1778318197.011000 R  i2c=0xc0 reg=0x5b len=1
1778318197.015000 R= ret=0 data=08
1778318197.015000 W1 i2c=0xc0 reg=0x59 val=0x4
1778318197.015000 W  i2c=0xc0 reg=0x59 len=1 data=04
1778318197.016000 W1 i2c=0xc0 reg=0x88 val=0x0
1778318197.016000 W  i2c=0xc0 reg=0x88 len=1 data=00
1778318197.016000 W1 i2c=0xc0 reg=0x87 val=0xc0
1778318197.017000 W  i2c=0xc0 reg=0x87 len=1 data=c0
1778318197.017000 R  i2c=0xc0 reg=0x69 len=1
1778318197.021000 R= ret=0 data=88
1778318197.021000 W1 i2c=0xdc reg=0x8 val=0x0
1778318197.021000 W  i2c=0xdc reg=0x8 len=1 data=00
1778318197.822000 W1 i2c=0x30 reg=0x0 val=0xf
1778318197.823000 W  i2c=0x30 reg=0x0 len=1 data=0f
1778318197.824000 R  i2c=0x30 reg=0x11 len=1
1778318197.827000 R= ret=0 data=00
1778318197.827000 W1 i2c=0x30 reg=0x0 val=0x9
1778318197.827000 W  i2c=0x30 reg=0x0 len=1 data=09
1778318197.828000 R  i2c=0x30 reg=0x62 len=1
1778318197.832000 R= ret=0 data=51
1778318197.832000 W1 i2c=0x30 reg=0x0 val=0xd
1778318197.832000 W  i2c=0x30 reg=0x0 len=1 data=0d
1778318197.833000 R  i2c=0x30 reg=0x86 len=1
1778318197.836000 R= ret=0 data=00
1778318197.836000 W1 i2c=0x30 reg=0x0 val=0xd
1778318197.836000 W  i2c=0x30 reg=0x0 len=1 data=0d
1778318197.837000 R  i2c=0x30 reg=0x86 len=1
1778318197.841000 R= ret=0 data=00
1778318197.841000 W1 i2c=0x30 reg=0x0 val=0xd
1778318197.841000 W  i2c=0x30 reg=0x0 len=1 data=0d
1778318197.842000 R  i2c=0x30 reg=0x86 len=1
1778318197.845000 R= ret=0 data=00
1778318197.845000 W1 i2c=0xdc reg=0x8 val=0x1
1778318197.846000 W  i2c=0xdc reg=0x8 len=1 data=01
1778318197.846000 W  i2c=0xc0 reg=0x87 len=2 data=c4 41
1778318197.847000 W  i2c=0xc0 reg=0x59 len=2 data=05 01
1778318197.848000 R  i2c=0xc0 reg=0x5b len=1
1778318197.852000 R= ret=0 data=24
1778318197.852000 W  i2c=0xc0 reg=0x59 len=2 data=03 01
1778318197.853000 R  i2c=0xc0 reg=0x5b len=1
1778318197.856000 R= ret=0 data=08
1778318197.856000 W1 i2c=0xc0 reg=0x59 val=0x4
1778318197.856000 W  i2c=0xc0 reg=0x59 len=1 data=04
1778318197.857000 W1 i2c=0xc0 reg=0x88 val=0x0
1778318197.857000 W  i2c=0xc0 reg=0x88 len=1 data=00
1778318197.858000 W1 i2c=0xc0 reg=0x87 val=0xc0
1778318197.858000 W  i2c=0xc0 reg=0x87 len=1 data=c0
1778318197.859000 R  i2c=0xc0 reg=0x69 len=1
1778318197.862000 R= ret=0 data=88
1778318197.862000 W1 i2c=0xdc reg=0x8 val=0x0
1778318197.862000 W  i2c=0xdc reg=0x8 len=1 data=00
1778318198.664000 W1 i2c=0x30 reg=0x0 val=0xf
1778318198.664000 W  i2c=0x30 reg=0x0 len=1 data=0f
1778318198.666000 R  i2c=0x30 reg=0x11 len=1
1778318198.669000 R= ret=0 data=00
1778318198.669000 W1 i2c=0x30 reg=0x0 val=0x9
1778318198.669000 W  i2c=0x30 reg=0x0 len=1 data=09
1778318198.670000 R  i2c=0x30 reg=0x62 len=1
1778318198.674000 R= ret=0 data=51
1778318198.674000 W1 i2c=0x30 reg=0x0 val=0xd
1778318198.674000 W  i2c=0x30 reg=0x0 len=1 data=0d
1778318198.675000 R  i2c=0x30 reg=0x86 len=1
1778318198.679000 R= ret=0 data=00
1778318198.679000 W1 i2c=0x30 reg=0x0 val=0xd
1778318198.679000 W  i2c=0x30 reg=0x0 len=1 data=0d
1778318198.680000 R  i2c=0x30 reg=0x86 len=1
1778318198.683000 R= ret=0 data=00
1778318198.683000 W1 i2c=0x30 reg=0x0 val=0xd
1778318198.683000 W  i2c=0x30 reg=0x0 len=1 data=0d
1778318198.684000 R  i2c=0x30 reg=0x86 len=1
1778318198.688000 R= ret=0 data=00
1778318198.688000 W1 i2c=0xdc reg=0x8 val=0x1
1778318198.688000 W  i2c=0xdc reg=0x8 len=1 data=01
1778318198.688000 W  i2c=0xc0 reg=0x87 len=2 data=c4 41
1778318198.689000 W  i2c=0xc0 reg=0x59 len=2 data=05 01
1778318198.690000 R  i2c=0xc0 reg=0x5b len=1
1778318198.694000 R= ret=0 data=26
1778318198.694000 W  i2c=0xc0 reg=0x59 len=2 data=03 01
1778318198.695000 R  i2c=0xc0 reg=0x5b len=1
1778318198.698000 R= ret=0 data=08
1778318198.698000 W1 i2c=0xc0 reg=0x59 val=0x4
1778318198.698000 W  i2c=0xc0 reg=0x59 len=1 data=04
1778318198.699000 W1 i2c=0xc0 reg=0x88 val=0x0
1778318198.699000 W  i2c=0xc0 reg=0x88 len=1 data=00
1778318198.700000 W1 i2c=0xc0 reg=0x87 val=0xc0
1778318198.700000 W  i2c=0xc0 reg=0x87 len=1 data=c0
1778318198.701000 R  i2c=0xc0 reg=0x69 len=1
1778318198.704000 R= ret=0 data=88
1778318198.704000 W1 i2c=0xdc reg=0x8 val=0x0
1778318198.704000 W  i2c=0xdc reg=0x8 len=1 data=00
1778318199.506000 W1 i2c=0x30 reg=0x0 val=0xf
1778318199.506000 W  i2c=0x30 reg=0x0 len=1 data=0f
1778318199.508000 R  i2c=0x30 reg=0x11 len=1
1778318199.512000 R= ret=0 data=00
1778318199.512000 W1 i2c=0x30 reg=0x0 val=0x9
1778318199.512000 W  i2c=0x30 reg=0x0 len=1 data=09
1778318199.513000 R  i2c=0x30 reg=0x62 len=1
1778318199.516000 nativeTune -> 509000
1778318199.516000 DRV_acquire: oldStd=0x5 freq=509000 -> ATSC 1.0
1778318199.516000 >>> sony_cxd6801_integ_atsc_Tune
1778318199.516000 >>> sony_cxd6801_demod_atsc_Tune
1778318199.516000 >>> sony_cxd6801_demod_SetStreamOutput
1778318199.516000 W1 i2c=0xd8 reg=0x0 val=0x0
1778318199.516000 W  i2c=0xd8 reg=0x0 len=1 data=00
1778318199.517000 R= ret=0 data=51
1778318199.517000 W1 i2c=0x30 reg=0x0 val=0xd
1778318199.517000 W  i2c=0x30 reg=0x0 len=1 data=0d
1778318199.518000 R  i2c=0xd8 reg=0xa9 len=1
1778318199.519000 R  i2c=0x30 reg=0x86 len=1
1778318199.523000 R= ret=0 data=00
1778318199.523000 W1 i2c=0xd8 reg=0x0 val=0x0
1778318199.523000 W  i2c=0xd8 reg=0x0 len=1 data=00
1778318199.527000 R= ret=0 data=00
1778318199.527000 W1 i2c=0x30 reg=0x0 val=0xd
1778318199.527000 W  i2c=0x30 reg=0x0 len=1 data=0d
1778318199.527000 W1 i2c=0xd8 reg=0xc3 val=0x1
1778318199.527000 W  i2c=0xd8 reg=0xc3 len=1 data=01
1778318199.528000 R  i2c=0x30 reg=0x86 len=1
1778318199.529000 <<< sony_cxd6801_demod_SetStreamOutput ret=0
1778318199.529000 <<< sony_cxd6801_demod_atsc_Tune ret=0
1778318199.529000 W1 i2c=0xdc reg=0x8 val=0x1
1778318199.529000 W  i2c=0xdc reg=0x8 len=1 data=01
1778318199.533000 R= ret=0 data=00
1778318199.533000 W1 i2c=0x30 reg=0x0 val=0xd
1778318199.533000 W  i2c=0x30 reg=0x0 len=1 data=0d
1778318199.534000 B  i2c=0xc0 reg=0x74 val=0x2 mask=0x3
1778318199.534000 R  i2c=0xc0 reg=0x74 len=1
1778318199.535000 R  i2c=0x30 reg=0x86 len=1
1778318199.539000 R= ret=0 data=00
1778318199.539000 W1 i2c=0xdc reg=0x8 val=0x1
1778318199.539000 W  i2c=0xdc reg=0x8 len=1 data=01
1778318199.543000 R= ret=0 data=11
1778318199.543000 W1 i2c=0xc0 reg=0x74 val=0x12
1778318199.543000 W  i2c=0xc0 reg=0x74 len=1 data=12
1778318199.544000 W  i2c=0xc0 reg=0x87 len=2 data=c4 41
1778318199.545000 W  i2c=0xc0 reg=0x87 len=2 data=c4 40
1778318199.546000 W  i2c=0xc0 reg=0x59 len=2 data=05 01
1778318199.547000 W  i2c=0xc0 reg=0x91 len=2 data=10 20
1778318199.548000 R  i2c=0xc0 reg=0x5b len=1
1778318199.549000 W  i2c=0xc0 reg=0x9c len=2 data=00 00
1778318199.552000 R= ret=0 data=08
1778318199.552000 W  i2c=0xc0 reg=0x59 len=2 data=03 01
1778318199.553000 W  i2c=0xc0 reg=0x5e len=9 data=ee 02 1e 67 03 b4 78 08
1778318199.554000 R  i2c=0xc0 reg=0x5b len=1
1778318199.555000 B  i2c=0xc0 reg=0x67 val=0x0 mask=0x6
1778318199.555000 R  i2c=0xc0 reg=0x67 len=1
1778318199.559000 R= ret=0 data=08
1778318199.559000 W1 i2c=0xc0 reg=0x59 val=0x4
1778318199.559000 W  i2c=0xc0 reg=0x59 len=1 data=04
1778318199.562000 R= ret=0 data=00
1778318199.562000 W1 i2c=0xc0 reg=0x67 val=0x0
1778318199.563000 W  i2c=0xc0 reg=0x67 len=1 data=00
1778318199.563000 W1 i2c=0xc0 reg=0x88 val=0x0
1778318199.564000 W  i2c=0xc0 reg=0x88 len=1 data=00
1778318199.564000 W  i2c=0xc0 reg=0x68 len=17 data=00 88 00 0b 23 00 1a 1d
1778318199.565000 W1 i2c=0xc0 reg=0x87 val=0xc0
1778318199.565000 W  i2c=0xc0 reg=0x87 len=1 data=c0
1778318199.568000 R  i2c=0xc0 reg=0x69 len=1
1778318199.571000 R= ret=0 data=88
1778318199.571000 W1 i2c=0xdc reg=0x8 val=0x0
1778318199.571000 W  i2c=0xdc reg=0x8 len=1 data=00
1778318199.617000 W1 i2c=0xc0 reg=0x88 val=0x0
1778318199.617000 W  i2c=0xc0 reg=0x88 len=1 data=00
1778318199.618000 <<< sony_cxd6801_integ_atsc_Tune ret=2
1778318199.630000 >>> sony_cxd6801_integ_atsc_Tune
1778318199.630000 >>> sony_cxd6801_demod_atsc_Tune
1778318199.630000 >>> sony_cxd6801_demod_SetStreamOutput
1778318199.630000 W1 i2c=0xd8 reg=0x0 val=0x0
1778318199.630000 W  i2c=0xd8 reg=0x0 len=1 data=00
1778318199.631000 R  i2c=0xd8 reg=0xa9 len=1
1778318199.634000 R= ret=0 data=00
1778318199.634000 W1 i2c=0xd8 reg=0x0 val=0x0
1778318199.634000 W  i2c=0xd8 reg=0x0 len=1 data=00
1778318199.635000 W1 i2c=0xd8 reg=0xc3 val=0x1
1778318199.635000 W  i2c=0xd8 reg=0xc3 len=1 data=01
1778318199.636000 <<< sony_cxd6801_demod_SetStreamOutput ret=0
1778318199.636000 <<< sony_cxd6801_demod_atsc_Tune ret=0
1778318199.636000 W1 i2c=0xdc reg=0x8 val=0x1
1778318199.636000 W  i2c=0xdc reg=0x8 len=1 data=01
1778318199.637000 B  i2c=0xc0 reg=0x74 val=0x2 mask=0x3
1778318199.637000 R  i2c=0xc0 reg=0x74 len=1
1778318199.640000 R= ret=0 data=11
1778318199.640000 W1 i2c=0xc0 reg=0x74 val=0x12
1778318199.640000 W  i2c=0xc0 reg=0x74 len=1 data=12
1778318199.641000 W  i2c=0xc0 reg=0x87 len=2 data=c4 40
1778318199.642000 W  i2c=0xc0 reg=0x91 len=2 data=10 20
1778318199.643000 W  i2c=0xc0 reg=0x9c len=2 data=00 00
1778318199.644000 W  i2c=0xc0 reg=0x5e len=9 data=ee 02 1e 67 03 b4 78 08
1778318199.646000 B  i2c=0xc0 reg=0x67 val=0x0 mask=0x6
1778318199.646000 R  i2c=0xc0 reg=0x67 len=1
1778318199.649000 R= ret=0 data=00
1778318199.649000 W1 i2c=0xc0 reg=0x67 val=0x0
1778318199.649000 W  i2c=0xc0 reg=0x67 len=1 data=00
1778318199.650000 W  i2c=0xc0 reg=0x68 len=17 data=00 88 00 0b 23 00 1a 1d
1778318199.703000 W1 i2c=0xc0 reg=0x88 val=0x0
1778318199.703000 W  i2c=0xc0 reg=0x88 len=1 data=00
1778318199.704000 W1 i2c=0xc0 reg=0x87 val=0xc0
1778318199.704000 W  i2c=0xc0 reg=0x87 len=1 data=c0
1778318199.705000 W1 i2c=0xdc reg=0x8 val=0x0
1778318199.705000 W  i2c=0xdc reg=0x8 len=1 data=00
1778318199.706000 W1 i2c=0x98 reg=0x0 val=0x1
1778318199.706000 W  i2c=0x98 reg=0x0 len=1 data=01
1778318199.707000 W1 i2c=0x98 reg=0x48 val=0x1
1778318199.707000 W  i2c=0x98 reg=0x48 len=1 data=01
1778318199.708000 W  i2c=0x98 reg=0xa len=6 data=b3 10 00 00 00 00
1778318199.709000 R  i2c=0x98 reg=0xa len=6
1778318199.713000 R= ret=0 data=30 00 00 00 00 b3
1778318199.713000 >>> sony_cxd6801_demod_SetStreamOutput
1778318199.713000 W1 i2c=0xd8 reg=0x0 val=0x0
1778318199.713000 W  i2c=0xd8 reg=0x0 len=1 data=00
1778318199.714000 R  i2c=0xd8 reg=0xa9 len=1
1778318199.717000 R= ret=0 data=00
1778318199.717000 W1 i2c=0xd8 reg=0x0 val=0x0
1778318199.717000 W  i2c=0xd8 reg=0x0 len=1 data=00
1778318199.718000 W1 i2c=0xd8 reg=0xc3 val=0x0
1778318199.718000 W  i2c=0xd8 reg=0xc3 len=1 data=00
1778318199.719000 <<< sony_cxd6801_demod_SetStreamOutput ret=0
1778318199.719000 W1 i2c=0x30 reg=0x0 val=0xf
1778318199.719000 W  i2c=0x30 reg=0x0 len=1 data=0f
1778318199.720000 R  i2c=0x30 reg=0x11 len=1
1778318199.724000 R= ret=0 data=00
1778318199.724000 W1 i2c=0x30 reg=0x0 val=0x9
1778318199.724000 W  i2c=0x30 reg=0x0 len=1 data=09
1778318199.725000 R  i2c=0x30 reg=0x62 len=1
1778318199.728000 R= ret=0 data=51
1778318199.728000 W1 i2c=0x30 reg=0x0 val=0xd
1778318199.728000 W  i2c=0x30 reg=0x0 len=1 data=0d
1778318199.729000 R  i2c=0x30 reg=0x86 len=1
1778318199.733000 R= ret=0 data=00
1778318199.744000 W1 i2c=0x30 reg=0x0 val=0xf
1778318199.744000 W  i2c=0x30 reg=0x0 len=1 data=0f
1778318199.745000 R  i2c=0x30 reg=0x11 len=1
1778318199.749000 R= ret=0 data=00
1778318199.749000 W1 i2c=0x30 reg=0x0 val=0x9
1778318199.749000 W  i2c=0x30 reg=0x0 len=1 data=09
1778318199.750000 R  i2c=0x30 reg=0x62 len=1
1778318199.753000 R= ret=0 data=51
1778318199.753000 W1 i2c=0x30 reg=0x0 val=0xd
1778318199.753000 W  i2c=0x30 reg=0x0 len=1 data=0d
1778318199.754000 R  i2c=0x30 reg=0x86 len=1
1778318199.758000 R= ret=0 data=00
1778318199.769000 W1 i2c=0x30 reg=0x0 val=0xf
1778318199.769000 W  i2c=0x30 reg=0x0 len=1 data=0f
1778318199.770000 R  i2c=0x30 reg=0x11 len=1
1778318199.774000 R= ret=0 data=00
1778318199.774000 W1 i2c=0x30 reg=0x0 val=0x9
1778318199.774000 W  i2c=0x30 reg=0x0 len=1 data=09
1778318199.775000 R  i2c=0x30 reg=0x62 len=1
1778318199.778000 R= ret=0 data=51
1778318199.778000 W1 i2c=0x30 reg=0x0 val=0xd
1778318199.778000 W  i2c=0x30 reg=0x0 len=1 data=0d
1778318199.779000 R  i2c=0x30 reg=0x86 len=1
1778318199.782000 R= ret=0 data=00
1778318199.793000 W1 i2c=0x30 reg=0x0 val=0xf
1778318199.793000 W  i2c=0x30 reg=0x0 len=1 data=0f
1778318199.794000 R  i2c=0x30 reg=0x11 len=1
1778318199.797000 R= ret=0 data=00
1778318199.797000 W1 i2c=0x30 reg=0x0 val=0x9
1778318199.798000 W  i2c=0x30 reg=0x0 len=1 data=09
1778318199.798000 R  i2c=0x30 reg=0x62 len=1
1778318199.802000 R= ret=0 data=51
1778318199.802000 W1 i2c=0x30 reg=0x0 val=0xd
1778318199.802000 W  i2c=0x30 reg=0x0 len=1 data=0d
1778318199.803000 R  i2c=0x30 reg=0x86 len=1
1778318199.806000 R= ret=0 data=00
1778318199.817000 W1 i2c=0x30 reg=0x0 val=0xf
1778318199.817000 W  i2c=0x30 reg=0x0 len=1 data=0f
1778318199.818000 R  i2c=0x30 reg=0x11 len=1
1778318199.822000 R= ret=0 data=00
1778318199.822000 W1 i2c=0x30 reg=0x0 val=0x9
1778318199.822000 W  i2c=0x30 reg=0x0 len=1 data=09
1778318199.823000 R  i2c=0x30 reg=0x62 len=1
1778318199.826000 R= ret=0 data=51
1778318199.826000 W1 i2c=0x30 reg=0x0 val=0xd
1778318199.826000 W  i2c=0x30 reg=0x0 len=1 data=0d
1778318199.827000 R  i2c=0x30 reg=0x86 len=1
1778318199.830000 R= ret=0 data=00
1778318199.841000 W1 i2c=0x30 reg=0x0 val=0xf
1778318199.841000 W  i2c=0x30 reg=0x0 len=1 data=0f
1778318199.842000 R  i2c=0x30 reg=0x11 len=1
1778318199.846000 R= ret=0 data=00
1778318199.846000 W1 i2c=0x30 reg=0x0 val=0x9
1778318199.846000 W  i2c=0x30 reg=0x0 len=1 data=09
1778318199.847000 R  i2c=0x30 reg=0x62 len=1
1778318199.850000 R= ret=0 data=51
1778318199.850000 W1 i2c=0x30 reg=0x0 val=0xd
1778318199.850000 W  i2c=0x30 reg=0x0 len=1 data=0d
1778318199.851000 R  i2c=0x30 reg=0x86 len=1
1778318199.855000 R= ret=0 data=00
1778318199.865000 W1 i2c=0x30 reg=0x0 val=0xf
1778318199.865000 W  i2c=0x30 reg=0x0 len=1 data=0f
1778318199.866000 R  i2c=0x30 reg=0x11 len=1
1778318199.870000 R= ret=0 data=00
1778318199.870000 W1 i2c=0x30 reg=0x0 val=0x9
1778318199.870000 W  i2c=0x30 reg=0x0 len=1 data=09
1778318199.871000 R  i2c=0x30 reg=0x62 len=1
1778318199.874000 R= ret=0 data=51
1778318199.874000 W1 i2c=0x30 reg=0x0 val=0xd
1778318199.874000 W  i2c=0x30 reg=0x0 len=1 data=0d
1778318199.875000 R  i2c=0x30 reg=0x86 len=1
1778318199.879000 R= ret=0 data=00
1778318199.889000 W1 i2c=0x30 reg=0x0 val=0xf
1778318199.889000 W  i2c=0x30 reg=0x0 len=1 data=0f
1778318199.890000 R  i2c=0x30 reg=0x11 len=1
1778318199.894000 R= ret=0 data=00
1778318199.894000 W1 i2c=0x30 reg=0x0 val=0x9
1778318199.894000 W  i2c=0x30 reg=0x0 len=1 data=09
1778318199.895000 R  i2c=0x30 reg=0x62 len=1
1778318199.898000 R= ret=0 data=51
1778318199.898000 W1 i2c=0x30 reg=0x0 val=0xd
1778318199.898000 W  i2c=0x30 reg=0x0 len=1 data=0d
1778318199.899000 R  i2c=0x30 reg=0x86 len=1
1778318199.903000 R= ret=0 data=00
1778318199.914000 W1 i2c=0x30 reg=0x0 val=0xf
1778318199.914000 W  i2c=0x30 reg=0x0 len=1 data=0f
1778318199.915000 R  i2c=0x30 reg=0x11 len=1
1778318199.918000 R= ret=0 data=00
1778318199.918000 W1 i2c=0x30 reg=0x0 val=0x9
1778318199.918000 W  i2c=0x30 reg=0x0 len=1 data=09
1778318199.919000 R  i2c=0x30 reg=0x62 len=1
1778318199.923000 R= ret=0 data=51
1778318199.923000 W1 i2c=0x30 reg=0x0 val=0xd
1778318199.923000 W  i2c=0x30 reg=0x0 len=1 data=0d
1778318199.924000 R  i2c=0x30 reg=0x86 len=1
1778318199.927000 R= ret=0 data=00
1778318199.937000 W1 i2c=0x30 reg=0x0 val=0xf
1778318199.937000 W  i2c=0x30 reg=0x0 len=1 data=0f
1778318199.938000 R  i2c=0x30 reg=0x11 len=1
1778318199.942000 R= ret=0 data=00
1778318199.942000 W1 i2c=0x30 reg=0x0 val=0x9
1778318199.942000 W  i2c=0x30 reg=0x0 len=1 data=09
1778318199.943000 R  i2c=0x30 reg=0x62 len=1
1778318199.946000 R= ret=0 data=51
1778318199.946000 W1 i2c=0x30 reg=0x0 val=0xd
1778318199.946000 W  i2c=0x30 reg=0x0 len=1 data=0d
1778318199.947000 R  i2c=0x30 reg=0x86 len=1
1778318199.951000 R= ret=0 data=00
1778318199.961000 W1 i2c=0x30 reg=0x0 val=0xf
1778318199.961000 W  i2c=0x30 reg=0x0 len=1 data=0f
1778318199.962000 R  i2c=0x30 reg=0x11 len=1
1778318199.965000 R= ret=0 data=00
1778318199.965000 W1 i2c=0x30 reg=0x0 val=0x9
1778318199.965000 W  i2c=0x30 reg=0x0 len=1 data=09
1778318199.966000 R  i2c=0x30 reg=0x62 len=1
1778318199.969000 R= ret=0 data=51
1778318199.969000 W1 i2c=0x30 reg=0x0 val=0xd
1778318199.969000 W  i2c=0x30 reg=0x0 len=1 data=0d
1778318199.970000 R  i2c=0x30 reg=0x86 len=1
1778318199.974000 R= ret=0 data=00
1778318199.986000 W1 i2c=0x30 reg=0x0 val=0xf
1778318199.986000 W  i2c=0x30 reg=0x0 len=1 data=0f
1778318199.987000 R  i2c=0x30 reg=0x11 len=1
1778318199.990000 R= ret=0 data=00
1778318199.990000 W1 i2c=0x30 reg=0x0 val=0x9
1778318199.990000 W  i2c=0x30 reg=0x0 len=1 data=09
1778318199.991000 R  i2c=0x30 reg=0x62 len=1
1778318199.995000 R= ret=0 data=51
1778318199.995000 W1 i2c=0x30 reg=0x0 val=0xd
1778318199.995000 W  i2c=0x30 reg=0x0 len=1 data=0d
1778318199.996000 R  i2c=0x30 reg=0x86 len=1
1778318199.999000 R= ret=0 data=00
1778318200.009000 W1 i2c=0x30 reg=0x0 val=0xf
1778318200.009000 W  i2c=0x30 reg=0x0 len=1 data=0f
1778318200.010000 R  i2c=0x30 reg=0x11 len=1
1778318200.014000 R= ret=0 data=00
1778318200.014000 W1 i2c=0x30 reg=0x0 val=0x9
1778318200.014000 W  i2c=0x30 reg=0x0 len=1 data=09
1778318200.015000 R  i2c=0x30 reg=0x62 len=1
1778318200.018000 R= ret=0 data=51
1778318200.018000 W1 i2c=0x30 reg=0x0 val=0xd
1778318200.018000 W  i2c=0x30 reg=0x0 len=1 data=0d
1778318200.019000 R  i2c=0x30 reg=0x86 len=1
1778318200.023000 R= ret=0 data=00
1778318200.034000 W1 i2c=0x30 reg=0x0 val=0xf
1778318200.034000 W  i2c=0x30 reg=0x0 len=1 data=0f
1778318200.034000 R  i2c=0x30 reg=0x11 len=1
1778318200.038000 R= ret=0 data=00
1778318200.038000 W1 i2c=0x30 reg=0x0 val=0x9
1778318200.038000 W  i2c=0x30 reg=0x0 len=1 data=09
1778318200.039000 R  i2c=0x30 reg=0x62 len=1
1778318200.042000 R= ret=0 data=51
1778318200.042000 W1 i2c=0x30 reg=0x0 val=0xd
1778318200.042000 W  i2c=0x30 reg=0x0 len=1 data=0d
1778318200.043000 R  i2c=0x30 reg=0x86 len=1
1778318200.047000 R= ret=0 data=00
1778318200.058000 W1 i2c=0x30 reg=0x0 val=0xf
1778318200.059000 W  i2c=0x30 reg=0x0 len=1 data=0f
1778318200.060000 R  i2c=0x30 reg=0x11 len=1
1778318200.063000 R= ret=0 data=00
1778318200.063000 W1 i2c=0x30 reg=0x0 val=0x9
1778318200.063000 W  i2c=0x30 reg=0x0 len=1 data=09
1778318200.064000 R  i2c=0x30 reg=0x62 len=1
1778318200.067000 R= ret=0 data=51
1778318200.067000 W1 i2c=0x30 reg=0x0 val=0xd
1778318200.067000 W  i2c=0x30 reg=0x0 len=1 data=0d
1778318200.068000 R  i2c=0x30 reg=0x86 len=1
1778318200.071000 R= ret=0 data=00
1778318200.081000 W1 i2c=0x30 reg=0x0 val=0xf
1778318200.081000 W  i2c=0x30 reg=0x0 len=1 data=0f
1778318200.082000 R  i2c=0x30 reg=0x11 len=1
1778318200.085000 R= ret=0 data=00
1778318200.085000 W1 i2c=0x30 reg=0x0 val=0x9
1778318200.085000 W  i2c=0x30 reg=0x0 len=1 data=09
1778318200.086000 R  i2c=0x30 reg=0x62 len=1
1778318200.090000 R= ret=0 data=51
1778318200.090000 W1 i2c=0x30 reg=0x0 val=0xd
1778318200.090000 W  i2c=0x30 reg=0x0 len=1 data=0d
1778318200.091000 R  i2c=0x30 reg=0x86 len=1
1778318200.094000 R= ret=0 data=00
1778318200.104000 W1 i2c=0x30 reg=0x0 val=0xf
1778318200.104000 W  i2c=0x30 reg=0x0 len=1 data=0f
1778318200.105000 R  i2c=0x30 reg=0x11 len=1
1778318200.109000 R= ret=0 data=00
1778318200.109000 W1 i2c=0x30 reg=0x0 val=0x9
1778318200.109000 W  i2c=0x30 reg=0x0 len=1 data=09
1778318200.110000 R  i2c=0x30 reg=0x62 len=1
1778318200.113000 R= ret=0 data=51
1778318200.113000 W1 i2c=0x30 reg=0x0 val=0xd
1778318200.113000 W  i2c=0x30 reg=0x0 len=1 data=0d
1778318200.114000 R  i2c=0x30 reg=0x86 len=1
1778318200.117000 R= ret=0 data=00
1778318200.128000 W1 i2c=0x30 reg=0x0 val=0xf
1778318200.128000 W  i2c=0x30 reg=0x0 len=1 data=0f
1778318200.129000 R  i2c=0x30 reg=0x11 len=1
1778318200.132000 R= ret=0 data=00
1778318200.132000 W1 i2c=0x30 reg=0x0 val=0x9
1778318200.132000 W  i2c=0x30 reg=0x0 len=1 data=09
1778318200.133000 R  i2c=0x30 reg=0x62 len=1
1778318200.137000 R= ret=0 data=51
1778318200.137000 W1 i2c=0x30 reg=0x0 val=0xd
1778318200.137000 W  i2c=0x30 reg=0x0 len=1 data=0d
1778318200.138000 R  i2c=0x30 reg=0x86 len=1
1778318200.142000 R= ret=0 data=00
1778318200.153000 W1 i2c=0x30 reg=0x0 val=0xf
1778318200.153000 W  i2c=0x30 reg=0x0 len=1 data=0f
1778318200.154000 R  i2c=0x30 reg=0x11 len=1
1778318200.157000 R= ret=0 data=00
1778318200.157000 W1 i2c=0x30 reg=0x0 val=0x9
1778318200.157000 W  i2c=0x30 reg=0x0 len=1 data=09
1778318200.158000 R  i2c=0x30 reg=0x62 len=1
1778318200.162000 R= ret=0 data=51
1778318200.162000 W1 i2c=0x30 reg=0x0 val=0xd
1778318200.162000 W  i2c=0x30 reg=0x0 len=1 data=0d
1778318200.163000 R  i2c=0x30 reg=0x86 len=1
1778318200.166000 R= ret=0 data=00
1778318200.177000 W1 i2c=0x30 reg=0x0 val=0xf
1778318200.177000 W  i2c=0x30 reg=0x0 len=1 data=0f
1778318200.178000 R  i2c=0x30 reg=0x11 len=1
1778318200.182000 R= ret=0 data=00
1778318200.182000 W1 i2c=0x30 reg=0x0 val=0x9
1778318200.182000 W  i2c=0x30 reg=0x0 len=1 data=09
1778318200.182000 R  i2c=0x30 reg=0x62 len=1
1778318200.186000 R= ret=0 data=51
1778318200.186000 W1 i2c=0x30 reg=0x0 val=0xd
1778318200.186000 W  i2c=0x30 reg=0x0 len=1 data=0d
1778318200.187000 R  i2c=0x30 reg=0x86 len=1
1778318200.190000 R= ret=0 data=00
1778318200.200000 W1 i2c=0x30 reg=0x0 val=0xf
1778318200.200000 W  i2c=0x30 reg=0x0 len=1 data=0f
1778318200.201000 R  i2c=0x30 reg=0x11 len=1
1778318200.204000 R= ret=0 data=00
1778318200.204000 W1 i2c=0x30 reg=0x0 val=0x9
1778318200.205000 W  i2c=0x30 reg=0x0 len=1 data=09
1778318200.205000 R  i2c=0x30 reg=0x62 len=1
1778318200.209000 R= ret=0 data=51
1778318200.209000 W1 i2c=0x30 reg=0x0 val=0xd
1778318200.209000 W  i2c=0x30 reg=0x0 len=1 data=0d
1778318200.209000 R  i2c=0x30 reg=0x86 len=1
1778318200.213000 R= ret=0 data=00
1778318200.223000 W1 i2c=0x30 reg=0x0 val=0xf
1778318200.223000 W  i2c=0x30 reg=0x0 len=1 data=0f
1778318200.224000 R  i2c=0x30 reg=0x11 len=1
1778318200.228000 R= ret=0 data=00
1778318200.228000 W1 i2c=0x30 reg=0x0 val=0x9
1778318200.228000 W  i2c=0x30 reg=0x0 len=1 data=09
1778318200.229000 R  i2c=0x30 reg=0x62 len=1
1778318200.232000 R= ret=0 data=51
1778318200.232000 W1 i2c=0x30 reg=0x0 val=0xd
1778318200.232000 W  i2c=0x30 reg=0x0 len=1 data=0d
1778318200.233000 R  i2c=0x30 reg=0x86 len=1
1778318200.236000 R= ret=0 data=00
1778318200.246000 W1 i2c=0x30 reg=0x0 val=0xf
1778318200.246000 W  i2c=0x30 reg=0x0 len=1 data=0f
1778318200.247000 R  i2c=0x30 reg=0x11 len=1
1778318200.250000 R= ret=0 data=00
1778318200.250000 W1 i2c=0x30 reg=0x0 val=0x9
1778318200.250000 W  i2c=0x30 reg=0x0 len=1 data=09
1778318200.251000 R  i2c=0x30 reg=0x62 len=1
1778318200.254000 R= ret=0 data=51
1778318200.254000 W1 i2c=0x30 reg=0x0 val=0xd
1778318200.254000 W  i2c=0x30 reg=0x0 len=1 data=0d
1778318200.255000 R  i2c=0x30 reg=0x86 len=1
1778318200.258000 R= ret=0 data=00
1778318200.269000 W1 i2c=0x30 reg=0x0 val=0xf
1778318200.269000 W  i2c=0x30 reg=0x0 len=1 data=0f
1778318200.270000 R  i2c=0x30 reg=0x11 len=1
1778318200.274000 R= ret=0 data=00
1778318200.274000 W1 i2c=0x30 reg=0x0 val=0x9
1778318200.274000 W  i2c=0x30 reg=0x0 len=1 data=09
1778318200.275000 R  i2c=0x30 reg=0x62 len=1
1778318200.278000 R= ret=0 data=51
1778318200.278000 W1 i2c=0x30 reg=0x0 val=0xd
1778318200.278000 W  i2c=0x30 reg=0x0 len=1 data=0d
1778318200.279000 R  i2c=0x30 reg=0x86 len=1
1778318200.282000 R= ret=0 data=00
1778318200.294000 W1 i2c=0x30 reg=0x0 val=0xf
1778318200.294000 W  i2c=0x30 reg=0x0 len=1 data=0f
1778318200.295000 R  i2c=0x30 reg=0x11 len=1
1778318200.299000 R= ret=0 data=00
1778318200.299000 W1 i2c=0x30 reg=0x0 val=0x9
1778318200.299000 W  i2c=0x30 reg=0x0 len=1 data=09
1778318200.300000 R  i2c=0x30 reg=0x62 len=1
1778318200.303000 R= ret=0 data=51
1778318200.303000 W1 i2c=0x30 reg=0x0 val=0xd
1778318200.303000 W  i2c=0x30 reg=0x0 len=1 data=0d
1778318200.304000 R  i2c=0x30 reg=0x86 len=1
1778318200.308000 R= ret=0 data=00
1778318200.318000 W1 i2c=0x30 reg=0x0 val=0xf
1778318200.318000 W  i2c=0x30 reg=0x0 len=1 data=0f
1778318200.319000 R  i2c=0x30 reg=0x11 len=1
1778318200.323000 R= ret=0 data=00
1778318200.323000 W1 i2c=0x30 reg=0x0 val=0x9
1778318200.323000 W  i2c=0x30 reg=0x0 len=1 data=09
1778318200.324000 R  i2c=0x30 reg=0x62 len=1
1778318200.327000 R= ret=0 data=51
1778318200.327000 W1 i2c=0x30 reg=0x0 val=0xd
1778318200.327000 W  i2c=0x30 reg=0x0 len=1 data=0d
1778318200.328000 R  i2c=0x30 reg=0x86 len=1
1778318200.332000 R= ret=0 data=00
1778318200.342000 W1 i2c=0x30 reg=0x0 val=0xf
1778318200.342000 W  i2c=0x30 reg=0x0 len=1 data=0f
1778318200.343000 R  i2c=0x30 reg=0x11 len=1
1778318200.347000 R= ret=0 data=00
1778318200.347000 W1 i2c=0x30 reg=0x0 val=0x9
1778318200.347000 W  i2c=0x30 reg=0x0 len=1 data=09
1778318200.348000 R  i2c=0x30 reg=0x62 len=1
1778318200.351000 R= ret=0 data=51
1778318200.351000 W1 i2c=0x30 reg=0x0 val=0xd
1778318200.351000 W  i2c=0x30 reg=0x0 len=1 data=0d
1778318200.352000 R  i2c=0x30 reg=0x86 len=1
1778318200.356000 R= ret=0 data=00
1778318200.368000 W1 i2c=0x30 reg=0x0 val=0xf
1778318200.368000 W  i2c=0x30 reg=0x0 len=1 data=0f
1778318200.369000 R  i2c=0x30 reg=0x11 len=1
1778318200.372000 R= ret=0 data=00
1778318200.372000 W1 i2c=0x30 reg=0x0 val=0x9
1778318200.372000 W  i2c=0x30 reg=0x0 len=1 data=09
1778318200.373000 W1 i2c=0x30 reg=0x0 val=0xf
1778318200.373000 W  i2c=0x30 reg=0x0 len=1 data=0f
1778318200.373000 R  i2c=0x30 reg=0x62 len=1
1778318200.376000 R= ret=0 data=51
1778318200.376000 W1 i2c=0x30 reg=0x0 val=0xd
1778318200.376000 W  i2c=0x30 reg=0x0 len=1 data=0d
1778318200.377000 R  i2c=0x30 reg=0x11 len=1
1778318200.378000 R  i2c=0x30 reg=0x86 len=1
1778318200.382000 R= ret=0 data=00
1778318200.382000 W1 i2c=0x30 reg=0x0 val=0x9
1778318200.382000 W  i2c=0x30 reg=0x0 len=1 data=09
1778318200.385000 R= ret=0 data=00
1778318200.386000 R  i2c=0x30 reg=0x62 len=1
1778318200.389000 R= ret=0 data=51
1778318200.389000 W1 i2c=0x30 reg=0x0 val=0xd
1778318200.389000 W  i2c=0x30 reg=0x0 len=1 data=0d
1778318200.390000 R  i2c=0x30 reg=0x86 len=1
1778318200.394000 R= ret=0 data=00
1778318200.394000 W1 i2c=0x30 reg=0x0 val=0xd
1778318200.394000 W  i2c=0x30 reg=0x0 len=1 data=0d
1778318200.395000 R  i2c=0x30 reg=0x86 len=1
1778318200.395000 W1 i2c=0x30 reg=0x0 val=0xf
1778318200.395000 W  i2c=0x30 reg=0x0 len=1 data=0f
1778318200.398000 R= ret=0 data=00
1778318200.398000 W1 i2c=0x30 reg=0x0 val=0xd
1778318200.398000 W  i2c=0x30 reg=0x0 len=1 data=0d
1778318200.399000 R  i2c=0x30 reg=0x11 len=1
1778318200.400000 R  i2c=0x30 reg=0x86 len=1
1778318200.403000 R= ret=0 data=00
1778318200.403000 W1 i2c=0x30 reg=0x0 val=0x9
1778318200.403000 W  i2c=0x30 reg=0x0 len=1 data=09
1778318200.407000 R= ret=0 data=00
1778318200.407000 W1 i2c=0xdc reg=0x8 val=0x1
1778318200.407000 W  i2c=0xdc reg=0x8 len=1 data=01
1778318200.408000 R  i2c=0x30 reg=0x62 len=1
1778318200.409000 W  i2c=0xc0 reg=0x87 len=2 data=c4 41
1778318200.412000 R= ret=0 data=51
1778318200.412000 W1 i2c=0x30 reg=0x0 val=0xd
1778318200.412000 W  i2c=0x30 reg=0x0 len=1 data=0d
1778318200.413000 W  i2c=0xc0 reg=0x59 len=2 data=05 01
1778318200.414000 R  i2c=0x30 reg=0x86 len=1
1778318200.415000 R  i2c=0xc0 reg=0x5b len=1
1778318200.418000 R= ret=0 data=00
1778318200.421000 R= ret=0 data=29
1778318200.421000 W  i2c=0xc0 reg=0x59 len=2 data=03 01
1778318200.422000 R  i2c=0xc0 reg=0x5b len=1
1778318200.425000 R= ret=0 data=08
1778318200.425000 W1 i2c=0xc0 reg=0x59 val=0x4
1778318200.425000 W  i2c=0xc0 reg=0x59 len=1 data=04
1778318200.426000 W1 i2c=0xc0 reg=0x88 val=0x0
1778318200.426000 W  i2c=0xc0 reg=0x88 len=1 data=00
1778318200.427000 W1 i2c=0xc0 reg=0x87 val=0xc0
1778318200.427000 W  i2c=0xc0 reg=0x87 len=1 data=c0
1778318200.428000 W1 i2c=0x30 reg=0x0 val=0xf
1778318200.428000 W  i2c=0x30 reg=0x0 len=1 data=0f
1778318200.428000 R  i2c=0xc0 reg=0x69 len=1
1778318200.429000 R  i2c=0x30 reg=0x11 len=1
1778318200.432000 R= ret=0 data=88
1778318200.432000 W1 i2c=0xdc reg=0x8 val=0x0
1778318200.432000 W  i2c=0xdc reg=0x8 len=1 data=00
1778318200.435000 R= ret=0 data=00
1778318200.435000 W1 i2c=0x30 reg=0x0 val=0x9
1778318200.435000 W  i2c=0x30 reg=0x0 len=1 data=09
1778318200.437000 R  i2c=0x30 reg=0x62 len=1
1778318200.441000 R= ret=0 data=51
1778318200.441000 W1 i2c=0x30 reg=0x0 val=0xd
1778318200.441000 W  i2c=0x30 reg=0x0 len=1 data=0d
1778318200.442000 R  i2c=0x30 reg=0x86 len=1
1778318200.445000 R= ret=0 data=00
1778318200.456000 W1 i2c=0x30 reg=0x0 val=0xf
1778318200.456000 W  i2c=0x30 reg=0x0 len=1 data=0f
1778318200.457000 R  i2c=0x30 reg=0x11 len=1
1778318200.460000 R= ret=0 data=00
1778318200.460000 W1 i2c=0x30 reg=0x0 val=0x9
1778318200.460000 W  i2c=0x30 reg=0x0 len=1 data=09
1778318200.461000 R  i2c=0x30 reg=0x62 len=1
1778318200.465000 R= ret=0 data=51
1778318200.465000 W1 i2c=0x30 reg=0x0 val=0xd
1778318200.465000 W  i2c=0x30 reg=0x0 len=1 data=0d
1778318200.466000 R  i2c=0x30 reg=0x86 len=1
1778318200.469000 R= ret=0 data=00
1778318200.481000 W1 i2c=0x30 reg=0x0 val=0xf
1778318200.481000 W  i2c=0x30 reg=0x0 len=1 data=0f
1778318200.482000 R  i2c=0x30 reg=0x11 len=1
1778318200.485000 R= ret=0 data=00
1778318200.485000 W1 i2c=0x30 reg=0x0 val=0x9
1778318200.485000 W  i2c=0x30 reg=0x0 len=1 data=09
1778318200.486000 R  i2c=0x30 reg=0x62 len=1
1778318200.490000 R= ret=0 data=51
1778318200.490000 W1 i2c=0x30 reg=0x0 val=0xd
1778318200.490000 W  i2c=0x30 reg=0x0 len=1 data=0d
1778318200.491000 R  i2c=0x30 reg=0x86 len=1
1778318200.494000 R= ret=0 data=00
1778318200.504000 W1 i2c=0x30 reg=0x0 val=0xf
1778318200.504000 W  i2c=0x30 reg=0x0 len=1 data=0f
1778318200.505000 R  i2c=0x30 reg=0x11 len=1
1778318200.509000 R= ret=0 data=00
1778318200.509000 W1 i2c=0x30 reg=0x0 val=0x9
1778318200.509000 W  i2c=0x30 reg=0x0 len=1 data=09
1778318200.510000 R  i2c=0x30 reg=0x62 len=1
1778318200.513000 R= ret=0 data=51
1778318200.513000 W1 i2c=0x30 reg=0x0 val=0xd
1778318200.513000 W  i2c=0x30 reg=0x0 len=1 data=0d
1778318200.514000 R  i2c=0x30 reg=0x86 len=1
1778318200.518000 R= ret=0 data=00
1778318200.529000 W1 i2c=0x30 reg=0x0 val=0xf
1778318200.529000 W  i2c=0x30 reg=0x0 len=1 data=0f
1778318200.530000 R  i2c=0x30 reg=0x11 len=1
1778318200.534000 R= ret=0 data=00
1778318200.534000 W1 i2c=0x30 reg=0x0 val=0x9
1778318200.534000 W  i2c=0x30 reg=0x0 len=1 data=09
1778318200.535000 R  i2c=0x30 reg=0x62 len=1
1778318200.538000 R= ret=0 data=51
1778318200.538000 W1 i2c=0x30 reg=0x0 val=0xd
1778318200.538000 W  i2c=0x30 reg=0x0 len=1 data=0d
1778318200.539000 R  i2c=0x30 reg=0x86 len=1
1778318200.543000 R= ret=0 data=00
1778318200.553000 W1 i2c=0x30 reg=0x0 val=0xf
1778318200.553000 W  i2c=0x30 reg=0x0 len=1 data=0f
1778318200.554000 R  i2c=0x30 reg=0x11 len=1
1778318200.557000 R= ret=0 data=00
1778318200.557000 W1 i2c=0x30 reg=0x0 val=0x9
1778318200.557000 W  i2c=0x30 reg=0x0 len=1 data=09
1778318200.558000 R  i2c=0x30 reg=0x62 len=1
1778318200.562000 R= ret=0 data=51
1778318200.562000 W1 i2c=0x30 reg=0x0 val=0xd
1778318200.562000 W  i2c=0x30 reg=0x0 len=1 data=0d
1778318200.563000 R  i2c=0x30 reg=0x86 len=1
1778318200.566000 R= ret=0 data=00
1778318200.576000 W1 i2c=0x30 reg=0x0 val=0xf
1778318200.576000 W  i2c=0x30 reg=0x0 len=1 data=0f
1778318200.577000 R  i2c=0x30 reg=0x11 len=1
1778318200.580000 R= ret=0 data=00
1778318200.580000 W1 i2c=0x30 reg=0x0 val=0x9
1778318200.580000 W  i2c=0x30 reg=0x0 len=1 data=09
1778318200.581000 R  i2c=0x30 reg=0x62 len=1
1778318200.585000 R= ret=0 data=51
1778318200.585000 W1 i2c=0x30 reg=0x0 val=0xd
1778318200.585000 W  i2c=0x30 reg=0x0 len=1 data=0d
1778318200.586000 R  i2c=0x30 reg=0x86 len=1
1778318200.589000 R= ret=0 data=00
1778318200.600000 W1 i2c=0x30 reg=0x0 val=0xf
1778318200.600000 W  i2c=0x30 reg=0x0 len=1 data=0f
1778318200.601000 R  i2c=0x30 reg=0x11 len=1
1778318200.604000 R= ret=0 data=00
1778318200.604000 W1 i2c=0x30 reg=0x0 val=0x9
1778318200.604000 W  i2c=0x30 reg=0x0 len=1 data=09
1778318200.605000 R  i2c=0x30 reg=0x62 len=1
1778318200.609000 R= ret=0 data=51
1778318200.609000 W1 i2c=0x30 reg=0x0 val=0xd
1778318200.609000 W  i2c=0x30 reg=0x0 len=1 data=0d
1778318200.609000 R  i2c=0x30 reg=0x86 len=1
1778318200.613000 R= ret=0 data=00
1778318200.624000 W1 i2c=0x30 reg=0x0 val=0xf
1778318200.624000 W  i2c=0x30 reg=0x0 len=1 data=0f
1778318200.625000 R  i2c=0x30 reg=0x11 len=1
1778318200.629000 R= ret=0 data=00
1778318200.629000 W1 i2c=0x30 reg=0x0 val=0x9
1778318200.629000 W  i2c=0x30 reg=0x0 len=1 data=09
1778318200.630000 R  i2c=0x30 reg=0x62 len=1
1778318200.633000 R= ret=0 data=51
1778318200.633000 W1 i2c=0x30 reg=0x0 val=0xd
1778318200.633000 W  i2c=0x30 reg=0x0 len=1 data=0d
1778318200.634000 R  i2c=0x30 reg=0x86 len=1
1778318200.638000 R= ret=0 data=00
1778318200.648000 W1 i2c=0x30 reg=0x0 val=0xf
1778318200.648000 W  i2c=0x30 reg=0x0 len=1 data=0f
1778318200.649000 R  i2c=0x30 reg=0x11 len=1
1778318200.653000 R= ret=0 data=00
1778318200.653000 W1 i2c=0x30 reg=0x0 val=0x9
1778318200.653000 W  i2c=0x30 reg=0x0 len=1 data=09
1778318200.653000 R  i2c=0x30 reg=0x62 len=1
1778318200.657000 R= ret=0 data=51
1778318200.657000 W1 i2c=0x30 reg=0x0 val=0xd
1778318200.657000 W  i2c=0x30 reg=0x0 len=1 data=0d
1778318200.658000 R  i2c=0x30 reg=0x86 len=1
1778318200.661000 R= ret=0 data=00
1778318200.672000 W1 i2c=0x30 reg=0x0 val=0xf
1778318200.672000 W  i2c=0x30 reg=0x0 len=1 data=0f
1778318200.672000 R  i2c=0x30 reg=0x11 len=1
1778318200.676000 R= ret=0 data=00
1778318200.676000 W1 i2c=0x30 reg=0x0 val=0x9
1778318200.676000 W  i2c=0x30 reg=0x0 len=1 data=09
1778318200.677000 R  i2c=0x30 reg=0x62 len=1
1778318200.680000 R= ret=0 data=51
1778318200.680000 W1 i2c=0x30 reg=0x0 val=0xd
1778318200.680000 W  i2c=0x30 reg=0x0 len=1 data=0d
1778318200.681000 R  i2c=0x30 reg=0x86 len=1
1778318200.684000 R= ret=0 data=00
1778318200.695000 W1 i2c=0x30 reg=0x0 val=0xf
1778318200.695000 W  i2c=0x30 reg=0x0 len=1 data=0f
1778318200.696000 R  i2c=0x30 reg=0x11 len=1
1778318200.699000 R= ret=0 data=00
1778318200.699000 W1 i2c=0x30 reg=0x0 val=0x9
1778318200.699000 W  i2c=0x30 reg=0x0 len=1 data=09
1778318200.700000 R  i2c=0x30 reg=0x62 len=1
1778318200.704000 R= ret=0 data=51
1778318200.704000 W1 i2c=0x30 reg=0x0 val=0xd
1778318200.704000 W  i2c=0x30 reg=0x0 len=1 data=0d
1778318200.705000 R  i2c=0x30 reg=0x86 len=1
1778318200.708000 R= ret=0 data=00
1778318200.720000 W1 i2c=0x30 reg=0x0 val=0xf
1778318200.720000 W  i2c=0x30 reg=0x0 len=1 data=0f
1778318200.721000 R  i2c=0x30 reg=0x11 len=1
1778318200.725000 R= ret=0 data=00
1778318200.725000 W1 i2c=0x30 reg=0x0 val=0x9
1778318200.725000 W  i2c=0x30 reg=0x0 len=1 data=09
1778318200.726000 R  i2c=0x30 reg=0x62 len=1
1778318200.729000 R= ret=0 data=51
1778318200.729000 W1 i2c=0x30 reg=0x0 val=0xd
1778318200.729000 W  i2c=0x30 reg=0x0 len=1 data=0d
1778318200.730000 R  i2c=0x30 reg=0x86 len=1
1778318200.734000 R= ret=0 data=00
1778318200.744000 W1 i2c=0x30 reg=0x0 val=0xf
1778318200.744000 W  i2c=0x30 reg=0x0 len=1 data=0f
1778318200.745000 R  i2c=0x30 reg=0x11 len=1
1778318200.749000 R= ret=0 data=00
1778318200.749000 W1 i2c=0x30 reg=0x0 val=0x9
1778318200.749000 W  i2c=0x30 reg=0x0 len=1 data=09
1778318200.750000 R  i2c=0x30 reg=0x62 len=1
1778318200.753000 R= ret=0 data=51
1778318200.753000 W1 i2c=0x30 reg=0x0 val=0xd
1778318200.753000 W  i2c=0x30 reg=0x0 len=1 data=0d
1778318200.754000 R  i2c=0x30 reg=0x86 len=1
1778318200.757000 R= ret=0 data=00
1778318200.769000 W1 i2c=0x30 reg=0x0 val=0xf
1778318200.769000 W  i2c=0x30 reg=0x0 len=1 data=0f
1778318200.770000 R  i2c=0x30 reg=0x11 len=1
1778318200.773000 R= ret=0 data=00
1778318200.773000 W1 i2c=0x30 reg=0x0 val=0x9
1778318200.773000 W  i2c=0x30 reg=0x0 len=1 data=09
1778318200.774000 R  i2c=0x30 reg=0x62 len=1
1778318200.778000 R= ret=0 data=51
1778318200.778000 W1 i2c=0x30 reg=0x0 val=0xd
1778318200.778000 W  i2c=0x30 reg=0x0 len=1 data=0d
1778318200.779000 R  i2c=0x30 reg=0x86 len=1
1778318200.782000 R= ret=0 data=00
1778318200.793000 W1 i2c=0x30 reg=0x0 val=0xf
1778318200.793000 W  i2c=0x30 reg=0x0 len=1 data=0f
1778318200.794000 R  i2c=0x30 reg=0x11 len=1
1778318200.797000 R= ret=0 data=00
1778318200.797000 W1 i2c=0x30 reg=0x0 val=0x9
1778318200.797000 W  i2c=0x30 reg=0x0 len=1 data=09
1778318200.798000 R  i2c=0x30 reg=0x62 len=1
1778318200.801000 R= ret=0 data=51
1778318200.801000 W1 i2c=0x30 reg=0x0 val=0xd
1778318200.801000 W  i2c=0x30 reg=0x0 len=1 data=0d
1778318200.802000 R  i2c=0x30 reg=0x86 len=1
1778318200.806000 R= ret=0 data=00
1778318200.816000 W1 i2c=0x30 reg=0x0 val=0xf
1778318200.816000 W  i2c=0x30 reg=0x0 len=1 data=0f
1778318200.817000 R  i2c=0x30 reg=0x11 len=1
1778318200.820000 R= ret=0 data=00
1778318200.820000 W1 i2c=0x30 reg=0x0 val=0x9
1778318200.820000 W  i2c=0x30 reg=0x0 len=1 data=09
1778318200.821000 R  i2c=0x30 reg=0x62 len=1
1778318200.824000 R= ret=0 data=51
1778318200.824000 W1 i2c=0x30 reg=0x0 val=0xd
1778318200.824000 W  i2c=0x30 reg=0x0 len=1 data=0d
1778318200.825000 R  i2c=0x30 reg=0x86 len=1
1778318200.828000 R= ret=0 data=00
1778318200.839000 W1 i2c=0x30 reg=0x0 val=0xf
1778318200.839000 W  i2c=0x30 reg=0x0 len=1 data=0f
1778318200.840000 R  i2c=0x30 reg=0x11 len=1
1778318200.844000 R= ret=0 data=00
1778318200.844000 W1 i2c=0x30 reg=0x0 val=0x9
1778318200.844000 W  i2c=0x30 reg=0x0 len=1 data=09
1778318200.844000 R  i2c=0x30 reg=0x62 len=1
1778318200.848000 R= ret=0 data=51
1778318200.848000 W1 i2c=0x30 reg=0x0 val=0xd
1778318200.848000 W  i2c=0x30 reg=0x0 len=1 data=0d
1778318200.849000 R  i2c=0x30 reg=0x86 len=1
1778318200.852000 R= ret=0 data=00
1778318200.862000 W1 i2c=0x30 reg=0x0 val=0xf
1778318200.862000 W  i2c=0x30 reg=0x0 len=1 data=0f
1778318200.863000 R  i2c=0x30 reg=0x11 len=1
1778318200.866000 R= ret=0 data=00
1778318200.866000 W1 i2c=0x30 reg=0x0 val=0x9
1778318200.866000 W  i2c=0x30 reg=0x0 len=1 data=09
1778318200.867000 R  i2c=0x30 reg=0x62 len=1
1778318200.871000 R= ret=0 data=51
1778318200.871000 W1 i2c=0x30 reg=0x0 val=0xd
1778318200.871000 W  i2c=0x30 reg=0x0 len=1 data=0d
1778318200.872000 R  i2c=0x30 reg=0x86 len=1
1778318200.875000 R= ret=0 data=00
1778318200.885000 W1 i2c=0x30 reg=0x0 val=0xf
1778318200.885000 W  i2c=0x30 reg=0x0 len=1 data=0f
1778318200.886000 R  i2c=0x30 reg=0x11 len=1
1778318200.889000 R= ret=0 data=00
1778318200.889000 W1 i2c=0x30 reg=0x0 val=0x9
1778318200.889000 W  i2c=0x30 reg=0x0 len=1 data=09
1778318200.890000 R  i2c=0x30 reg=0x62 len=1
1778318200.894000 R= ret=0 data=51
1778318200.894000 W1 i2c=0x30 reg=0x0 val=0xd
1778318200.894000 W  i2c=0x30 reg=0x0 len=1 data=0d
1778318200.895000 R  i2c=0x30 reg=0x86 len=1
1778318200.898000 R= ret=0 data=00
1778318200.908000 W1 i2c=0x30 reg=0x0 val=0xf
1778318200.908000 W  i2c=0x30 reg=0x0 len=1 data=0f
1778318200.909000 R  i2c=0x30 reg=0x11 len=1
1778318200.913000 R= ret=0 data=00
1778318200.913000 W1 i2c=0x30 reg=0x0 val=0x9
1778318200.913000 W  i2c=0x30 reg=0x0 len=1 data=09
1778318200.914000 R  i2c=0x30 reg=0x62 len=1
1778318200.917000 R= ret=0 data=51
1778318200.917000 W1 i2c=0x30 reg=0x0 val=0xd
1778318200.917000 W  i2c=0x30 reg=0x0 len=1 data=0d
1778318200.918000 R  i2c=0x30 reg=0x86 len=1
1778318200.922000 R= ret=0 data=00
1778318200.933000 W1 i2c=0x30 reg=0x0 val=0xf
1778318200.933000 W  i2c=0x30 reg=0x0 len=1 data=0f
1778318200.934000 R  i2c=0x30 reg=0x11 len=1
1778318200.937000 R= ret=0 data=00
1778318200.937000 W1 i2c=0x30 reg=0x0 val=0x9
1778318200.937000 W  i2c=0x30 reg=0x0 len=1 data=09
1778318200.938000 R  i2c=0x30 reg=0x62 len=1
1778318200.942000 R= ret=0 data=51
1778318200.942000 W1 i2c=0x30 reg=0x0 val=0xd
1778318200.942000 W  i2c=0x30 reg=0x0 len=1 data=0d
1778318200.943000 R  i2c=0x30 reg=0x86 len=1
1778318200.947000 R= ret=0 data=00
1778318200.947000 <<< sony_cxd6801_integ_atsc_Tune ret=5
1778318200.947000 DRV_acquire ret=5
1778318201.237000 W1 i2c=0x30 reg=0x0 val=0xf
1778318201.237000 W  i2c=0x30 reg=0x0 len=1 data=0f
1778318201.238000 R  i2c=0x30 reg=0x11 len=1
1778318201.243000 R= ret=0 data=00
1778318201.243000 W1 i2c=0x30 reg=0x0 val=0x9
1778318201.243000 W  i2c=0x30 reg=0x0 len=1 data=09
1778318201.244000 R  i2c=0x30 reg=0x62 len=1
1778318201.247000 R= ret=0 data=51
1778318201.247000 W1 i2c=0x30 reg=0x0 val=0xd
1778318201.247000 W  i2c=0x30 reg=0x0 len=1 data=0d
1778318201.248000 R  i2c=0x30 reg=0x86 len=1
1778318201.252000 R= ret=0 data=00
1778318201.252000 W1 i2c=0x30 reg=0x0 val=0xd
1778318201.252000 W  i2c=0x30 reg=0x0 len=1 data=0d
1778318201.253000 R  i2c=0x30 reg=0x86 len=1
1778318201.258000 R= ret=0 data=00
1778318201.258000 W1 i2c=0x30 reg=0x0 val=0xd
1778318201.258000 W  i2c=0x30 reg=0x0 len=1 data=0d
1778318201.259000 R  i2c=0x30 reg=0x86 len=1
1778318201.263000 R= ret=0 data=00
1778318201.263000 W1 i2c=0xdc reg=0x8 val=0x1
1778318201.263000 W  i2c=0xdc reg=0x8 len=1 data=01
1778318201.264000 W  i2c=0xc0 reg=0x87 len=2 data=c4 41
1778318201.265000 W  i2c=0xc0 reg=0x59 len=2 data=05 01
1778318201.266000 R  i2c=0xc0 reg=0x5b len=1
1778318201.270000 R= ret=0 data=29
1778318201.270000 W  i2c=0xc0 reg=0x59 len=2 data=03 01
1778318201.271000 R  i2c=0xc0 reg=0x5b len=1
1778318201.275000 R= ret=0 data=08
1778318201.275000 W1 i2c=0xc0 reg=0x59 val=0x4
1778318201.275000 W  i2c=0xc0 reg=0x59 len=1 data=04
1778318201.276000 W1 i2c=0xc0 reg=0x88 val=0x0
1778318201.276000 W  i2c=0xc0 reg=0x88 len=1 data=00
1778318201.277000 W1 i2c=0xc0 reg=0x87 val=0xc0
1778318201.277000 W  i2c=0xc0 reg=0x87 len=1 data=c0
1778318201.278000 R  i2c=0xc0 reg=0x69 len=1
1778318201.281000 R= ret=0 data=88
1778318201.281000 W1 i2c=0xdc reg=0x8 val=0x0
1778318201.281000 W  i2c=0xdc reg=0x8 len=1 data=00
1778318202.096000 W1 i2c=0x30 reg=0x0 val=0xf
1778318202.096000 W  i2c=0x30 reg=0x0 len=1 data=0f
1778318202.099000 R  i2c=0x30 reg=0x11 len=1
1778318202.113000 R= ret=0 data=00
1778318202.114000 W1 i2c=0x30 reg=0x0 val=0x9
1778318202.114000 W  i2c=0x30 reg=0x0 len=1 data=09
1778318202.116000 R  i2c=0x30 reg=0x62 len=1
1778318202.120000 R= ret=0 data=51
1778318202.120000 W1 i2c=0x30 reg=0x0 val=0xd
1778318202.120000 W  i2c=0x30 reg=0x0 len=1 data=0d
1778318202.121000 R  i2c=0x30 reg=0x86 len=1
1778318202.126000 R= ret=0 data=00
1778318202.126000 W1 i2c=0x30 reg=0x0 val=0xd
1778318202.126000 W  i2c=0x30 reg=0x0 len=1 data=0d
1778318202.127000 R  i2c=0x30 reg=0x86 len=1
1778318202.131000 R= ret=0 data=00
1778318202.131000 W1 i2c=0x30 reg=0x0 val=0xd
1778318202.131000 W  i2c=0x30 reg=0x0 len=1 data=0d
1778318202.133000 R  i2c=0x30 reg=0x86 len=1
1778318202.137000 R= ret=0 data=00
1778318202.137000 W1 i2c=0xdc reg=0x8 val=0x1
1778318202.137000 W  i2c=0xdc reg=0x8 len=1 data=01
1778318202.138000 W  i2c=0xc0 reg=0x87 len=2 data=c4 41
1778318202.139000 W  i2c=0xc0 reg=0x59 len=2 data=05 01
1778318202.140000 R  i2c=0xc0 reg=0x5b len=1
1778318202.143000 R= ret=0 data=29
1778318202.143000 W  i2c=0xc0 reg=0x59 len=2 data=03 01
1778318202.145000 R  i2c=0xc0 reg=0x5b len=1
1778318202.149000 R= ret=0 data=08
1778318202.149000 W1 i2c=0xc0 reg=0x59 val=0x4
1778318202.149000 W  i2c=0xc0 reg=0x59 len=1 data=04
1778318202.150000 W1 i2c=0xc0 reg=0x88 val=0x0
1778318202.150000 W  i2c=0xc0 reg=0x88 len=1 data=00
1778318202.151000 W1 i2c=0xc0 reg=0x87 val=0xc0
1778318202.151000 W  i2c=0xc0 reg=0x87 len=1 data=c0
1778318202.152000 R  i2c=0xc0 reg=0x69 len=1
1778318202.156000 R= ret=0 data=88
1778318202.156000 W1 i2c=0xdc reg=0x8 val=0x0
1778318202.156000 W  i2c=0xdc reg=0x8 len=1 data=00
1778318202.958000 W1 i2c=0x30 reg=0x0 val=0xf
1778318202.958000 W  i2c=0x30 reg=0x0 len=1 data=0f
1778318202.960000 R  i2c=0x30 reg=0x11 len=1
1778318202.964000 R= ret=0 data=00
1778318202.964000 W1 i2c=0x30 reg=0x0 val=0x9
1778318202.964000 W  i2c=0x30 reg=0x0 len=1 data=09
1778318202.965000 R  i2c=0x30 reg=0x62 len=1
1778318202.969000 R= ret=0 data=51
1778318202.969000 W1 i2c=0x30 reg=0x0 val=0xd
1778318202.969000 W  i2c=0x30 reg=0x0 len=1 data=0d
1778318202.970000 R  i2c=0x30 reg=0x86 len=1
1778318202.974000 R= ret=0 data=00
1778318202.975000 W1 i2c=0x30 reg=0x0 val=0xd
1778318202.975000 W  i2c=0x30 reg=0x0 len=1 data=0d
1778318202.976000 R  i2c=0x30 reg=0x86 len=1
1778318202.979000 R= ret=0 data=00
1778318202.980000 W1 i2c=0x30 reg=0x0 val=0xd
1778318202.980000 W  i2c=0x30 reg=0x0 len=1 data=0d
1778318202.981000 R  i2c=0x30 reg=0x86 len=1
1778318202.984000 R= ret=0 data=00
1778318202.984000 W1 i2c=0xdc reg=0x8 val=0x1
1778318202.984000 W  i2c=0xdc reg=0x8 len=1 data=01
1778318202.985000 W  i2c=0xc0 reg=0x87 len=2 data=c4 41
1778318202.986000 W  i2c=0xc0 reg=0x59 len=2 data=05 01
1778318202.986000 R  i2c=0xc0 reg=0x5b len=1
1778318202.990000 R= ret=0 data=28
1778318202.990000 W  i2c=0xc0 reg=0x59 len=2 data=03 01
1778318202.991000 R  i2c=0xc0 reg=0x5b len=1
1778318202.996000 R= ret=0 data=08
1778318202.996000 W1 i2c=0xc0 reg=0x59 val=0x4
1778318202.996000 W  i2c=0xc0 reg=0x59 len=1 data=04
1778318202.997000 W1 i2c=0xc0 reg=0x88 val=0x0
1778318202.997000 W  i2c=0xc0 reg=0x88 len=1 data=00
1778318202.998000 W1 i2c=0xc0 reg=0x87 val=0xc0
1778318202.998000 W  i2c=0xc0 reg=0x87 len=1 data=c0
1778318202.999000 R  i2c=0xc0 reg=0x69 len=1
1778318203.002000 R= ret=0 data=88
1778318203.002000 W1 i2c=0xdc reg=0x8 val=0x0
1778318203.002000 W  i2c=0xdc reg=0x8 len=1 data=00
1778318203.805000 W1 i2c=0x30 reg=0x0 val=0xf
1778318203.805000 W  i2c=0x30 reg=0x0 len=1 data=0f
1778318203.807000 R  i2c=0x30 reg=0x11 len=1
1778318203.812000 R= ret=0 data=00
1778318203.812000 W1 i2c=0x30 reg=0x0 val=0x9
1778318203.812000 W  i2c=0x30 reg=0x0 len=1 data=09
1778318203.813000 R  i2c=0x30 reg=0x62 len=1
1778318203.818000 R= ret=0 data=51
1778318203.818000 W1 i2c=0x30 reg=0x0 val=0xd
1778318203.818000 W  i2c=0x30 reg=0x0 len=1 data=0d
1778318203.819000 R  i2c=0x30 reg=0x86 len=1
1778318203.822000 R= ret=0 data=00
1778318203.822000 W1 i2c=0x30 reg=0x0 val=0xd
1778318203.822000 W  i2c=0x30 reg=0x0 len=1 data=0d
1778318203.824000 R  i2c=0x30 reg=0x86 len=1
1778318203.828000 R= ret=0 data=00
1778318203.828000 W1 i2c=0x30 reg=0x0 val=0xd
1778318203.828000 W  i2c=0x30 reg=0x0 len=1 data=0d
1778318203.829000 R  i2c=0x30 reg=0x86 len=1
1778318203.832000 R= ret=0 data=00
1778318203.832000 W1 i2c=0xdc reg=0x8 val=0x1
1778318203.832000 W  i2c=0xdc reg=0x8 len=1 data=01
1778318203.833000 W  i2c=0xc0 reg=0x87 len=2 data=c4 41
1778318203.834000 W  i2c=0xc0 reg=0x59 len=2 data=05 01
1778318203.835000 R  i2c=0xc0 reg=0x5b len=1
1778318203.839000 R= ret=0 data=2a
1778318203.839000 W  i2c=0xc0 reg=0x59 len=2 data=03 01
1778318203.840000 R  i2c=0xc0 reg=0x5b len=1
1778318203.844000 R= ret=0 data=08
1778318203.844000 W1 i2c=0xc0 reg=0x59 val=0x4
1778318203.844000 W  i2c=0xc0 reg=0x59 len=1 data=04
1778318203.845000 W1 i2c=0xc0 reg=0x88 val=0x0
1778318203.845000 W  i2c=0xc0 reg=0x88 len=1 data=00
1778318203.846000 W1 i2c=0xc0 reg=0x87 val=0xc0
1778318203.846000 W  i2c=0xc0 reg=0x87 len=1 data=c0
1778318203.847000 R  i2c=0xc0 reg=0x69 len=1
1778318203.851000 R= ret=0 data=88
1778318203.851000 W1 i2c=0xdc reg=0x8 val=0x0
1778318203.851000 W  i2c=0xdc reg=0x8 len=1 data=00
1778318204.653000 W1 i2c=0x30 reg=0x0 val=0xf
1778318204.653000 W  i2c=0x30 reg=0x0 len=1 data=0f
1778318204.655000 R  i2c=0x30 reg=0x11 len=1
1778318204.659000 R= ret=0 data=00
1778318204.659000 W1 i2c=0x30 reg=0x0 val=0x9
1778318204.659000 W  i2c=0x30 reg=0x0 len=1 data=09
1778318204.660000 R  i2c=0x30 reg=0x62 len=1
1778318204.664000 R= ret=0 data=51
1778318204.664000 W1 i2c=0x30 reg=0x0 val=0xd
1778318204.664000 W  i2c=0x30 reg=0x0 len=1 data=0d
1778318204.665000 R  i2c=0x30 reg=0x86 len=1
1778318204.669000 R= ret=0 data=00
1778318204.669000 W1 i2c=0x30 reg=0x0 val=0xd
1778318204.669000 W  i2c=0x30 reg=0x0 len=1 data=0d
1778318204.670000 R  i2c=0x30 reg=0x86 len=1
1778318204.673000 R= ret=0 data=00
1778318204.674000 W1 i2c=0x30 reg=0x0 val=0xd
1778318204.674000 W  i2c=0x30 reg=0x0 len=1 data=0d
1778318204.674000 R  i2c=0x30 reg=0x86 len=1
1778318204.678000 R= ret=0 data=00
1778318204.678000 W1 i2c=0xdc reg=0x8 val=0x1
1778318204.678000 W  i2c=0xdc reg=0x8 len=1 data=01
1778318204.679000 W  i2c=0xc0 reg=0x87 len=2 data=c4 41
1778318204.680000 W  i2c=0xc0 reg=0x59 len=2 data=05 01
1778318204.681000 R  i2c=0xc0 reg=0x5b len=1
1778318204.685000 R= ret=0 data=29
1778318204.685000 W  i2c=0xc0 reg=0x59 len=2 data=03 01
1778318204.686000 R  i2c=0xc0 reg=0x5b len=1
1778318204.689000 R= ret=0 data=08
1778318204.689000 W1 i2c=0xc0 reg=0x59 val=0x4
1778318204.689000 W  i2c=0xc0 reg=0x59 len=1 data=04
1778318204.690000 W1 i2c=0xc0 reg=0x88 val=0x0
1778318204.690000 W  i2c=0xc0 reg=0x88 len=1 data=00
1778318204.691000 W1 i2c=0xc0 reg=0x87 val=0xc0
1778318204.691000 W  i2c=0xc0 reg=0x87 len=1 data=c0
1778318204.692000 R  i2c=0xc0 reg=0x69 len=1
1778318204.696000 R= ret=0 data=88
1778318204.696000 W1 i2c=0xdc reg=0x8 val=0x0
1778318204.696000 W  i2c=0xdc reg=0x8 len=1 data=00
1778318205.498000 W1 i2c=0x30 reg=0x0 val=0xf
1778318205.498000 W  i2c=0x30 reg=0x0 len=1 data=0f
1778318205.500000 R  i2c=0x30 reg=0x11 len=1
1778318205.504000 R= ret=0 data=00
1778318205.504000 W1 i2c=0x30 reg=0x0 val=0x9
1778318205.504000 W  i2c=0x30 reg=0x0 len=1 data=09
1778318205.505000 R  i2c=0x30 reg=0x62 len=1
1778318205.508000 R= ret=0 data=51
1778318205.508000 W1 i2c=0x30 reg=0x0 val=0xd
1778318205.508000 W  i2c=0x30 reg=0x0 len=1 data=0d
1778318205.509000 R  i2c=0x30 reg=0x86 len=1
1778318205.513000 R= ret=0 data=00
1778318205.513000 W1 i2c=0x30 reg=0x0 val=0xd
1778318205.513000 W  i2c=0x30 reg=0x0 len=1 data=0d
1778318205.514000 R  i2c=0x30 reg=0x86 len=1
1778318205.517000 R= ret=0 data=00
1778318205.517000 W1 i2c=0x30 reg=0x0 val=0xd
1778318205.517000 W  i2c=0x30 reg=0x0 len=1 data=0d
1778318205.518000 R  i2c=0x30 reg=0x86 len=1
1778318205.522000 R= ret=0 data=00
1778318205.522000 W1 i2c=0xdc reg=0x8 val=0x1
1778318205.522000 W  i2c=0xdc reg=0x8 len=1 data=01
1778318205.523000 W  i2c=0xc0 reg=0x87 len=2 data=c4 41
1778318205.524000 W  i2c=0xc0 reg=0x59 len=2 data=05 01
1778318205.525000 R  i2c=0xc0 reg=0x5b len=1
1778318205.528000 R= ret=0 data=29
1778318205.528000 W  i2c=0xc0 reg=0x59 len=2 data=03 01
1778318205.529000 R  i2c=0xc0 reg=0x5b len=1
1778318205.533000 R= ret=0 data=08
1778318205.533000 W1 i2c=0xc0 reg=0x59 val=0x4
1778318205.533000 W  i2c=0xc0 reg=0x59 len=1 data=04
1778318205.533000 W1 i2c=0xc0 reg=0x88 val=0x0
1778318205.533000 W  i2c=0xc0 reg=0x88 len=1 data=00
1778318205.534000 W1 i2c=0xc0 reg=0x87 val=0xc0
1778318205.534000 W  i2c=0xc0 reg=0x87 len=1 data=c0
1778318205.535000 R  i2c=0xc0 reg=0x69 len=1
1778318205.539000 R= ret=0 data=88
1778318205.539000 W1 i2c=0xdc reg=0x8 val=0x0
1778318205.539000 W  i2c=0xdc reg=0x8 len=1 data=00
1778318206.341000 W1 i2c=0x30 reg=0x0 val=0xf
1778318206.341000 W  i2c=0x30 reg=0x0 len=1 data=0f
1778318206.342000 R  i2c=0x30 reg=0x11 len=1
1778318206.346000 R= ret=0 data=00
1778318206.346000 W1 i2c=0x30 reg=0x0 val=0x9
1778318206.346000 W  i2c=0x30 reg=0x0 len=1 data=09
1778318206.347000 R  i2c=0x30 reg=0x62 len=1
1778318206.351000 R= ret=0 data=51
1778318206.351000 W1 i2c=0x30 reg=0x0 val=0xd
1778318206.351000 W  i2c=0x30 reg=0x0 len=1 data=0d
1778318206.352000 R  i2c=0x30 reg=0x86 len=1
1778318206.355000 R= ret=0 data=00
1778318206.355000 W1 i2c=0x30 reg=0x0 val=0xd
1778318206.355000 W  i2c=0x30 reg=0x0 len=1 data=0d
1778318206.356000 R  i2c=0x30 reg=0x86 len=1
1778318206.360000 R= ret=0 data=00
1778318206.360000 W1 i2c=0x30 reg=0x0 val=0xd
1778318206.360000 W  i2c=0x30 reg=0x0 len=1 data=0d
1778318206.361000 R  i2c=0x30 reg=0x86 len=1
1778318206.364000 R= ret=0 data=00
1778318206.364000 W1 i2c=0xdc reg=0x8 val=0x1
1778318206.364000 W  i2c=0xdc reg=0x8 len=1 data=01
1778318206.365000 W  i2c=0xc0 reg=0x87 len=2 data=c4 41
1778318206.366000 W  i2c=0xc0 reg=0x59 len=2 data=05 01
1778318206.367000 R  i2c=0xc0 reg=0x5b len=1
1778318206.370000 R= ret=0 data=29
1778318206.370000 W  i2c=0xc0 reg=0x59 len=2 data=03 01
1778318206.371000 R  i2c=0xc0 reg=0x5b len=1
1778318206.375000 R= ret=0 data=08
1778318206.375000 W1 i2c=0xc0 reg=0x59 val=0x4
1778318206.375000 W  i2c=0xc0 reg=0x59 len=1 data=04
1778318206.376000 W1 i2c=0xc0 reg=0x88 val=0x0
1778318206.377000 W  i2c=0xc0 reg=0x88 len=1 data=00
1778318206.378000 W1 i2c=0xc0 reg=0x87 val=0xc0
1778318206.378000 W  i2c=0xc0 reg=0x87 len=1 data=c0
1778318206.379000 R  i2c=0xc0 reg=0x69 len=1
1778318206.382000 R= ret=0 data=88
1778318206.382000 W1 i2c=0xdc reg=0x8 val=0x0
1778318206.382000 W  i2c=0xdc reg=0x8 len=1 data=00
1778318206.947000 nativeTune -> 515000
1778318206.947000 DRV_acquire: oldStd=0x5 freq=515000 -> ATSC 1.0
1778318206.948000 >>> sony_cxd6801_integ_atsc_Tune
1778318206.948000 >>> sony_cxd6801_demod_atsc_Tune
1778318206.948000 >>> sony_cxd6801_demod_SetStreamOutput
1778318206.948000 W1 i2c=0xd8 reg=0x0 val=0x0
1778318206.948000 W  i2c=0xd8 reg=0x0 len=1 data=00
1778318206.949000 R  i2c=0xd8 reg=0xa9 len=1
1778318206.953000 R= ret=0 data=00
1778318206.953000 W1 i2c=0xd8 reg=0x0 val=0x0
1778318206.953000 W  i2c=0xd8 reg=0x0 len=1 data=00
1778318206.954000 W1 i2c=0xd8 reg=0xc3 val=0x1
1778318206.954000 W  i2c=0xd8 reg=0xc3 len=1 data=01
1778318206.955000 <<< sony_cxd6801_demod_SetStreamOutput ret=0
1778318206.955000 <<< sony_cxd6801_demod_atsc_Tune ret=0
1778318206.955000 W1 i2c=0xdc reg=0x8 val=0x1
1778318206.955000 W  i2c=0xdc reg=0x8 len=1 data=01
1778318206.956000 B  i2c=0xc0 reg=0x74 val=0x2 mask=0x3
1778318206.956000 R  i2c=0xc0 reg=0x74 len=1
1778318206.960000 R= ret=0 data=11
1778318206.960000 W1 i2c=0xc0 reg=0x74 val=0x12
1778318206.960000 W  i2c=0xc0 reg=0x74 len=1 data=12
1778318206.961000 W  i2c=0xc0 reg=0x87 len=2 data=c4 40
1778318206.962000 W  i2c=0xc0 reg=0x91 len=2 data=10 20
1778318206.963000 W  i2c=0xc0 reg=0x9c len=2 data=00 00
1778318206.964000 W  i2c=0xc0 reg=0x5e len=9 data=ee 02 1e 67 03 b4 78 08
1778318206.965000 B  i2c=0xc0 reg=0x67 val=0x0 mask=0x6
1778318206.965000 R  i2c=0xc0 reg=0x67 len=1
1778318206.969000 R= ret=0 data=00
1778318206.969000 W1 i2c=0xc0 reg=0x67 val=0x0
1778318206.969000 W  i2c=0xc0 reg=0x67 len=1 data=00
1778318206.969000 W  i2c=0xc0 reg=0x68 len=17 data=00 88 00 0b 23 00 1a 1d
1778318207.022000 W1 i2c=0xc0 reg=0x88 val=0x0
1778318207.022000 W  i2c=0xc0 reg=0x88 len=1 data=00
1778318207.023000 W1 i2c=0xc0 reg=0x87 val=0xc0
1778318207.023000 W  i2c=0xc0 reg=0x87 len=1 data=c0
1778318207.024000 W1 i2c=0xdc reg=0x8 val=0x0
1778318207.024000 W  i2c=0xdc reg=0x8 len=1 data=00
1778318207.025000 W1 i2c=0x98 reg=0x0 val=0x1
1778318207.025000 W  i2c=0x98 reg=0x0 len=1 data=01
1778318207.026000 W1 i2c=0x98 reg=0x48 val=0x1
1778318207.026000 W  i2c=0x98 reg=0x48 len=1 data=01
1778318207.027000 W  i2c=0x98 reg=0xa len=6 data=b3 10 00 00 00 00
1778318207.028000 R  i2c=0x98 reg=0xa len=6
1778318207.032000 R= ret=0 data=30 00 00 00 00 b3
1778318207.032000 >>> sony_cxd6801_demod_SetStreamOutput
1778318207.032000 W1 i2c=0xd8 reg=0x0 val=0x0
1778318207.032000 W  i2c=0xd8 reg=0x0 len=1 data=00
1778318207.033000 R  i2c=0xd8 reg=0xa9 len=1
1778318207.036000 R= ret=0 data=00
1778318207.036000 W1 i2c=0xd8 reg=0x0 val=0x0
1778318207.036000 W  i2c=0xd8 reg=0x0 len=1 data=00
1778318207.037000 W1 i2c=0xd8 reg=0xc3 val=0x0
1778318207.037000 W  i2c=0xd8 reg=0xc3 len=1 data=00
1778318207.038000 <<< sony_cxd6801_demod_SetStreamOutput ret=0
1778318207.038000 W1 i2c=0x30 reg=0x0 val=0xf
1778318207.038000 W  i2c=0x30 reg=0x0 len=1 data=0f
1778318207.039000 R  i2c=0x30 reg=0x11 len=1
1778318207.042000 R= ret=0 data=00
1778318207.042000 W1 i2c=0x30 reg=0x0 val=0x9
1778318207.042000 W  i2c=0x30 reg=0x0 len=1 data=09
1778318207.043000 R  i2c=0x30 reg=0x62 len=1
1778318207.047000 R= ret=0 data=51
1778318207.047000 W1 i2c=0x30 reg=0x0 val=0xd
1778318207.047000 W  i2c=0x30 reg=0x0 len=1 data=0d
1778318207.048000 R  i2c=0x30 reg=0x86 len=1
1778318207.051000 R= ret=0 data=00
1778318207.063000 W1 i2c=0x30 reg=0x0 val=0xf
1778318207.063000 W  i2c=0x30 reg=0x0 len=1 data=0f
1778318207.064000 R  i2c=0x30 reg=0x11 len=1
1778318207.067000 R= ret=0 data=00
1778318207.067000 W1 i2c=0x30 reg=0x0 val=0x9
1778318207.067000 W  i2c=0x30 reg=0x0 len=1 data=09
1778318207.068000 R  i2c=0x30 reg=0x62 len=1
1778318207.072000 R= ret=0 data=51
1778318207.072000 W1 i2c=0x30 reg=0x0 val=0xd
1778318207.072000 W  i2c=0x30 reg=0x0 len=1 data=0d
1778318207.073000 R  i2c=0x30 reg=0x86 len=1
1778318207.076000 R= ret=0 data=00
1778318207.087000 W1 i2c=0x30 reg=0x0 val=0xf
1778318207.087000 W  i2c=0x30 reg=0x0 len=1 data=0f
1778318207.088000 R  i2c=0x30 reg=0x11 len=1
1778318207.091000 R= ret=0 data=00
1778318207.091000 W1 i2c=0x30 reg=0x0 val=0x9
1778318207.091000 W  i2c=0x30 reg=0x0 len=1 data=09
1778318207.092000 R  i2c=0x30 reg=0x62 len=1
1778318207.096000 R= ret=0 data=41
1778318207.096000 W1 i2c=0x30 reg=0x0 val=0xd
1778318207.096000 W  i2c=0x30 reg=0x0 len=1 data=0d
1778318207.097000 R  i2c=0x30 reg=0x86 len=1
1778318207.100000 R= ret=0 data=00
1778318207.112000 W1 i2c=0x30 reg=0x0 val=0xf
1778318207.112000 W  i2c=0x30 reg=0x0 len=1 data=0f
1778318207.113000 R  i2c=0x30 reg=0x11 len=1
1778318207.116000 R= ret=0 data=00
1778318207.116000 W1 i2c=0x30 reg=0x0 val=0x9
1778318207.116000 W  i2c=0x30 reg=0x0 len=1 data=09
1778318207.117000 R  i2c=0x30 reg=0x62 len=1
1778318207.121000 R= ret=0 data=51
1778318207.121000 W1 i2c=0x30 reg=0x0 val=0xd
1778318207.121000 W  i2c=0x30 reg=0x0 len=1 data=0d
1778318207.122000 R  i2c=0x30 reg=0x86 len=1
1778318207.125000 R= ret=0 data=00
1778318207.136000 W1 i2c=0x30 reg=0x0 val=0xf
1778318207.136000 W  i2c=0x30 reg=0x0 len=1 data=0f
1778318207.137000 R  i2c=0x30 reg=0x11 len=1
1778318207.140000 R= ret=0 data=00
1778318207.140000 W1 i2c=0x30 reg=0x0 val=0x9
1778318207.140000 W  i2c=0x30 reg=0x0 len=1 data=09
1778318207.141000 R  i2c=0x30 reg=0x62 len=1
1778318207.145000 R= ret=0 data=51
1778318207.145000 W1 i2c=0x30 reg=0x0 val=0xd
1778318207.145000 W  i2c=0x30 reg=0x0 len=1 data=0d
1778318207.146000 R  i2c=0x30 reg=0x86 len=1
1778318207.149000 R= ret=0 data=00
1778318207.160000 W1 i2c=0x30 reg=0x0 val=0xf
1778318207.160000 W  i2c=0x30 reg=0x0 len=1 data=0f
1778318207.161000 R  i2c=0x30 reg=0x11 len=1
1778318207.165000 R= ret=0 data=00
1778318207.165000 W1 i2c=0x30 reg=0x0 val=0x9
1778318207.165000 W  i2c=0x30 reg=0x0 len=1 data=09
1778318207.166000 R  i2c=0x30 reg=0x62 len=1
1778318207.170000 R= ret=0 data=51
1778318207.170000 W1 i2c=0x30 reg=0x0 val=0xd
1778318207.170000 W  i2c=0x30 reg=0x0 len=1 data=0d
1778318207.171000 R  i2c=0x30 reg=0x86 len=1
1778318207.174000 R= ret=0 data=00
1778318207.185000 W1 i2c=0x30 reg=0x0 val=0xf
1778318207.185000 W  i2c=0x30 reg=0x0 len=1 data=0f
1778318207.185000 W1 i2c=0x30 reg=0x0 val=0xf
1778318207.185000 W  i2c=0x30 reg=0x0 len=1 data=0f
1778318207.186000 R  i2c=0x30 reg=0x11 len=1
1778318207.187000 R  i2c=0x30 reg=0x11 len=1
1778318207.191000 R= ret=0 data=00
1778318207.191000 W1 i2c=0x30 reg=0x0 val=0x9
1778318207.191000 W  i2c=0x30 reg=0x0 len=1 data=09
1778318207.194000 R= ret=0 data=00
1778318207.194000 W1 i2c=0x30 reg=0x0 val=0x9
1778318207.194000 W  i2c=0x30 reg=0x0 len=1 data=09
1778318207.195000 R  i2c=0x30 reg=0x62 len=1
1778318207.196000 R  i2c=0x30 reg=0x62 len=1
1778318207.200000 R= ret=0 data=51
1778318207.200000 W1 i2c=0x30 reg=0x0 val=0xd
1778318207.200000 W  i2c=0x30 reg=0x0 len=1 data=0d
1778318207.204000 R= ret=0 data=51
1778318207.204000 W1 i2c=0x30 reg=0x0 val=0xd
1778318207.204000 W  i2c=0x30 reg=0x0 len=1 data=0d
1778318207.204000 R  i2c=0x30 reg=0x86 len=1
1778318207.205000 R  i2c=0x30 reg=0x86 len=1
1778318207.209000 R= ret=0 data=00
1778318207.209000 W1 i2c=0x30 reg=0x0 val=0xd
1778318207.209000 W  i2c=0x30 reg=0x0 len=1 data=0d
1778318207.213000 R= ret=0 data=00
1778318207.213000 R  i2c=0x30 reg=0x86 len=1
1778318207.217000 R= ret=0 data=00
1778318207.217000 W1 i2c=0x30 reg=0x0 val=0xd
1778318207.217000 W  i2c=0x30 reg=0x0 len=1 data=0d
1778318207.218000 R  i2c=0x30 reg=0x86 len=1
1778318207.221000 R= ret=0 data=00
1778318207.221000 W1 i2c=0xdc reg=0x8 val=0x1
1778318207.221000 W  i2c=0xdc reg=0x8 len=1 data=01
1778318207.222000 W  i2c=0xc0 reg=0x87 len=2 data=c4 41
1778318207.223000 W1 i2c=0x30 reg=0x0 val=0xf
1778318207.223000 W  i2c=0x30 reg=0x0 len=1 data=0f
1778318207.223000 W  i2c=0xc0 reg=0x59 len=2 data=05 01
1778318207.224000 R  i2c=0x30 reg=0x11 len=1
1778318207.225000 R  i2c=0xc0 reg=0x5b len=1
1778318207.228000 R= ret=0 data=00
1778318207.228000 W1 i2c=0x30 reg=0x0 val=0x9
1778318207.228000 W  i2c=0x30 reg=0x0 len=1 data=09
1778318207.232000 R= ret=0 data=26
1778318207.232000 W  i2c=0xc0 reg=0x59 len=2 data=03 01
1778318207.233000 R  i2c=0x30 reg=0x62 len=1
1778318207.234000 R  i2c=0xc0 reg=0x5b len=1
1778318207.237000 R= ret=0 data=41
1778318207.237000 W1 i2c=0x30 reg=0x0 val=0xd
1778318207.237000 W  i2c=0x30 reg=0x0 len=1 data=0d
1778318207.241000 R= ret=0 data=08
1778318207.241000 W1 i2c=0xc0 reg=0x59 val=0x4
1778318207.241000 W  i2c=0xc0 reg=0x59 len=1 data=04
1778318207.242000 R  i2c=0x30 reg=0x86 len=1
1778318207.242000 W1 i2c=0xc0 reg=0x88 val=0x0
1778318207.242000 W  i2c=0xc0 reg=0x88 len=1 data=00
1778318207.246000 R= ret=0 data=00
1778318207.247000 W1 i2c=0xc0 reg=0x87 val=0xc0
1778318207.247000 W  i2c=0xc0 reg=0x87 len=1 data=c0
1778318207.248000 R  i2c=0xc0 reg=0x69 len=1
1778318207.251000 R= ret=0 data=88
1778318207.251000 W1 i2c=0xdc reg=0x8 val=0x0
1778318207.251000 W  i2c=0xdc reg=0x8 len=1 data=00
1778318207.256000 W1 i2c=0x30 reg=0x0 val=0xf
1778318207.256000 W  i2c=0x30 reg=0x0 len=1 data=0f
1778318207.257000 R  i2c=0x30 reg=0x11 len=1
1778318207.260000 R= ret=0 data=00
1778318207.260000 W1 i2c=0x30 reg=0x0 val=0x9
1778318207.260000 W  i2c=0x30 reg=0x0 len=1 data=09
1778318207.261000 R  i2c=0x30 reg=0x62 len=1
1778318207.264000 R= ret=0 data=51
1778318207.264000 W1 i2c=0x30 reg=0x0 val=0xd
1778318207.264000 W  i2c=0x30 reg=0x0 len=1 data=0d
1778318207.266000 R  i2c=0x30 reg=0x86 len=1
1778318207.269000 R= ret=0 data=00
1778318207.279000 W1 i2c=0x30 reg=0x0 val=0xf
1778318207.279000 W  i2c=0x30 reg=0x0 len=1 data=0f
1778318207.280000 R  i2c=0x30 reg=0x11 len=1
1778318207.283000 R= ret=0 data=00
1778318207.283000 W1 i2c=0x30 reg=0x0 val=0x9
1778318207.283000 W  i2c=0x30 reg=0x0 len=1 data=09
1778318207.284000 R  i2c=0x30 reg=0x62 len=1
1778318207.288000 R= ret=0 data=51
1778318207.288000 W1 i2c=0x30 reg=0x0 val=0xd
1778318207.288000 W  i2c=0x30 reg=0x0 len=1 data=0d
1778318207.289000 R  i2c=0x30 reg=0x86 len=1
1778318207.292000 R= ret=0 data=00
1778318207.302000 W1 i2c=0x30 reg=0x0 val=0xf
1778318207.302000 W  i2c=0x30 reg=0x0 len=1 data=0f
1778318207.303000 R  i2c=0x30 reg=0x11 len=1
1778318207.307000 R= ret=0 data=00
1778318207.307000 W1 i2c=0x30 reg=0x0 val=0x9
1778318207.307000 W  i2c=0x30 reg=0x0 len=1 data=09
1778318207.308000 R  i2c=0x30 reg=0x62 len=1
1778318207.311000 R= ret=0 data=51
1778318207.311000 W1 i2c=0x30 reg=0x0 val=0xd
1778318207.311000 W  i2c=0x30 reg=0x0 len=1 data=0d
1778318207.312000 R  i2c=0x30 reg=0x86 len=1
1778318207.315000 R= ret=0 data=00
1778318207.326000 W1 i2c=0x30 reg=0x0 val=0xf
1778318207.326000 W  i2c=0x30 reg=0x0 len=1 data=0f
1778318207.327000 R  i2c=0x30 reg=0x11 len=1
1778318207.331000 R= ret=0 data=00
1778318207.331000 W1 i2c=0x30 reg=0x0 val=0x9
1778318207.331000 W  i2c=0x30 reg=0x0 len=1 data=09
1778318207.332000 R  i2c=0x30 reg=0x62 len=1
1778318207.335000 R= ret=0 data=51
1778318207.335000 W1 i2c=0x30 reg=0x0 val=0xd
1778318207.335000 W  i2c=0x30 reg=0x0 len=1 data=0d
1778318207.336000 R  i2c=0x30 reg=0x86 len=1
1778318207.340000 R= ret=0 data=00
1778318207.350000 W1 i2c=0x30 reg=0x0 val=0xf
1778318207.350000 W  i2c=0x30 reg=0x0 len=1 data=0f
1778318207.351000 R  i2c=0x30 reg=0x11 len=1
1778318207.354000 R= ret=0 data=00
1778318207.354000 W1 i2c=0x30 reg=0x0 val=0x9
1778318207.354000 W  i2c=0x30 reg=0x0 len=1 data=09
1778318207.355000 R  i2c=0x30 reg=0x62 len=1
1778318207.359000 R= ret=0 data=51
1778318207.359000 W1 i2c=0x30 reg=0x0 val=0xd
1778318207.359000 W  i2c=0x30 reg=0x0 len=1 data=0d
1778318207.360000 R  i2c=0x30 reg=0x86 len=1
1778318207.363000 R= ret=0 data=00
1778318207.374000 W1 i2c=0x30 reg=0x0 val=0xf
1778318207.374000 W  i2c=0x30 reg=0x0 len=1 data=0f
1778318207.375000 R  i2c=0x30 reg=0x11 len=1
1778318207.379000 R= ret=0 data=00
1778318207.379000 W1 i2c=0x30 reg=0x0 val=0x9
1778318207.379000 W  i2c=0x30 reg=0x0 len=1 data=09
1778318207.380000 R  i2c=0x30 reg=0x62 len=1
1778318207.384000 R= ret=0 data=51
1778318207.384000 W1 i2c=0x30 reg=0x0 val=0xd
1778318207.384000 W  i2c=0x30 reg=0x0 len=1 data=0d
1778318207.385000 R  i2c=0x30 reg=0x86 len=1
1778318207.388000 R= ret=0 data=00
1778318207.399000 W1 i2c=0x30 reg=0x0 val=0xf
1778318207.399000 W  i2c=0x30 reg=0x0 len=1 data=0f
1778318207.400000 R  i2c=0x30 reg=0x11 len=1
1778318207.404000 R= ret=0 data=00
1778318207.404000 W1 i2c=0x30 reg=0x0 val=0x9
1778318207.404000 W  i2c=0x30 reg=0x0 len=1 data=09
1778318207.405000 R  i2c=0x30 reg=0x62 len=1
1778318207.408000 R= ret=0 data=51
1778318207.408000 W1 i2c=0x30 reg=0x0 val=0xd
1778318207.408000 W  i2c=0x30 reg=0x0 len=1 data=0d
1778318207.409000 R  i2c=0x30 reg=0x86 len=1
1778318207.413000 R= ret=0 data=00
1778318207.423000 W1 i2c=0x30 reg=0x0 val=0xf
1778318207.423000 W  i2c=0x30 reg=0x0 len=1 data=0f
1778318207.424000 R  i2c=0x30 reg=0x11 len=1
1778318207.428000 R= ret=0 data=00
1778318207.428000 W1 i2c=0x30 reg=0x0 val=0x9
1778318207.428000 W  i2c=0x30 reg=0x0 len=1 data=09
1778318207.429000 R  i2c=0x30 reg=0x62 len=1
1778318207.432000 R= ret=0 data=51
1778318207.432000 W1 i2c=0x30 reg=0x0 val=0xd
1778318207.432000 W  i2c=0x30 reg=0x0 len=1 data=0d
1778318207.433000 R  i2c=0x30 reg=0x86 len=1
1778318207.436000 R= ret=0 data=00
1778318207.448000 W1 i2c=0x30 reg=0x0 val=0xf
1778318207.448000 W  i2c=0x30 reg=0x0 len=1 data=0f
1778318207.448000 R  i2c=0x30 reg=0x11 len=1
1778318207.452000 R= ret=0 data=00
1778318207.452000 W1 i2c=0x30 reg=0x0 val=0x9
1778318207.452000 W  i2c=0x30 reg=0x0 len=1 data=09
1778318207.453000 R  i2c=0x30 reg=0x62 len=1
1778318207.456000 R= ret=0 data=51
1778318207.456000 W1 i2c=0x30 reg=0x0 val=0xd
1778318207.456000 W  i2c=0x30 reg=0x0 len=1 data=0d
1778318207.457000 R  i2c=0x30 reg=0x86 len=1
1778318207.460000 R= ret=0 data=00
1778318207.470000 W1 i2c=0x30 reg=0x0 val=0xf
1778318207.470000 W  i2c=0x30 reg=0x0 len=1 data=0f
1778318207.471000 R  i2c=0x30 reg=0x11 len=1
1778318207.475000 R= ret=0 data=00
1778318207.475000 W1 i2c=0x30 reg=0x0 val=0x9
1778318207.475000 W  i2c=0x30 reg=0x0 len=1 data=09
1778318207.476000 R  i2c=0x30 reg=0x62 len=1
1778318207.479000 R= ret=0 data=51
1778318207.479000 W1 i2c=0x30 reg=0x0 val=0xd
1778318207.479000 W  i2c=0x30 reg=0x0 len=1 data=0d
1778318207.480000 R  i2c=0x30 reg=0x86 len=1
1778318207.483000 R= ret=0 data=00
1778318207.494000 W1 i2c=0x30 reg=0x0 val=0xf
1778318207.494000 W  i2c=0x30 reg=0x0 len=1 data=0f
1778318207.495000 R  i2c=0x30 reg=0x11 len=1
1778318207.498000 R= ret=0 data=00
1778318207.498000 W1 i2c=0x30 reg=0x0 val=0x9
1778318207.498000 W  i2c=0x30 reg=0x0 len=1 data=09
1778318207.499000 R  i2c=0x30 reg=0x62 len=1
1778318207.502000 R= ret=0 data=51
1778318207.502000 W1 i2c=0x30 reg=0x0 val=0xd
1778318207.502000 W  i2c=0x30 reg=0x0 len=1 data=0d
1778318207.503000 R  i2c=0x30 reg=0x86 len=1
1778318207.506000 R= ret=0 data=00
1778318207.518000 W1 i2c=0x30 reg=0x0 val=0xf
1778318207.518000 W  i2c=0x30 reg=0x0 len=1 data=0f
1778318207.519000 R  i2c=0x30 reg=0x11 len=1
1778318207.523000 R= ret=0 data=00
1778318207.523000 W1 i2c=0x30 reg=0x0 val=0x9
1778318207.523000 W  i2c=0x30 reg=0x0 len=1 data=09
1778318207.524000 R  i2c=0x30 reg=0x62 len=1
1778318207.527000 R= ret=0 data=51
1778318207.527000 W1 i2c=0x30 reg=0x0 val=0xd
1778318207.527000 W  i2c=0x30 reg=0x0 len=1 data=0d
1778318207.528000 R  i2c=0x30 reg=0x86 len=1
1778318207.532000 R= ret=0 data=00
1778318207.542000 W1 i2c=0x30 reg=0x0 val=0xf
1778318207.542000 W  i2c=0x30 reg=0x0 len=1 data=0f
1778318207.543000 R  i2c=0x30 reg=0x11 len=1
1778318207.546000 R= ret=0 data=00
1778318207.546000 W1 i2c=0x30 reg=0x0 val=0x9
1778318207.546000 W  i2c=0x30 reg=0x0 len=1 data=09
1778318207.547000 R  i2c=0x30 reg=0x62 len=1
1778318207.551000 R= ret=0 data=51
1778318207.551000 W1 i2c=0x30 reg=0x0 val=0xd
1778318207.551000 W  i2c=0x30 reg=0x0 len=1 data=0d
1778318207.552000 R  i2c=0x30 reg=0x86 len=1
1778318207.556000 R= ret=0 data=00
1778318207.567000 W1 i2c=0x30 reg=0x0 val=0xf
1778318207.567000 W  i2c=0x30 reg=0x0 len=1 data=0f
1778318207.568000 R  i2c=0x30 reg=0x11 len=1
1778318207.571000 R= ret=0 data=00
1778318207.571000 W1 i2c=0x30 reg=0x0 val=0x9
1778318207.571000 W  i2c=0x30 reg=0x0 len=1 data=09
1778318207.572000 R  i2c=0x30 reg=0x62 len=1
1778318207.576000 R= ret=0 data=51
1778318207.576000 W1 i2c=0x30 reg=0x0 val=0xd
1778318207.576000 W  i2c=0x30 reg=0x0 len=1 data=0d
1778318207.577000 R  i2c=0x30 reg=0x86 len=1
1778318207.581000 R= ret=0 data=00
1778318207.591000 W1 i2c=0x30 reg=0x0 val=0xf
1778318207.591000 W  i2c=0x30 reg=0x0 len=1 data=0f
1778318207.592000 R  i2c=0x30 reg=0x11 len=1
1778318207.596000 R= ret=0 data=00
1778318207.596000 W1 i2c=0x30 reg=0x0 val=0x9
1778318207.596000 W  i2c=0x30 reg=0x0 len=1 data=09
1778318207.597000 R  i2c=0x30 reg=0x62 len=1
1778318207.601000 R= ret=0 data=51
1778318207.601000 W1 i2c=0x30 reg=0x0 val=0xd
1778318207.601000 W  i2c=0x30 reg=0x0 len=1 data=0d
1778318207.601000 R  i2c=0x30 reg=0x86 len=1
1778318207.605000 R= ret=0 data=00
1778318207.615000 W1 i2c=0x30 reg=0x0 val=0xf
1778318207.615000 W  i2c=0x30 reg=0x0 len=1 data=0f
1778318207.616000 R  i2c=0x30 reg=0x11 len=1
1778318207.620000 R= ret=0 data=00
1778318207.620000 W1 i2c=0x30 reg=0x0 val=0x9
1778318207.620000 W  i2c=0x30 reg=0x0 len=1 data=09
1778318207.620000 R  i2c=0x30 reg=0x62 len=1
1778318207.624000 R= ret=0 data=51
1778318207.624000 W1 i2c=0x30 reg=0x0 val=0xd
1778318207.624000 W  i2c=0x30 reg=0x0 len=1 data=0d
1778318207.625000 R  i2c=0x30 reg=0x86 len=1
1778318207.628000 R= ret=0 data=00
1778318207.639000 W1 i2c=0x30 reg=0x0 val=0xf
1778318207.639000 W  i2c=0x30 reg=0x0 len=1 data=0f
1778318207.640000 R  i2c=0x30 reg=0x11 len=1
1778318207.643000 R= ret=0 data=00
1778318207.643000 W1 i2c=0x30 reg=0x0 val=0x9
1778318207.643000 W  i2c=0x30 reg=0x0 len=1 data=09
1778318207.644000 R  i2c=0x30 reg=0x62 len=1
1778318207.647000 R= ret=0 data=51
1778318207.647000 W1 i2c=0x30 reg=0x0 val=0xd
1778318207.647000 W  i2c=0x30 reg=0x0 len=1 data=0d
1778318207.648000 R  i2c=0x30 reg=0x86 len=1
1778318207.652000 R= ret=0 data=00
1778318207.663000 W1 i2c=0x30 reg=0x0 val=0xf
1778318207.663000 W  i2c=0x30 reg=0x0 len=1 data=0f
1778318207.664000 R  i2c=0x30 reg=0x11 len=1
1778318207.668000 R= ret=0 data=00
1778318207.668000 W1 i2c=0x30 reg=0x0 val=0x9
1778318207.668000 W  i2c=0x30 reg=0x0 len=1 data=09
1778318207.669000 R  i2c=0x30 reg=0x62 len=1
1778318207.672000 R= ret=0 data=51
1778318207.672000 W1 i2c=0x30 reg=0x0 val=0xd
1778318207.672000 W  i2c=0x30 reg=0x0 len=1 data=0d
1778318207.673000 R  i2c=0x30 reg=0x86 len=1
1778318207.677000 R= ret=0 data=00
1778318207.687000 W1 i2c=0x30 reg=0x0 val=0xf
1778318207.687000 W  i2c=0x30 reg=0x0 len=1 data=0f
1778318207.688000 R  i2c=0x30 reg=0x11 len=1
1778318207.691000 R= ret=0 data=00
1778318207.691000 W1 i2c=0x30 reg=0x0 val=0x9
1778318207.691000 W  i2c=0x30 reg=0x0 len=1 data=09
1778318207.692000 R  i2c=0x30 reg=0x62 len=1
1778318207.696000 R= ret=0 data=41
1778318207.696000 W1 i2c=0x30 reg=0x0 val=0xd
1778318207.696000 W  i2c=0x30 reg=0x0 len=1 data=0d
1778318207.697000 R  i2c=0x30 reg=0x86 len=1
1778318207.700000 R= ret=0 data=00
1778318207.711000 W1 i2c=0x30 reg=0x0 val=0xf
1778318207.711000 W  i2c=0x30 reg=0x0 len=1 data=0f
1778318207.711000 R  i2c=0x30 reg=0x11 len=1
1778318207.715000 R= ret=0 data=00
1778318207.715000 W1 i2c=0x30 reg=0x0 val=0x9
1778318207.715000 W  i2c=0x30 reg=0x0 len=1 data=09
1778318207.716000 R  i2c=0x30 reg=0x62 len=1
1778318207.720000 R= ret=0 data=51
1778318207.720000 W1 i2c=0x30 reg=0x0 val=0xd
1778318207.720000 W  i2c=0x30 reg=0x0 len=1 data=0d
1778318207.721000 R  i2c=0x30 reg=0x86 len=1
1778318207.724000 R= ret=0 data=00
1778318207.735000 W1 i2c=0x30 reg=0x0 val=0xf
1778318207.735000 W  i2c=0x30 reg=0x0 len=1 data=0f
1778318207.736000 R  i2c=0x30 reg=0x11 len=1
1778318207.740000 R= ret=0 data=00
1778318207.740000 W1 i2c=0x30 reg=0x0 val=0x9
1778318207.740000 W  i2c=0x30 reg=0x0 len=1 data=09
1778318207.741000 R  i2c=0x30 reg=0x62 len=1
1778318207.744000 R= ret=0 data=51
1778318207.744000 W1 i2c=0x30 reg=0x0 val=0xd
1778318207.744000 W  i2c=0x30 reg=0x0 len=1 data=0d
1778318207.745000 R  i2c=0x30 reg=0x86 len=1
1778318207.749000 R= ret=0 data=00
1778318207.759000 W1 i2c=0x30 reg=0x0 val=0xf
1778318207.759000 W  i2c=0x30 reg=0x0 len=1 data=0f
1778318207.760000 R  i2c=0x30 reg=0x11 len=1
1778318207.764000 R= ret=0 data=00
1778318207.764000 W1 i2c=0x30 reg=0x0 val=0x9
1778318207.764000 W  i2c=0x30 reg=0x0 len=1 data=09
1778318207.765000 R  i2c=0x30 reg=0x62 len=1
1778318207.768000 R= ret=0 data=51
1778318207.768000 W1 i2c=0x30 reg=0x0 val=0xd
1778318207.768000 W  i2c=0x30 reg=0x0 len=1 data=0d
1778318207.769000 R  i2c=0x30 reg=0x86 len=1
1778318207.773000 R= ret=0 data=00
1778318207.783000 W1 i2c=0x30 reg=0x0 val=0xf
1778318207.783000 W  i2c=0x30 reg=0x0 len=1 data=0f
1778318207.784000 R  i2c=0x30 reg=0x11 len=1
1778318207.788000 R= ret=0 data=00
1778318207.788000 W1 i2c=0x30 reg=0x0 val=0x9
1778318207.788000 W  i2c=0x30 reg=0x0 len=1 data=09
1778318207.789000 R  i2c=0x30 reg=0x62 len=1
1778318207.792000 R= ret=0 data=41
1778318207.792000 W1 i2c=0x30 reg=0x0 val=0xd
1778318207.792000 W  i2c=0x30 reg=0x0 len=1 data=0d
1778318207.793000 R  i2c=0x30 reg=0x86 len=1
1778318207.797000 R= ret=0 data=00
1778318207.808000 W1 i2c=0x30 reg=0x0 val=0xf
1778318207.808000 W  i2c=0x30 reg=0x0 len=1 data=0f
1778318207.809000 R  i2c=0x30 reg=0x11 len=1
1778318207.812000 R= ret=0 data=00
1778318207.812000 W1 i2c=0x30 reg=0x0 val=0x9
1778318207.812000 W  i2c=0x30 reg=0x0 len=1 data=09
1778318207.813000 R  i2c=0x30 reg=0x62 len=1
1778318207.817000 R= ret=0 data=51
1778318207.817000 W1 i2c=0x30 reg=0x0 val=0xd
1778318207.817000 W  i2c=0x30 reg=0x0 len=1 data=0d
1778318207.818000 R  i2c=0x30 reg=0x86 len=1
1778318207.821000 R= ret=0 data=00
1778318207.833000 W1 i2c=0x30 reg=0x0 val=0xf
1778318207.834000 W  i2c=0x30 reg=0x0 len=1 data=0f
1778318207.834000 R  i2c=0x30 reg=0x11 len=1
1778318207.838000 R= ret=0 data=00
1778318207.838000 W1 i2c=0x30 reg=0x0 val=0x9
1778318207.838000 W  i2c=0x30 reg=0x0 len=1 data=09
1778318207.839000 R  i2c=0x30 reg=0x62 len=1
1778318207.843000 R= ret=0 data=51
1778318207.843000 W1 i2c=0x30 reg=0x0 val=0xd
1778318207.843000 W  i2c=0x30 reg=0x0 len=1 data=0d
1778318207.844000 R  i2c=0x30 reg=0x86 len=1
1778318207.847000 R= ret=0 data=00
1778318207.858000 W1 i2c=0x30 reg=0x0 val=0xf
1778318207.858000 W  i2c=0x30 reg=0x0 len=1 data=0f
1778318207.859000 R  i2c=0x30 reg=0x11 len=1
1778318207.862000 R= ret=0 data=00
1778318207.862000 W1 i2c=0x30 reg=0x0 val=0x9
1778318207.862000 W  i2c=0x30 reg=0x0 len=1 data=09
1778318207.863000 R  i2c=0x30 reg=0x62 len=1
1778318207.867000 R= ret=0 data=51
1778318207.867000 W1 i2c=0x30 reg=0x0 val=0xd
1778318207.867000 W  i2c=0x30 reg=0x0 len=1 data=0d
1778318207.868000 R  i2c=0x30 reg=0x86 len=1
1778318207.871000 R= ret=0 data=00
1778318207.882000 W1 i2c=0x30 reg=0x0 val=0xf
1778318207.882000 W  i2c=0x30 reg=0x0 len=1 data=0f
1778318207.883000 R  i2c=0x30 reg=0x11 len=1
1778318207.887000 R= ret=0 data=00
1778318207.887000 W1 i2c=0x30 reg=0x0 val=0x9
1778318207.887000 W  i2c=0x30 reg=0x0 len=1 data=09
1778318207.887000 R  i2c=0x30 reg=0x62 len=1
1778318207.891000 R= ret=0 data=51
1778318207.891000 W1 i2c=0x30 reg=0x0 val=0xd
1778318207.891000 W  i2c=0x30 reg=0x0 len=1 data=0d
1778318207.892000 R  i2c=0x30 reg=0x86 len=1
1778318207.895000 R= ret=0 data=00
1778318207.906000 W1 i2c=0x30 reg=0x0 val=0xf
1778318207.906000 W  i2c=0x30 reg=0x0 len=1 data=0f
1778318207.907000 R  i2c=0x30 reg=0x11 len=1
1778318207.910000 R= ret=0 data=00
1778318207.910000 W1 i2c=0x30 reg=0x0 val=0x9
1778318207.910000 W  i2c=0x30 reg=0x0 len=1 data=09
1778318207.911000 R  i2c=0x30 reg=0x62 len=1
1778318207.915000 R= ret=0 data=51
1778318207.915000 W1 i2c=0x30 reg=0x0 val=0xd
1778318207.915000 W  i2c=0x30 reg=0x0 len=1 data=0d
1778318207.916000 R  i2c=0x30 reg=0x86 len=1
1778318207.919000 R= ret=0 data=00
1778318207.929000 W1 i2c=0x30 reg=0x0 val=0xf
1778318207.929000 W  i2c=0x30 reg=0x0 len=1 data=0f
1778318207.930000 R  i2c=0x30 reg=0x11 len=1
1778318207.933000 R= ret=0 data=00
1778318207.934000 W1 i2c=0x30 reg=0x0 val=0x9
1778318207.934000 W  i2c=0x30 reg=0x0 len=1 data=09
1778318207.934000 R  i2c=0x30 reg=0x62 len=1
1778318207.938000 R= ret=0 data=51
1778318207.938000 W1 i2c=0x30 reg=0x0 val=0xd
1778318207.938000 W  i2c=0x30 reg=0x0 len=1 data=0d
1778318207.939000 R  i2c=0x30 reg=0x86 len=1
1778318207.942000 R= ret=0 data=00
1778318207.953000 W1 i2c=0x30 reg=0x0 val=0xf
1778318207.953000 W  i2c=0x30 reg=0x0 len=1 data=0f
1778318207.955000 R  i2c=0x30 reg=0x11 len=1
1778318208.021000 R= ret=0 data=00
1778318208.021000 W1 i2c=0x30 reg=0x0 val=0x9
1778318208.021000 W  i2c=0x30 reg=0x0 len=1 data=09
1778318208.022000 R  i2c=0x30 reg=0x62 len=1
1778318208.030000 R= ret=0 data=51
1778318208.030000 W1 i2c=0x30 reg=0x0 val=0xd
1778318208.030000 W  i2c=0x30 reg=0x0 len=1 data=0d
1778318208.032000 R  i2c=0x30 reg=0x86 len=1
1778318208.039000 R= ret=0 data=00
1778318208.049000 W1 i2c=0x30 reg=0x0 val=0xf
1778318208.049000 W  i2c=0x30 reg=0x0 len=1 data=0f
1778318208.051000 R  i2c=0x30 reg=0x11 len=1
1778318208.052000 W1 i2c=0x30 reg=0x0 val=0xf
1778318208.052000 W  i2c=0x30 reg=0x0 len=1 data=0f
1778318208.055000 R= ret=0 data=00
1778318208.055000 W1 i2c=0x30 reg=0x0 val=0x9
1778318208.055000 W  i2c=0x30 reg=0x0 len=1 data=09
1778318208.056000 R  i2c=0x30 reg=0x11 len=1
1778318208.057000 R  i2c=0x30 reg=0x62 len=1
1778318208.064000 R= ret=0 data=51
1778318208.064000 W1 i2c=0x30 reg=0x0 val=0xd
1778318208.064000 W  i2c=0x30 reg=0x0 len=1 data=0d
1778318208.072000 R= ret=0 data=10
1778318208.072000 W1 i2c=0x30 reg=0x0 val=0x9
1778318208.072000 W  i2c=0x30 reg=0x0 len=1 data=09
1778318208.073000 R  i2c=0x30 reg=0x86 len=1
1778318208.074000 R  i2c=0x30 reg=0x62 len=1
1778318208.078000 R= ret=0 data=51
1778318208.079000 W1 i2c=0x30 reg=0x0 val=0xd
1778318208.079000 W  i2c=0x30 reg=0x0 len=1 data=0d
1778318208.082000 R= ret=0 data=00
1778318208.083000 R  i2c=0x30 reg=0x86 len=1
1778318208.087000 R= ret=0 data=00
1778318208.087000 W1 i2c=0x30 reg=0x0 val=0xd
1778318208.087000 W  i2c=0x30 reg=0x0 len=1 data=0d
1778318208.088000 R  i2c=0x30 reg=0x86 len=1
1778318208.092000 R= ret=0 data=00
1778318208.092000 W1 i2c=0x30 reg=0x0 val=0xd
1778318208.092000 W  i2c=0x30 reg=0x0 len=1 data=0d
1778318208.092000 W1 i2c=0x30 reg=0x0 val=0xf
1778318208.092000 W  i2c=0x30 reg=0x0 len=1 data=0f
1778318208.094000 R  i2c=0x30 reg=0x86 len=1
1778318208.094000 R  i2c=0x30 reg=0x11 len=1
1778318208.098000 R= ret=0 data=00
1778318208.098000 W1 i2c=0xdc reg=0x8 val=0x1
1778318208.098000 W  i2c=0xdc reg=0x8 len=1 data=01
1778318208.101000 R= ret=0 data=00
1778318208.101000 W1 i2c=0x30 reg=0x0 val=0x9
1778318208.101000 W  i2c=0x30 reg=0x0 len=1 data=09
1778318208.102000 W  i2c=0xc0 reg=0x87 len=2 data=c4 41
1778318208.103000 W  i2c=0xc0 reg=0x59 len=2 data=05 01
1778318208.105000 R  i2c=0x30 reg=0x62 len=1
1778318208.109000 R= ret=0 data=51
1778318208.109000 W1 i2c=0x30 reg=0x0 val=0xd
1778318208.109000 W  i2c=0x30 reg=0x0 len=1 data=0d
1778318208.110000 R  i2c=0xc0 reg=0x5b len=1
1778318208.111000 R  i2c=0x30 reg=0x86 len=1
1778318208.115000 R= ret=0 data=28
1778318208.115000 W  i2c=0xc0 reg=0x59 len=2 data=03 01
1778318208.118000 R= ret=0 data=00
1778318208.119000 R  i2c=0xc0 reg=0x5b len=1
1778318208.123000 R= ret=0 data=08
1778318208.123000 W1 i2c=0xc0 reg=0x59 val=0x4
1778318208.123000 W  i2c=0xc0 reg=0x59 len=1 data=04
1778318208.124000 W1 i2c=0xc0 reg=0x88 val=0x0
1778318208.124000 W  i2c=0xc0 reg=0x88 len=1 data=00
1778318208.126000 W1 i2c=0xc0 reg=0x87 val=0xc0
1778318208.126000 W  i2c=0xc0 reg=0x87 len=1 data=c0
1778318208.127000 R  i2c=0xc0 reg=0x69 len=1
1778318208.128000 W1 i2c=0x30 reg=0x0 val=0xf
1778318208.128000 W  i2c=0x30 reg=0x0 len=1 data=0f
1778318208.130000 R= ret=0 data=88
1778318208.130000 W1 i2c=0xdc reg=0x8 val=0x0
1778318208.130000 W  i2c=0xdc reg=0x8 len=1 data=00
1778318208.131000 R  i2c=0x30 reg=0x11 len=1
1778318208.135000 R= ret=0 data=00
1778318208.135000 W1 i2c=0x30 reg=0x0 val=0x9
1778318208.135000 W  i2c=0x30 reg=0x0 len=1 data=09
1778318208.136000 R  i2c=0x30 reg=0x62 len=1
1778318208.140000 R= ret=0 data=51
1778318208.140000 W1 i2c=0x30 reg=0x0 val=0xd
1778318208.140000 W  i2c=0x30 reg=0x0 len=1 data=0d
1778318208.142000 R  i2c=0x30 reg=0x86 len=1
1778318208.145000 R= ret=0 data=00
1778318208.156000 W1 i2c=0x30 reg=0x0 val=0xf
1778318208.156000 W  i2c=0x30 reg=0x0 len=1 data=0f
1778318208.157000 R  i2c=0x30 reg=0x11 len=1
1778318208.162000 R= ret=0 data=00
1778318208.162000 W1 i2c=0x30 reg=0x0 val=0x9
1778318208.162000 W  i2c=0x30 reg=0x0 len=1 data=09
1778318208.163000 R  i2c=0x30 reg=0x62 len=1
1778318208.167000 R= ret=0 data=51
1778318208.167000 W1 i2c=0x30 reg=0x0 val=0xd
1778318208.167000 W  i2c=0x30 reg=0x0 len=1 data=0d
1778318208.168000 R  i2c=0x30 reg=0x86 len=1
1778318208.171000 R= ret=0 data=00
1778318208.183000 W1 i2c=0x30 reg=0x0 val=0xf
1778318208.183000 W  i2c=0x30 reg=0x0 len=1 data=0f
1778318208.184000 R  i2c=0x30 reg=0x11 len=1
1778318208.188000 R= ret=0 data=00
1778318208.188000 W1 i2c=0x30 reg=0x0 val=0x9
1778318208.188000 W  i2c=0x30 reg=0x0 len=1 data=09
1778318208.190000 R  i2c=0x30 reg=0x62 len=1
1778318208.194000 R= ret=0 data=41
1778318208.194000 W1 i2c=0x30 reg=0x0 val=0xd
1778318208.194000 W  i2c=0x30 reg=0x0 len=1 data=0d
1778318208.195000 R  i2c=0x30 reg=0x86 len=1
1778318208.198000 R= ret=0 data=00
1778318208.209000 W1 i2c=0x30 reg=0x0 val=0xf
1778318208.210000 W  i2c=0x30 reg=0x0 len=1 data=0f
1778318208.211000 R  i2c=0x30 reg=0x11 len=1
1778318208.214000 R= ret=0 data=00
1778318208.214000 W1 i2c=0x30 reg=0x0 val=0x9
1778318208.214000 W  i2c=0x30 reg=0x0 len=1 data=09
1778318208.215000 R  i2c=0x30 reg=0x62 len=1
1778318208.219000 R= ret=0 data=51
1778318208.219000 W1 i2c=0x30 reg=0x0 val=0xd
1778318208.219000 W  i2c=0x30 reg=0x0 len=1 data=0d
1778318208.220000 R  i2c=0x30 reg=0x86 len=1
1778318208.223000 R= ret=0 data=00
1778318208.235000 W1 i2c=0x30 reg=0x0 val=0xf
1778318208.235000 W  i2c=0x30 reg=0x0 len=1 data=0f
1778318208.236000 R  i2c=0x30 reg=0x11 len=1
1778318208.240000 R= ret=0 data=00
1778318208.240000 W1 i2c=0x30 reg=0x0 val=0x9
1778318208.240000 W  i2c=0x30 reg=0x0 len=1 data=09
1778318208.241000 R  i2c=0x30 reg=0x62 len=1
1778318208.245000 R= ret=0 data=51
1778318208.245000 W1 i2c=0x30 reg=0x0 val=0xd
1778318208.245000 W  i2c=0x30 reg=0x0 len=1 data=0d
1778318208.246000 R  i2c=0x30 reg=0x86 len=1
1778318208.249000 R= ret=0 data=00
1778318208.261000 W1 i2c=0x30 reg=0x0 val=0xf
1778318208.261000 W  i2c=0x30 reg=0x0 len=1 data=0f
1778318208.264000 R  i2c=0x30 reg=0x11 len=1
1778318208.267000 R= ret=0 data=00
1778318208.267000 W1 i2c=0x30 reg=0x0 val=0x9
1778318208.267000 W  i2c=0x30 reg=0x0 len=1 data=09
1778318208.268000 R  i2c=0x30 reg=0x62 len=1
1778318208.272000 R= ret=0 data=51
1778318208.272000 W1 i2c=0x30 reg=0x0 val=0xd
1778318208.272000 W  i2c=0x30 reg=0x0 len=1 data=0d
1778318208.273000 R  i2c=0x30 reg=0x86 len=1
1778318208.276000 R= ret=0 data=00
1778318208.276000 <<< sony_cxd6801_integ_atsc_Tune ret=5
1778318208.276000 DRV_acquire ret=5
1778318208.935000 W1 i2c=0x30 reg=0x0 val=0xf
1778318208.935000 W  i2c=0x30 reg=0x0 len=1 data=0f
1778318208.937000 R  i2c=0x30 reg=0x11 len=1
1778318208.941000 R= ret=0 data=00
1778318208.941000 W1 i2c=0x30 reg=0x0 val=0x9
1778318208.941000 W  i2c=0x30 reg=0x0 len=1 data=09
1778318208.942000 R  i2c=0x30 reg=0x62 len=1
1778318208.946000 R= ret=0 data=51
1778318208.946000 W1 i2c=0x30 reg=0x0 val=0xd
1778318208.946000 W  i2c=0x30 reg=0x0 len=1 data=0d
1778318208.947000 R  i2c=0x30 reg=0x86 len=1
1778318208.951000 R= ret=0 data=00
1778318208.951000 W1 i2c=0x30 reg=0x0 val=0xd
1778318208.951000 W  i2c=0x30 reg=0x0 len=1 data=0d
1778318208.952000 R  i2c=0x30 reg=0x86 len=1
1778318208.956000 R= ret=0 data=00
1778318208.956000 W1 i2c=0x30 reg=0x0 val=0xd
1778318208.956000 W  i2c=0x30 reg=0x0 len=1 data=0d
1778318208.958000 R  i2c=0x30 reg=0x86 len=1
1778318208.962000 R= ret=0 data=00
1778318208.962000 W1 i2c=0xdc reg=0x8 val=0x1
1778318208.962000 W  i2c=0xdc reg=0x8 len=1 data=01
1778318208.963000 W  i2c=0xc0 reg=0x87 len=2 data=c4 41
1778318208.964000 W  i2c=0xc0 reg=0x59 len=2 data=05 01
1778318208.965000 R  i2c=0xc0 reg=0x5b len=1
1778318208.968000 R= ret=0 data=27
1778318208.968000 W  i2c=0xc0 reg=0x59 len=2 data=03 01
1778318208.969000 R  i2c=0xc0 reg=0x5b len=1
1778318208.973000 R= ret=0 data=08
1778318208.973000 W1 i2c=0xc0 reg=0x59 val=0x4
1778318208.973000 W  i2c=0xc0 reg=0x59 len=1 data=04
1778318208.974000 W1 i2c=0xc0 reg=0x88 val=0x0
1778318208.974000 W  i2c=0xc0 reg=0x88 len=1 data=00
1778318208.976000 W1 i2c=0xc0 reg=0x87 val=0xc0
1778318208.976000 W  i2c=0xc0 reg=0x87 len=1 data=c0
1778318208.977000 R  i2c=0xc0 reg=0x69 len=1
1778318208.981000 R= ret=0 data=88
1778318208.981000 W1 i2c=0xdc reg=0x8 val=0x0
1778318208.981000 W  i2c=0xdc reg=0x8 len=1 data=00
1778318209.782000 W1 i2c=0x30 reg=0x0 val=0xf
1778318209.782000 W  i2c=0x30 reg=0x0 len=1 data=0f
1778318209.784000 R  i2c=0x30 reg=0x11 len=1
1778318209.787000 R= ret=0 data=00
1778318209.787000 W1 i2c=0x30 reg=0x0 val=0x9
1778318209.787000 W  i2c=0x30 reg=0x0 len=1 data=09
1778318209.788000 R  i2c=0x30 reg=0x62 len=1
1778318209.792000 R= ret=0 data=51
1778318209.792000 W1 i2c=0x30 reg=0x0 val=0xd
1778318209.792000 W  i2c=0x30 reg=0x0 len=1 data=0d
1778318209.793000 R  i2c=0x30 reg=0x86 len=1
1778318209.797000 R= ret=0 data=00
1778318209.797000 W1 i2c=0x30 reg=0x0 val=0xd
1778318209.797000 W  i2c=0x30 reg=0x0 len=1 data=0d
1778318209.798000 R  i2c=0x30 reg=0x86 len=1
1778318209.801000 R= ret=0 data=00
1778318209.801000 W1 i2c=0x30 reg=0x0 val=0xd
1778318209.801000 W  i2c=0x30 reg=0x0 len=1 data=0d
1778318209.802000 R  i2c=0x30 reg=0x86 len=1
1778318209.805000 R= ret=0 data=00
1778318209.805000 W1 i2c=0xdc reg=0x8 val=0x1
1778318209.805000 W  i2c=0xdc reg=0x8 len=1 data=01
1778318209.806000 W  i2c=0xc0 reg=0x87 len=2 data=c4 41
1778318209.807000 W  i2c=0xc0 reg=0x59 len=2 data=05 01
1778318209.808000 R  i2c=0xc0 reg=0x5b len=1
1778318209.812000 R= ret=0 data=26
1778318209.812000 W  i2c=0xc0 reg=0x59 len=2 data=03 01
1778318209.813000 R  i2c=0xc0 reg=0x5b len=1
1778318209.816000 R= ret=0 data=08
1778318209.816000 W1 i2c=0xc0 reg=0x59 val=0x4
1778318209.816000 W  i2c=0xc0 reg=0x59 len=1 data=04
1778318209.817000 W1 i2c=0xc0 reg=0x88 val=0x0
1778318209.817000 W  i2c=0xc0 reg=0x88 len=1 data=00
1778318209.818000 W1 i2c=0xc0 reg=0x87 val=0xc0
1778318209.818000 W  i2c=0xc0 reg=0x87 len=1 data=c0
1778318209.819000 R  i2c=0xc0 reg=0x69 len=1
1778318209.822000 R= ret=0 data=88
1778318209.822000 W1 i2c=0xdc reg=0x8 val=0x0
1778318209.823000 W  i2c=0xdc reg=0x8 len=1 data=00
1778318210.627000 W1 i2c=0x30 reg=0x0 val=0xf
1778318210.627000 W  i2c=0x30 reg=0x0 len=1 data=0f
1778318210.628000 R  i2c=0x30 reg=0x11 len=1
1778318210.632000 R= ret=0 data=00
1778318210.632000 W1 i2c=0x30 reg=0x0 val=0x9
1778318210.632000 W  i2c=0x30 reg=0x0 len=1 data=09
1778318210.633000 R  i2c=0x30 reg=0x62 len=1
1778318210.637000 R= ret=0 data=51
1778318210.637000 W1 i2c=0x30 reg=0x0 val=0xd
1778318210.637000 W  i2c=0x30 reg=0x0 len=1 data=0d
1778318210.638000 R  i2c=0x30 reg=0x86 len=1
1778318210.641000 R= ret=0 data=00
1778318210.641000 W1 i2c=0x30 reg=0x0 val=0xd
1778318210.641000 W  i2c=0x30 reg=0x0 len=1 data=0d
1778318210.642000 R  i2c=0x30 reg=0x86 len=1
1778318210.646000 R= ret=0 data=00
1778318210.646000 W1 i2c=0x30 reg=0x0 val=0xd
1778318210.646000 W  i2c=0x30 reg=0x0 len=1 data=0d
1778318210.647000 R  i2c=0x30 reg=0x86 len=1
1778318210.650000 R= ret=0 data=00
1778318210.650000 W1 i2c=0xdc reg=0x8 val=0x1
1778318210.650000 W  i2c=0xdc reg=0x8 len=1 data=01
1778318210.651000 W  i2c=0xc0 reg=0x87 len=2 data=c4 41
1778318210.652000 W  i2c=0xc0 reg=0x59 len=2 data=05 01
1778318210.653000 R  i2c=0xc0 reg=0x5b len=1
1778318210.657000 R= ret=0 data=26
1778318210.657000 W  i2c=0xc0 reg=0x59 len=2 data=03 01
1778318210.658000 R  i2c=0xc0 reg=0x5b len=1
1778318210.662000 R= ret=0 data=08
1778318210.662000 W1 i2c=0xc0 reg=0x59 val=0x4
1778318210.662000 W  i2c=0xc0 reg=0x59 len=1 data=04
1778318210.663000 W1 i2c=0xc0 reg=0x88 val=0x0
1778318210.663000 W  i2c=0xc0 reg=0x88 len=1 data=00
1778318210.663000 W1 i2c=0xc0 reg=0x87 val=0xc0
1778318210.663000 W  i2c=0xc0 reg=0x87 len=1 data=c0
1778318210.664000 R  i2c=0xc0 reg=0x69 len=1
1778318210.668000 R= ret=0 data=88
1778318210.668000 W1 i2c=0xdc reg=0x8 val=0x0
1778318210.668000 W  i2c=0xdc reg=0x8 len=1 data=00
1778318211.469000 W1 i2c=0x30 reg=0x0 val=0xf
1778318211.469000 W  i2c=0x30 reg=0x0 len=1 data=0f
1778318211.470000 R  i2c=0x30 reg=0x11 len=1
1778318211.474000 R= ret=0 data=00
1778318211.474000 W1 i2c=0x30 reg=0x0 val=0x9
1778318211.474000 W  i2c=0x30 reg=0x0 len=1 data=09
1778318211.475000 R  i2c=0x30 reg=0x62 len=1
1778318211.479000 R= ret=0 data=51
1778318211.479000 W1 i2c=0x30 reg=0x0 val=0xd
1778318211.479000 W  i2c=0x30 reg=0x0 len=1 data=0d
1778318211.481000 R  i2c=0x30 reg=0x86 len=1
1778318211.484000 R= ret=0 data=00
1778318211.484000 W1 i2c=0x30 reg=0x0 val=0xd
1778318211.484000 W  i2c=0x30 reg=0x0 len=1 data=0d
1778318211.485000 R  i2c=0x30 reg=0x86 len=1
1778318211.489000 R= ret=0 data=00
1778318211.489000 W1 i2c=0x30 reg=0x0 val=0xd
1778318211.489000 W  i2c=0x30 reg=0x0 len=1 data=0d
1778318211.489000 R  i2c=0x30 reg=0x86 len=1
1778318211.493000 R= ret=0 data=00
1778318211.493000 W1 i2c=0xdc reg=0x8 val=0x1
1778318211.493000 W  i2c=0xdc reg=0x8 len=1 data=01
1778318211.494000 W  i2c=0xc0 reg=0x87 len=2 data=c4 41
1778318211.495000 W  i2c=0xc0 reg=0x59 len=2 data=05 01
1778318211.496000 R  i2c=0xc0 reg=0x5b len=1
1778318211.499000 R= ret=0 data=26
1778318211.499000 W  i2c=0xc0 reg=0x59 len=2 data=03 01
1778318211.500000 R  i2c=0xc0 reg=0x5b len=1
1778318211.503000 R= ret=0 data=08
1778318211.503000 W1 i2c=0xc0 reg=0x59 val=0x4
1778318211.503000 W  i2c=0xc0 reg=0x59 len=1 data=04
1778318211.504000 W1 i2c=0xc0 reg=0x88 val=0x0
1778318211.504000 W  i2c=0xc0 reg=0x88 len=1 data=00
1778318211.505000 W1 i2c=0xc0 reg=0x87 val=0xc0
1778318211.505000 W  i2c=0xc0 reg=0x87 len=1 data=c0
1778318211.506000 R  i2c=0xc0 reg=0x69 len=1
1778318211.509000 R= ret=0 data=88
1778318211.509000 W1 i2c=0xdc reg=0x8 val=0x0
1778318211.509000 W  i2c=0xdc reg=0x8 len=1 data=00
1778318212.312000 W1 i2c=0x30 reg=0x0 val=0xf
1778318212.312000 W  i2c=0x30 reg=0x0 len=1 data=0f
1778318212.314000 R  i2c=0x30 reg=0x11 len=1
1778318212.317000 R= ret=0 data=00
1778318212.317000 W1 i2c=0x30 reg=0x0 val=0x9
1778318212.317000 W  i2c=0x30 reg=0x0 len=1 data=09
1778318212.318000 R  i2c=0x30 reg=0x62 len=1
1778318212.322000 R= ret=0 data=51
1778318212.322000 W1 i2c=0x30 reg=0x0 val=0xd
1778318212.322000 W  i2c=0x30 reg=0x0 len=1 data=0d
1778318212.323000 R  i2c=0x30 reg=0x86 len=1
1778318212.326000 R= ret=0 data=00
1778318212.326000 W1 i2c=0x30 reg=0x0 val=0xd
1778318212.326000 W  i2c=0x30 reg=0x0 len=1 data=0d
1778318212.327000 R  i2c=0x30 reg=0x86 len=1
1778318212.331000 R= ret=0 data=00
1778318212.331000 W1 i2c=0x30 reg=0x0 val=0xd
1778318212.331000 W  i2c=0x30 reg=0x0 len=1 data=0d
1778318212.332000 R  i2c=0x30 reg=0x86 len=1
1778318212.335000 R= ret=0 data=00
1778318212.335000 W1 i2c=0xdc reg=0x8 val=0x1
1778318212.335000 W  i2c=0xdc reg=0x8 len=1 data=01
1778318212.336000 W  i2c=0xc0 reg=0x87 len=2 data=c4 41
1778318212.337000 W  i2c=0xc0 reg=0x59 len=2 data=05 01
1778318212.338000 R  i2c=0xc0 reg=0x5b len=1
1778318212.341000 R= ret=0 data=28
1778318212.341000 W  i2c=0xc0 reg=0x59 len=2 data=03 01
1778318212.342000 R  i2c=0xc0 reg=0x5b len=1
1778318212.346000 R= ret=0 data=08
1778318212.346000 W1 i2c=0xc0 reg=0x59 val=0x4
1778318212.346000 W  i2c=0xc0 reg=0x59 len=1 data=04
1778318212.347000 W1 i2c=0xc0 reg=0x88 val=0x0
1778318212.347000 W  i2c=0xc0 reg=0x88 len=1 data=00
1778318212.348000 W1 i2c=0xc0 reg=0x87 val=0xc0
1778318212.348000 W  i2c=0xc0 reg=0x87 len=1 data=c0
1778318212.348000 R  i2c=0xc0 reg=0x69 len=1
1778318212.352000 R= ret=0 data=88
1778318212.352000 W1 i2c=0xdc reg=0x8 val=0x0
1778318212.352000 W  i2c=0xdc reg=0x8 len=1 data=00
1778318213.154000 W1 i2c=0x30 reg=0x0 val=0xf
1778318213.155000 W  i2c=0x30 reg=0x0 len=1 data=0f
1778318213.156000 R  i2c=0x30 reg=0x11 len=1
1778318213.159000 R= ret=0 data=00
1778318213.159000 W1 i2c=0x30 reg=0x0 val=0x9
1778318213.159000 W  i2c=0x30 reg=0x0 len=1 data=09
1778318213.160000 R  i2c=0x30 reg=0x62 len=1
1778318213.164000 R= ret=0 data=51
1778318213.164000 W1 i2c=0x30 reg=0x0 val=0xd
1778318213.164000 W  i2c=0x30 reg=0x0 len=1 data=0d
1778318213.165000 R  i2c=0x30 reg=0x86 len=1
1778318213.168000 R= ret=0 data=00
1778318213.168000 W1 i2c=0x30 reg=0x0 val=0xd
1778318213.168000 W  i2c=0x30 reg=0x0 len=1 data=0d
1778318213.169000 R  i2c=0x30 reg=0x86 len=1
1778318213.173000 R= ret=0 data=00
1778318213.173000 W1 i2c=0x30 reg=0x0 val=0xd
1778318213.173000 W  i2c=0x30 reg=0x0 len=1 data=0d
1778318213.174000 R  i2c=0x30 reg=0x86 len=1
1778318213.177000 R= ret=0 data=00
1778318213.177000 W1 i2c=0xdc reg=0x8 val=0x1
1778318213.177000 W  i2c=0xdc reg=0x8 len=1 data=01
1778318213.178000 W  i2c=0xc0 reg=0x87 len=2 data=c4 41
1778318213.179000 W  i2c=0xc0 reg=0x59 len=2 data=05 01
1778318213.180000 R  i2c=0xc0 reg=0x5b len=1
1778318213.184000 R= ret=0 data=27
1778318213.184000 W  i2c=0xc0 reg=0x59 len=2 data=03 01
1778318213.184000 R  i2c=0xc0 reg=0x5b len=1
1778318213.188000 R= ret=0 data=08
1778318213.188000 W1 i2c=0xc0 reg=0x59 val=0x4
1778318213.188000 W  i2c=0xc0 reg=0x59 len=1 data=04
1778318213.189000 W1 i2c=0xc0 reg=0x88 val=0x0
1778318213.189000 W  i2c=0xc0 reg=0x88 len=1 data=00
1778318213.190000 W1 i2c=0xc0 reg=0x87 val=0xc0
1778318213.190000 W  i2c=0xc0 reg=0x87 len=1 data=c0
1778318213.191000 R  i2c=0xc0 reg=0x69 len=1
1778318213.195000 R= ret=0 data=88
1778318213.195000 W1 i2c=0xdc reg=0x8 val=0x0
1778318213.195000 W  i2c=0xdc reg=0x8 len=1 data=00
1778318213.999000 W1 i2c=0x30 reg=0x0 val=0xf
1778318213.999000 W  i2c=0x30 reg=0x0 len=1 data=0f
1778318214.001000 R  i2c=0x30 reg=0x11 len=1
1778318214.005000 R= ret=0 data=00
1778318214.005000 W1 i2c=0x30 reg=0x0 val=0x9
1778318214.005000 W  i2c=0x30 reg=0x0 len=1 data=09
1778318214.006000 R  i2c=0x30 reg=0x62 len=1
1778318214.010000 R= ret=0 data=51
1778318214.010000 W1 i2c=0x30 reg=0x0 val=0xd
1778318214.010000 W  i2c=0x30 reg=0x0 len=1 data=0d
1778318214.011000 R  i2c=0x30 reg=0x86 len=1
1778318214.014000 R= ret=0 data=00
1778318214.014000 W1 i2c=0x30 reg=0x0 val=0xd
1778318214.014000 W  i2c=0x30 reg=0x0 len=1 data=0d
1778318214.016000 R  i2c=0x30 reg=0x86 len=1
1778318214.019000 R= ret=0 data=00
1778318214.019000 W1 i2c=0x30 reg=0x0 val=0xd
1778318214.019000 W  i2c=0x30 reg=0x0 len=1 data=0d
1778318214.020000 R  i2c=0x30 reg=0x86 len=1
1778318214.024000 R= ret=0 data=00
1778318214.024000 W1 i2c=0xdc reg=0x8 val=0x1
1778318214.024000 W  i2c=0xdc reg=0x8 len=1 data=01
1778318214.025000 W  i2c=0xc0 reg=0x87 len=2 data=c4 41
1778318214.026000 W  i2c=0xc0 reg=0x59 len=2 data=05 01
1778318214.027000 R  i2c=0xc0 reg=0x5b len=1
1778318214.030000 R= ret=0 data=26
1778318214.030000 W  i2c=0xc0 reg=0x59 len=2 data=03 01
1778318214.031000 R  i2c=0xc0 reg=0x5b len=1
1778318214.034000 R= ret=0 data=08
1778318214.034000 W1 i2c=0xc0 reg=0x59 val=0x4
1778318214.034000 W  i2c=0xc0 reg=0x59 len=1 data=04
1778318214.035000 W1 i2c=0xc0 reg=0x88 val=0x0
1778318214.035000 W  i2c=0xc0 reg=0x88 len=1 data=00
1778318214.036000 W1 i2c=0xc0 reg=0x87 val=0xc0
1778318214.036000 W  i2c=0xc0 reg=0x87 len=1 data=c0
1778318214.037000 R  i2c=0xc0 reg=0x69 len=1
1778318214.040000 R= ret=0 data=88
1778318214.040000 W1 i2c=0xdc reg=0x8 val=0x0
1778318214.040000 W  i2c=0xdc reg=0x8 len=1 data=00
1778318214.278000 nativeTune -> 521000
1778318214.278000 DRV_acquire: oldStd=0x5 freq=521000 -> ATSC 1.0
1778318214.278000 >>> sony_cxd6801_integ_atsc_Tune
1778318214.278000 >>> sony_cxd6801_demod_atsc_Tune
1778318214.278000 >>> sony_cxd6801_demod_SetStreamOutput
1778318214.278000 W1 i2c=0xd8 reg=0x0 val=0x0
1778318214.278000 W  i2c=0xd8 reg=0x0 len=1 data=00
1778318214.279000 R  i2c=0xd8 reg=0xa9 len=1
1778318214.283000 R= ret=0 data=00
1778318214.283000 W1 i2c=0xd8 reg=0x0 val=0x0
1778318214.283000 W  i2c=0xd8 reg=0x0 len=1 data=00
1778318214.284000 W1 i2c=0xd8 reg=0xc3 val=0x1
1778318214.284000 W  i2c=0xd8 reg=0xc3 len=1 data=01
1778318214.284000 <<< sony_cxd6801_demod_SetStreamOutput ret=0
1778318214.284000 <<< sony_cxd6801_demod_atsc_Tune ret=0
1778318214.284000 W1 i2c=0xdc reg=0x8 val=0x1
1778318214.284000 W  i2c=0xdc reg=0x8 len=1 data=01
1778318214.285000 B  i2c=0xc0 reg=0x74 val=0x2 mask=0x3
1778318214.285000 R  i2c=0xc0 reg=0x74 len=1
1778318214.289000 R= ret=0 data=11
1778318214.289000 W1 i2c=0xc0 reg=0x74 val=0x12
1778318214.289000 W  i2c=0xc0 reg=0x74 len=1 data=12
1778318214.290000 W  i2c=0xc0 reg=0x87 len=2 data=c4 40
1778318214.291000 W  i2c=0xc0 reg=0x91 len=2 data=10 20
1778318214.292000 W  i2c=0xc0 reg=0x9c len=2 data=00 00
1778318214.293000 W  i2c=0xc0 reg=0x5e len=9 data=ee 02 1e 67 03 b4 78 08
1778318214.294000 B  i2c=0xc0 reg=0x67 val=0x0 mask=0x6
1778318214.294000 R  i2c=0xc0 reg=0x67 len=1
1778318214.297000 R= ret=0 data=00
1778318214.297000 W1 i2c=0xc0 reg=0x67 val=0x0
1778318214.297000 W  i2c=0xc0 reg=0x67 len=1 data=00
1778318214.298000 W  i2c=0xc0 reg=0x68 len=17 data=00 88 00 0b 23 00 1a 1d
1778318214.350000 W1 i2c=0xc0 reg=0x88 val=0x0
1778318214.350000 W  i2c=0xc0 reg=0x88 len=1 data=00
1778318214.351000 W1 i2c=0xc0 reg=0x87 val=0xc0
1778318214.351000 W  i2c=0xc0 reg=0x87 len=1 data=c0
1778318214.352000 W1 i2c=0xdc reg=0x8 val=0x0
1778318214.352000 W  i2c=0xdc reg=0x8 len=1 data=00
1778318214.353000 W1 i2c=0x98 reg=0x0 val=0x1
1778318214.353000 W  i2c=0x98 reg=0x0 len=1 data=01
1778318214.354000 W1 i2c=0x98 reg=0x48 val=0x1
1778318214.354000 W  i2c=0x98 reg=0x48 len=1 data=01
1778318214.355000 W  i2c=0x98 reg=0xa len=6 data=b3 10 00 00 00 00
1778318214.356000 R  i2c=0x98 reg=0xa len=6
1778318214.359000 R= ret=0 data=30 00 00 00 00 b3
1778318214.359000 >>> sony_cxd6801_demod_SetStreamOutput
1778318214.359000 W1 i2c=0xd8 reg=0x0 val=0x0
1778318214.359000 W  i2c=0xd8 reg=0x0 len=1 data=00
1778318214.360000 R  i2c=0xd8 reg=0xa9 len=1
1778318214.364000 R= ret=0 data=00
1778318214.364000 W1 i2c=0xd8 reg=0x0 val=0x0
1778318214.364000 W  i2c=0xd8 reg=0x0 len=1 data=00
1778318214.364000 W1 i2c=0xd8 reg=0xc3 val=0x0
1778318214.364000 W  i2c=0xd8 reg=0xc3 len=1 data=00
1778318214.365000 <<< sony_cxd6801_demod_SetStreamOutput ret=0
1778318214.365000 W1 i2c=0x30 reg=0x0 val=0xf
1778318214.365000 W  i2c=0x30 reg=0x0 len=1 data=0f
1778318214.366000 R  i2c=0x30 reg=0x11 len=1
1778318214.370000 R= ret=0 data=00
1778318214.370000 W1 i2c=0x30 reg=0x0 val=0x9
1778318214.370000 W  i2c=0x30 reg=0x0 len=1 data=09
1778318214.371000 R  i2c=0x30 reg=0x62 len=1
1778318214.374000 R= ret=0 data=51
1778318214.374000 W1 i2c=0x30 reg=0x0 val=0xd
1778318214.374000 W  i2c=0x30 reg=0x0 len=1 data=0d
1778318214.375000 R  i2c=0x30 reg=0x86 len=1
1778318214.379000 R= ret=0 data=00
1778318214.389000 W1 i2c=0x30 reg=0x0 val=0xf
1778318214.389000 W  i2c=0x30 reg=0x0 len=1 data=0f
1778318214.390000 R  i2c=0x30 reg=0x11 len=1
1778318214.394000 R= ret=0 data=00
1778318214.394000 W1 i2c=0x30 reg=0x0 val=0x9
1778318214.394000 W  i2c=0x30 reg=0x0 len=1 data=09
1778318214.395000 R  i2c=0x30 reg=0x62 len=1
1778318214.398000 R= ret=0 data=51
1778318214.398000 W1 i2c=0x30 reg=0x0 val=0xd
1778318214.398000 W  i2c=0x30 reg=0x0 len=1 data=0d
1778318214.399000 R  i2c=0x30 reg=0x86 len=1
1778318214.403000 R= ret=0 data=00
1778318214.413000 W1 i2c=0x30 reg=0x0 val=0xf
1778318214.413000 W  i2c=0x30 reg=0x0 len=1 data=0f
1778318214.414000 R  i2c=0x30 reg=0x11 len=1
1778318214.419000 R= ret=0 data=00
1778318214.419000 W1 i2c=0x30 reg=0x0 val=0x9
1778318214.419000 W  i2c=0x30 reg=0x0 len=1 data=09
1778318214.420000 R  i2c=0x30 reg=0x62 len=1
1778318214.423000 R= ret=0 data=51
1778318214.423000 W1 i2c=0x30 reg=0x0 val=0xd
1778318214.423000 W  i2c=0x30 reg=0x0 len=1 data=0d
1778318214.424000 R  i2c=0x30 reg=0x86 len=1
1778318214.427000 R= ret=0 data=00
1778318214.439000 W1 i2c=0x30 reg=0x0 val=0xf
1778318214.439000 W  i2c=0x30 reg=0x0 len=1 data=0f
1778318214.440000 R  i2c=0x30 reg=0x11 len=1
1778318214.444000 R= ret=0 data=00
1778318214.444000 W1 i2c=0x30 reg=0x0 val=0x9
1778318214.444000 W  i2c=0x30 reg=0x0 len=1 data=09
1778318214.445000 R  i2c=0x30 reg=0x62 len=1
1778318214.448000 R= ret=0 data=51
1778318214.448000 W1 i2c=0x30 reg=0x0 val=0xd
1778318214.448000 W  i2c=0x30 reg=0x0 len=1 data=0d
1778318214.449000 R  i2c=0x30 reg=0x86 len=1
1778318214.452000 R= ret=0 data=00
1778318214.462000 W1 i2c=0x30 reg=0x0 val=0xf
1778318214.462000 W  i2c=0x30 reg=0x0 len=1 data=0f
1778318214.463000 R  i2c=0x30 reg=0x11 len=1
1778318214.467000 R= ret=0 data=00
1778318214.467000 W1 i2c=0x30 reg=0x0 val=0x9
1778318214.467000 W  i2c=0x30 reg=0x0 len=1 data=09
1778318214.468000 R  i2c=0x30 reg=0x62 len=1
1778318214.471000 R= ret=0 data=51
1778318214.471000 W1 i2c=0x30 reg=0x0 val=0xd
1778318214.471000 W  i2c=0x30 reg=0x0 len=1 data=0d
1778318214.472000 R  i2c=0x30 reg=0x86 len=1
1778318214.475000 R= ret=0 data=00
1778318214.486000 W1 i2c=0x30 reg=0x0 val=0xf
1778318214.486000 W  i2c=0x30 reg=0x0 len=1 data=0f
1778318214.488000 R  i2c=0x30 reg=0x11 len=1
1778318214.491000 R= ret=0 data=00
1778318214.491000 W1 i2c=0x30 reg=0x0 val=0x9
1778318214.491000 W  i2c=0x30 reg=0x0 len=1 data=09
1778318214.492000 R  i2c=0x30 reg=0x62 len=1
1778318214.495000 R= ret=0 data=51
1778318214.495000 W1 i2c=0x30 reg=0x0 val=0xd
1778318214.495000 W  i2c=0x30 reg=0x0 len=1 data=0d
1778318214.496000 R  i2c=0x30 reg=0x86 len=1
1778318214.499000 R= ret=0 data=00
1778318214.511000 W1 i2c=0x30 reg=0x0 val=0xf
1778318214.511000 W  i2c=0x30 reg=0x0 len=1 data=0f
1778318214.512000 R  i2c=0x30 reg=0x11 len=1
1778318214.516000 R= ret=0 data=00
1778318214.516000 W1 i2c=0x30 reg=0x0 val=0x9
1778318214.516000 W  i2c=0x30 reg=0x0 len=1 data=09
1778318214.517000 R  i2c=0x30 reg=0x62 len=1
1778318214.520000 R= ret=0 data=51
1778318214.520000 W1 i2c=0x30 reg=0x0 val=0xd
1778318214.520000 W  i2c=0x30 reg=0x0 len=1 data=0d
1778318214.521000 R  i2c=0x30 reg=0x86 len=1
1778318214.524000 R= ret=0 data=00
1778318214.534000 W1 i2c=0x30 reg=0x0 val=0xf
1778318214.534000 W  i2c=0x30 reg=0x0 len=1 data=0f
1778318214.535000 R  i2c=0x30 reg=0x11 len=1
1778318214.539000 R= ret=0 data=00
1778318214.539000 W1 i2c=0x30 reg=0x0 val=0x9
1778318214.539000 W  i2c=0x30 reg=0x0 len=1 data=09
1778318214.540000 R  i2c=0x30 reg=0x62 len=1
1778318214.543000 R= ret=0 data=51
1778318214.543000 W1 i2c=0x30 reg=0x0 val=0xd
1778318214.543000 W  i2c=0x30 reg=0x0 len=1 data=0d
1778318214.544000 R  i2c=0x30 reg=0x86 len=1
1778318214.547000 R= ret=0 data=00
1778318214.558000 W1 i2c=0x30 reg=0x0 val=0xf
1778318214.558000 W  i2c=0x30 reg=0x0 len=1 data=0f
1778318214.559000 R  i2c=0x30 reg=0x11 len=1
1778318214.563000 R= ret=0 data=00
1778318214.563000 W1 i2c=0x30 reg=0x0 val=0x9
1778318214.563000 W  i2c=0x30 reg=0x0 len=1 data=09
1778318214.564000 R  i2c=0x30 reg=0x62 len=1
1778318214.567000 R= ret=0 data=51
1778318214.567000 W1 i2c=0x30 reg=0x0 val=0xd
1778318214.567000 W  i2c=0x30 reg=0x0 len=1 data=0d
1778318214.568000 R  i2c=0x30 reg=0x86 len=1
1778318214.572000 R= ret=0 data=00
1778318214.583000 W1 i2c=0x30 reg=0x0 val=0xf
1778318214.583000 W  i2c=0x30 reg=0x0 len=1 data=0f
1778318214.584000 R  i2c=0x30 reg=0x11 len=1
1778318214.587000 R= ret=0 data=00
1778318214.587000 W1 i2c=0x30 reg=0x0 val=0x9
1778318214.587000 W  i2c=0x30 reg=0x0 len=1 data=09
1778318214.588000 R  i2c=0x30 reg=0x62 len=1
1778318214.592000 R= ret=0 data=51
1778318214.592000 W1 i2c=0x30 reg=0x0 val=0xd
1778318214.592000 W  i2c=0x30 reg=0x0 len=1 data=0d
1778318214.593000 R  i2c=0x30 reg=0x86 len=1
1778318214.597000 R= ret=0 data=00
1778318214.607000 W1 i2c=0x30 reg=0x0 val=0xf
1778318214.607000 W  i2c=0x30 reg=0x0 len=1 data=0f
1778318214.608000 R  i2c=0x30 reg=0x11 len=1
1778318214.611000 R= ret=0 data=00
1778318214.611000 W1 i2c=0x30 reg=0x0 val=0x9
1778318214.611000 W  i2c=0x30 reg=0x0 len=1 data=09
1778318214.612000 R  i2c=0x30 reg=0x62 len=1
1778318214.616000 R= ret=0 data=51
1778318214.616000 W1 i2c=0x30 reg=0x0 val=0xd
1778318214.616000 W  i2c=0x30 reg=0x0 len=1 data=0d
1778318214.617000 R  i2c=0x30 reg=0x86 len=1
1778318214.620000 R= ret=0 data=00
1778318214.631000 W1 i2c=0x30 reg=0x0 val=0xf
1778318214.631000 W  i2c=0x30 reg=0x0 len=1 data=0f
1778318214.632000 R  i2c=0x30 reg=0x11 len=1
1778318214.635000 R= ret=0 data=00
1778318214.635000 W1 i2c=0x30 reg=0x0 val=0x9
1778318214.635000 W  i2c=0x30 reg=0x0 len=1 data=09
1778318214.636000 R  i2c=0x30 reg=0x62 len=1
1778318214.639000 R= ret=0 data=51
1778318214.639000 W1 i2c=0x30 reg=0x0 val=0xd
1778318214.639000 W  i2c=0x30 reg=0x0 len=1 data=0d
1778318214.640000 R  i2c=0x30 reg=0x86 len=1
1778318214.643000 R= ret=0 data=00
1778318214.655000 W1 i2c=0x30 reg=0x0 val=0xf
1778318214.655000 W  i2c=0x30 reg=0x0 len=1 data=0f
1778318214.656000 R  i2c=0x30 reg=0x11 len=1
1778318214.659000 R= ret=0 data=00
1778318214.659000 W1 i2c=0x30 reg=0x0 val=0x9
1778318214.659000 W  i2c=0x30 reg=0x0 len=1 data=09
1778318214.660000 R  i2c=0x30 reg=0x62 len=1
1778318214.663000 R= ret=0 data=51
1778318214.663000 W1 i2c=0x30 reg=0x0 val=0xd
1778318214.663000 W  i2c=0x30 reg=0x0 len=1 data=0d
1778318214.664000 R  i2c=0x30 reg=0x86 len=1
1778318214.667000 R= ret=0 data=00
1778318214.679000 W1 i2c=0x30 reg=0x0 val=0xf
1778318214.679000 W  i2c=0x30 reg=0x0 len=1 data=0f
1778318214.680000 R  i2c=0x30 reg=0x11 len=1
1778318214.683000 R= ret=0 data=00
1778318214.683000 W1 i2c=0x30 reg=0x0 val=0x9
1778318214.683000 W  i2c=0x30 reg=0x0 len=1 data=09
1778318214.684000 R  i2c=0x30 reg=0x62 len=1
1778318214.688000 R= ret=0 data=51
1778318214.688000 W1 i2c=0x30 reg=0x0 val=0xd
1778318214.688000 W  i2c=0x30 reg=0x0 len=1 data=0d
1778318214.689000 R  i2c=0x30 reg=0x86 len=1
1778318214.692000 R= ret=0 data=00
1778318214.702000 W1 i2c=0x30 reg=0x0 val=0xf
1778318214.702000 W  i2c=0x30 reg=0x0 len=1 data=0f
1778318214.703000 R  i2c=0x30 reg=0x11 len=1
1778318214.707000 R= ret=0 data=00
1778318214.707000 W1 i2c=0x30 reg=0x0 val=0x9
1778318214.707000 W  i2c=0x30 reg=0x0 len=1 data=09
1778318214.708000 R  i2c=0x30 reg=0x62 len=1
1778318214.711000 R= ret=0 data=51
1778318214.711000 W1 i2c=0x30 reg=0x0 val=0xd
1778318214.711000 W  i2c=0x30 reg=0x0 len=1 data=0d
1778318214.712000 R  i2c=0x30 reg=0x86 len=1
1778318214.716000 R= ret=0 data=00
1778318214.726000 W1 i2c=0x30 reg=0x0 val=0xf
1778318214.726000 W  i2c=0x30 reg=0x0 len=1 data=0f
1778318214.727000 R  i2c=0x30 reg=0x11 len=1
1778318214.731000 R= ret=0 data=00
1778318214.731000 W1 i2c=0x30 reg=0x0 val=0x9
1778318214.731000 W  i2c=0x30 reg=0x0 len=1 data=09
1778318214.732000 R  i2c=0x30 reg=0x62 len=1
1778318214.735000 R= ret=0 data=51
1778318214.735000 W1 i2c=0x30 reg=0x0 val=0xd
1778318214.735000 W  i2c=0x30 reg=0x0 len=1 data=0d
1778318214.736000 R  i2c=0x30 reg=0x86 len=1
1778318214.740000 R= ret=0 data=00
1778318214.750000 W1 i2c=0x30 reg=0x0 val=0xf
1778318214.750000 W  i2c=0x30 reg=0x0 len=1 data=0f
1778318214.751000 R  i2c=0x30 reg=0x11 len=1
1778318214.754000 R= ret=0 data=00
1778318214.754000 W1 i2c=0x30 reg=0x0 val=0x9
1778318214.754000 W  i2c=0x30 reg=0x0 len=1 data=09
1778318214.755000 R  i2c=0x30 reg=0x62 len=1
1778318214.758000 R= ret=0 data=51
1778318214.759000 W1 i2c=0x30 reg=0x0 val=0xd
1778318214.759000 W  i2c=0x30 reg=0x0 len=1 data=0d
1778318214.760000 R  i2c=0x30 reg=0x86 len=1
1778318214.763000 R= ret=0 data=00
1778318214.773000 W1 i2c=0x30 reg=0x0 val=0xf
1778318214.773000 W  i2c=0x30 reg=0x0 len=1 data=0f
1778318214.774000 R  i2c=0x30 reg=0x11 len=1
1778318214.778000 R= ret=0 data=00
1778318214.778000 W1 i2c=0x30 reg=0x0 val=0x9
1778318214.778000 W  i2c=0x30 reg=0x0 len=1 data=09
1778318214.779000 R  i2c=0x30 reg=0x62 len=1
1778318214.782000 R= ret=0 data=51
1778318214.782000 W1 i2c=0x30 reg=0x0 val=0xd
1778318214.782000 W  i2c=0x30 reg=0x0 len=1 data=0d
1778318214.783000 R  i2c=0x30 reg=0x86 len=1
1778318214.787000 R= ret=0 data=00
1778318214.798000 W1 i2c=0x30 reg=0x0 val=0xf
1778318214.798000 W  i2c=0x30 reg=0x0 len=1 data=0f
1778318214.800000 R  i2c=0x30 reg=0x11 len=1
1778318214.804000 R= ret=0 data=00
1778318214.804000 W1 i2c=0x30 reg=0x0 val=0x9
1778318214.804000 W  i2c=0x30 reg=0x0 len=1 data=09
1778318214.805000 R  i2c=0x30 reg=0x62 len=1
1778318214.808000 R= ret=0 data=51
1778318214.808000 W1 i2c=0x30 reg=0x0 val=0xd
1778318214.808000 W  i2c=0x30 reg=0x0 len=1 data=0d
1778318214.809000 R  i2c=0x30 reg=0x86 len=1
1778318214.813000 R= ret=0 data=00
1778318214.823000 W1 i2c=0x30 reg=0x0 val=0xf
1778318214.823000 W  i2c=0x30 reg=0x0 len=1 data=0f
1778318214.824000 R  i2c=0x30 reg=0x11 len=1
1778318214.828000 R= ret=0 data=00
1778318214.828000 W1 i2c=0x30 reg=0x0 val=0x9
1778318214.828000 W  i2c=0x30 reg=0x0 len=1 data=09
1778318214.829000 R  i2c=0x30 reg=0x62 len=1
1778318214.832000 R= ret=0 data=51
1778318214.832000 W1 i2c=0x30 reg=0x0 val=0xd
1778318214.832000 W  i2c=0x30 reg=0x0 len=1 data=0d
1778318214.833000 R  i2c=0x30 reg=0x86 len=1
1778318214.837000 R= ret=0 data=00
1778318214.842000 W1 i2c=0x30 reg=0x0 val=0xf
1778318214.842000 W  i2c=0x30 reg=0x0 len=1 data=0f
1778318214.843000 R  i2c=0x30 reg=0x11 len=1
1778318214.847000 R= ret=0 data=00
1778318214.847000 W1 i2c=0x30 reg=0x0 val=0x9
1778318214.847000 W  i2c=0x30 reg=0x0 len=1 data=09
1778318214.847000 W1 i2c=0x30 reg=0x0 val=0xf
1778318214.847000 W  i2c=0x30 reg=0x0 len=1 data=0f
1778318214.848000 R  i2c=0x30 reg=0x62 len=1
1778318214.851000 R= ret=0 data=51
1778318214.851000 W1 i2c=0x30 reg=0x0 val=0xd
1778318214.851000 W  i2c=0x30 reg=0x0 len=1 data=0d
1778318214.852000 R  i2c=0x30 reg=0x11 len=1
1778318214.853000 R  i2c=0x30 reg=0x86 len=1
1778318214.856000 R= ret=0 data=00
1778318214.856000 W1 i2c=0x30 reg=0x0 val=0x9
1778318214.856000 W  i2c=0x30 reg=0x0 len=1 data=09
1778318214.860000 R= ret=0 data=00
1778318214.860000 W1 i2c=0x30 reg=0x0 val=0xd
1778318214.860000 W  i2c=0x30 reg=0x0 len=1 data=0d
1778318214.861000 R  i2c=0x30 reg=0x62 len=1
1778318214.862000 R  i2c=0x30 reg=0x86 len=1
1778318214.865000 R= ret=0 data=00
1778318214.865000 W1 i2c=0x30 reg=0x0 val=0xd
1778318214.865000 W  i2c=0x30 reg=0x0 len=1 data=0d
1778318214.868000 R= ret=0 data=00
1778318214.868000 W1 i2c=0x30 reg=0x0 val=0xd
1778318214.868000 W  i2c=0x30 reg=0x0 len=1 data=0d
1778318214.869000 R  i2c=0x30 reg=0x86 len=1
1778318214.870000 R  i2c=0x30 reg=0x86 len=1
1778318214.873000 R= ret=0 data=00
1778318214.877000 R= ret=0 data=00
1778318214.877000 W1 i2c=0xdc reg=0x8 val=0x1
1778318214.877000 W  i2c=0xdc reg=0x8 len=1 data=01
1778318214.878000 W  i2c=0xc0 reg=0x87 len=2 data=c4 41
1778318214.879000 W  i2c=0xc0 reg=0x59 len=2 data=05 01
1778318214.880000 R  i2c=0xc0 reg=0x5b len=1
1778318214.883000 R= ret=0 data=2e
1778318214.883000 W  i2c=0xc0 reg=0x59 len=2 data=03 01
1778318214.883000 W1 i2c=0x30 reg=0x0 val=0xf
1778318214.883000 W  i2c=0x30 reg=0x0 len=1 data=0f
1778318214.884000 R  i2c=0xc0 reg=0x5b len=1
1778318214.887000 R= ret=0 data=08
1778318214.887000 W1 i2c=0xc0 reg=0x59 val=0x4
1778318214.887000 W  i2c=0xc0 reg=0x59 len=1 data=04
1778318214.888000 R  i2c=0x30 reg=0x11 len=1
1778318214.889000 W1 i2c=0xc0 reg=0x88 val=0x0
1778318214.889000 W  i2c=0xc0 reg=0x88 len=1 data=00
1778318214.893000 R= ret=0 data=00
1778318214.893000 W1 i2c=0x30 reg=0x0 val=0x9
1778318214.893000 W  i2c=0x30 reg=0x0 len=1 data=09
1778318214.894000 W1 i2c=0xc0 reg=0x87 val=0xc0
1778318214.894000 W  i2c=0xc0 reg=0x87 len=1 data=c0
1778318214.894000 R  i2c=0x30 reg=0x62 len=1
1778318214.895000 R  i2c=0xc0 reg=0x69 len=1
1778318214.899000 R= ret=0 data=51
1778318214.899000 W1 i2c=0x30 reg=0x0 val=0xd
1778318214.899000 W  i2c=0x30 reg=0x0 len=1 data=0d
1778318214.902000 R= ret=0 data=88
1778318214.902000 W1 i2c=0xdc reg=0x8 val=0x0
1778318214.902000 W  i2c=0xdc reg=0x8 len=1 data=00
1778318214.903000 R  i2c=0x30 reg=0x86 len=1
1778318214.907000 R= ret=0 data=00
1778318214.918000 W1 i2c=0x30 reg=0x0 val=0xf
1778318214.918000 W  i2c=0x30 reg=0x0 len=1 data=0f
1778318214.919000 R  i2c=0x30 reg=0x11 len=1
1778318214.923000 R= ret=0 data=00
1778318214.923000 W1 i2c=0x30 reg=0x0 val=0x9
1778318214.923000 W  i2c=0x30 reg=0x0 len=1 data=09
1778318214.924000 R  i2c=0x30 reg=0x62 len=1
1778318214.927000 R= ret=0 data=51
1778318214.927000 W1 i2c=0x30 reg=0x0 val=0xd
1778318214.927000 W  i2c=0x30 reg=0x0 len=1 data=0d
1778318214.928000 R  i2c=0x30 reg=0x86 len=1
1778318214.932000 R= ret=0 data=00
1778318214.942000 W1 i2c=0x30 reg=0x0 val=0xf
1778318214.942000 W  i2c=0x30 reg=0x0 len=1 data=0f
1778318214.943000 R  i2c=0x30 reg=0x11 len=1
1778318214.947000 R= ret=0 data=00
1778318214.947000 W1 i2c=0x30 reg=0x0 val=0x9
1778318214.947000 W  i2c=0x30 reg=0x0 len=1 data=09
1778318214.948000 R  i2c=0x30 reg=0x62 len=1
1778318214.951000 R= ret=0 data=51
1778318214.951000 W1 i2c=0x30 reg=0x0 val=0xd
1778318214.951000 W  i2c=0x30 reg=0x0 len=1 data=0d
1778318214.952000 R  i2c=0x30 reg=0x86 len=1
1778318214.956000 R= ret=0 data=00
1778318214.966000 W1 i2c=0x30 reg=0x0 val=0xf
1778318214.966000 W  i2c=0x30 reg=0x0 len=1 data=0f
1778318214.967000 R  i2c=0x30 reg=0x11 len=1
1778318214.970000 R= ret=0 data=00
1778318214.970000 W1 i2c=0x30 reg=0x0 val=0x9
1778318214.970000 W  i2c=0x30 reg=0x0 len=1 data=09
1778318214.971000 R  i2c=0x30 reg=0x62 len=1
1778318214.974000 R= ret=0 data=51
1778318214.974000 W1 i2c=0x30 reg=0x0 val=0xd
1778318214.974000 W  i2c=0x30 reg=0x0 len=1 data=0d
1778318214.975000 R  i2c=0x30 reg=0x86 len=1
1778318214.979000 R= ret=0 data=00
1778318214.989000 W1 i2c=0x30 reg=0x0 val=0xf
1778318214.989000 W  i2c=0x30 reg=0x0 len=1 data=0f
1778318214.990000 R  i2c=0x30 reg=0x11 len=1
1778318214.993000 R= ret=0 data=00
1778318214.993000 W1 i2c=0x30 reg=0x0 val=0x9
1778318214.994000 W  i2c=0x30 reg=0x0 len=1 data=09
1778318214.994000 R  i2c=0x30 reg=0x62 len=1
1778318214.998000 R= ret=0 data=51
1778318214.998000 W1 i2c=0x30 reg=0x0 val=0xd
1778318214.998000 W  i2c=0x30 reg=0x0 len=1 data=0d
1778318214.999000 R  i2c=0x30 reg=0x86 len=1
1778318215.003000 R= ret=0 data=00
1778318215.013000 W1 i2c=0x30 reg=0x0 val=0xf
1778318215.013000 W  i2c=0x30 reg=0x0 len=1 data=0f
1778318215.014000 R  i2c=0x30 reg=0x11 len=1
1778318215.017000 R= ret=0 data=00
1778318215.017000 W1 i2c=0x30 reg=0x0 val=0x9
1778318215.017000 W  i2c=0x30 reg=0x0 len=1 data=09
1778318215.018000 R  i2c=0x30 reg=0x62 len=1
1778318215.022000 R= ret=0 data=51
1778318215.022000 W1 i2c=0x30 reg=0x0 val=0xd
1778318215.022000 W  i2c=0x30 reg=0x0 len=1 data=0d
1778318215.023000 R  i2c=0x30 reg=0x86 len=1
1778318215.027000 R= ret=0 data=00
1778318215.037000 W1 i2c=0x30 reg=0x0 val=0xf
1778318215.037000 W  i2c=0x30 reg=0x0 len=1 data=0f
1778318215.038000 R  i2c=0x30 reg=0x11 len=1
1778318215.041000 R= ret=0 data=00
1778318215.041000 W1 i2c=0x30 reg=0x0 val=0x9
1778318215.041000 W  i2c=0x30 reg=0x0 len=1 data=09
1778318215.042000 R  i2c=0x30 reg=0x62 len=1
1778318215.046000 R= ret=0 data=51
1778318215.046000 W1 i2c=0x30 reg=0x0 val=0xd
1778318215.046000 W  i2c=0x30 reg=0x0 len=1 data=0d
1778318215.047000 R  i2c=0x30 reg=0x86 len=1
1778318215.050000 R= ret=0 data=00
1778318215.061000 W1 i2c=0x30 reg=0x0 val=0xf
1778318215.061000 W  i2c=0x30 reg=0x0 len=1 data=0f
1778318215.062000 R  i2c=0x30 reg=0x11 len=1
1778318215.065000 R= ret=0 data=00
1778318215.065000 W1 i2c=0x30 reg=0x0 val=0x9
1778318215.065000 W  i2c=0x30 reg=0x0 len=1 data=09
1778318215.066000 R  i2c=0x30 reg=0x62 len=1
1778318215.070000 R= ret=0 data=51
1778318215.070000 W1 i2c=0x30 reg=0x0 val=0xd
1778318215.070000 W  i2c=0x30 reg=0x0 len=1 data=0d
1778318215.071000 R  i2c=0x30 reg=0x86 len=1
1778318215.074000 R= ret=0 data=00
1778318215.085000 W1 i2c=0x30 reg=0x0 val=0xf
1778318215.085000 W  i2c=0x30 reg=0x0 len=1 data=0f
1778318215.086000 R  i2c=0x30 reg=0x11 len=1
1778318215.090000 R= ret=0 data=00
1778318215.090000 W1 i2c=0x30 reg=0x0 val=0x9
1778318215.090000 W  i2c=0x30 reg=0x0 len=1 data=09
1778318215.091000 R  i2c=0x30 reg=0x62 len=1
1778318215.094000 R= ret=0 data=51
1778318215.094000 W1 i2c=0x30 reg=0x0 val=0xd
1778318215.094000 W  i2c=0x30 reg=0x0 len=1 data=0d
1778318215.095000 R  i2c=0x30 reg=0x86 len=1
1778318215.098000 R= ret=0 data=00
1778318215.109000 W1 i2c=0x30 reg=0x0 val=0xf
1778318215.109000 W  i2c=0x30 reg=0x0 len=1 data=0f
1778318215.110000 R  i2c=0x30 reg=0x11 len=1
1778318215.113000 R= ret=0 data=00
1778318215.113000 W1 i2c=0x30 reg=0x0 val=0x9
1778318215.113000 W  i2c=0x30 reg=0x0 len=1 data=09
1778318215.114000 R  i2c=0x30 reg=0x62 len=1
1778318215.118000 R= ret=0 data=51
1778318215.118000 W1 i2c=0x30 reg=0x0 val=0xd
1778318215.118000 W  i2c=0x30 reg=0x0 len=1 data=0d
1778318215.119000 R  i2c=0x30 reg=0x86 len=1
1778318215.123000 R= ret=0 data=00
1778318215.133000 W1 i2c=0x30 reg=0x0 val=0xf
1778318215.133000 W  i2c=0x30 reg=0x0 len=1 data=0f
1778318215.134000 R  i2c=0x30 reg=0x11 len=1
1778318215.138000 R= ret=0 data=00
1778318215.138000 W1 i2c=0x30 reg=0x0 val=0x9
1778318215.138000 W  i2c=0x30 reg=0x0 len=1 data=09
1778318215.139000 R  i2c=0x30 reg=0x62 len=1
1778318215.142000 R= ret=0 data=51
1778318215.142000 W1 i2c=0x30 reg=0x0 val=0xd
1778318215.142000 W  i2c=0x30 reg=0x0 len=1 data=0d
1778318215.143000 R  i2c=0x30 reg=0x86 len=1
1778318215.147000 R= ret=0 data=00
1778318215.158000 W1 i2c=0x30 reg=0x0 val=0xf
1778318215.158000 W  i2c=0x30 reg=0x0 len=1 data=0f
1778318215.159000 R  i2c=0x30 reg=0x11 len=1
1778318215.163000 R= ret=0 data=00
1778318215.163000 W1 i2c=0x30 reg=0x0 val=0x9
1778318215.163000 W  i2c=0x30 reg=0x0 len=1 data=09
1778318215.164000 R  i2c=0x30 reg=0x62 len=1
1778318215.167000 R= ret=0 data=51
1778318215.167000 W1 i2c=0x30 reg=0x0 val=0xd
1778318215.167000 W  i2c=0x30 reg=0x0 len=1 data=0d
1778318215.168000 R  i2c=0x30 reg=0x86 len=1
1778318215.171000 R= ret=0 data=00
1778318215.183000 W1 i2c=0x30 reg=0x0 val=0xf
1778318215.183000 W  i2c=0x30 reg=0x0 len=1 data=0f
1778318215.184000 R  i2c=0x30 reg=0x11 len=1
1778318215.187000 R= ret=0 data=00
1778318215.187000 W1 i2c=0x30 reg=0x0 val=0x9
1778318215.187000 W  i2c=0x30 reg=0x0 len=1 data=09
1778318215.188000 R  i2c=0x30 reg=0x62 len=1
1778318215.192000 R= ret=0 data=51
1778318215.192000 W1 i2c=0x30 reg=0x0 val=0xd
1778318215.192000 W  i2c=0x30 reg=0x0 len=1 data=0d
1778318215.193000 R  i2c=0x30 reg=0x86 len=1
1778318215.196000 R= ret=0 data=00
1778318215.207000 W1 i2c=0x30 reg=0x0 val=0xf
1778318215.207000 W  i2c=0x30 reg=0x0 len=1 data=0f
1778318215.208000 R  i2c=0x30 reg=0x11 len=1
1778318215.211000 R= ret=0 data=00
1778318215.211000 W1 i2c=0x30 reg=0x0 val=0x9
1778318215.211000 W  i2c=0x30 reg=0x0 len=1 data=09
1778318215.212000 R  i2c=0x30 reg=0x62 len=1
1778318215.216000 R= ret=0 data=51
1778318215.216000 W1 i2c=0x30 reg=0x0 val=0xd
1778318215.216000 W  i2c=0x30 reg=0x0 len=1 data=0d
1778318215.217000 R  i2c=0x30 reg=0x86 len=1
1778318215.220000 R= ret=0 data=00
1778318215.232000 W1 i2c=0x30 reg=0x0 val=0xf
1778318215.232000 W  i2c=0x30 reg=0x0 len=1 data=0f
1778318215.233000 R  i2c=0x30 reg=0x11 len=1
1778318215.236000 R= ret=0 data=00
1778318215.236000 W1 i2c=0x30 reg=0x0 val=0x9
1778318215.236000 W  i2c=0x30 reg=0x0 len=1 data=09
1778318215.237000 R  i2c=0x30 reg=0x62 len=1
1778318215.240000 R= ret=0 data=51
1778318215.240000 W1 i2c=0x30 reg=0x0 val=0xd
1778318215.240000 W  i2c=0x30 reg=0x0 len=1 data=0d
1778318215.241000 R  i2c=0x30 reg=0x86 len=1
1778318215.245000 R= ret=0 data=00
1778318215.255000 W1 i2c=0x30 reg=0x0 val=0xf
1778318215.255000 W  i2c=0x30 reg=0x0 len=1 data=0f
1778318215.256000 R  i2c=0x30 reg=0x11 len=1
1778318215.260000 R= ret=0 data=00
1778318215.260000 W1 i2c=0x30 reg=0x0 val=0x9
1778318215.260000 W  i2c=0x30 reg=0x0 len=1 data=09
1778318215.261000 R  i2c=0x30 reg=0x62 len=1
1778318215.264000 R= ret=0 data=51
1778318215.264000 W1 i2c=0x30 reg=0x0 val=0xd
1778318215.264000 W  i2c=0x30 reg=0x0 len=1 data=0d
1778318215.265000 R  i2c=0x30 reg=0x86 len=1
1778318215.269000 R= ret=0 data=00
1778318215.279000 W1 i2c=0x30 reg=0x0 val=0xf
1778318215.279000 W  i2c=0x30 reg=0x0 len=1 data=0f
1778318215.280000 R  i2c=0x30 reg=0x11 len=1
1778318215.283000 R= ret=0 data=00
1778318215.283000 W1 i2c=0x30 reg=0x0 val=0x9
1778318215.283000 W  i2c=0x30 reg=0x0 len=1 data=09
1778318215.284000 R  i2c=0x30 reg=0x62 len=1
1778318215.288000 R= ret=0 data=51
1778318215.288000 W1 i2c=0x30 reg=0x0 val=0xd
1778318215.288000 W  i2c=0x30 reg=0x0 len=1 data=0d
1778318215.289000 R  i2c=0x30 reg=0x86 len=1
1778318215.292000 R= ret=0 data=00
1778318215.303000 W1 i2c=0x30 reg=0x0 val=0xf
1778318215.303000 W  i2c=0x30 reg=0x0 len=1 data=0f
1778318215.304000 R  i2c=0x30 reg=0x11 len=1
1778318215.307000 R= ret=0 data=00
1778318215.307000 W1 i2c=0x30 reg=0x0 val=0x9
1778318215.307000 W  i2c=0x30 reg=0x0 len=1 data=09
1778318215.308000 R  i2c=0x30 reg=0x62 len=1
1778318215.312000 R= ret=0 data=51
1778318215.312000 W1 i2c=0x30 reg=0x0 val=0xd
1778318215.312000 W  i2c=0x30 reg=0x0 len=1 data=0d
1778318215.313000 R  i2c=0x30 reg=0x86 len=1
1778318215.316000 R= ret=0 data=00
1778318215.327000 W1 i2c=0x30 reg=0x0 val=0xf
1778318215.327000 W  i2c=0x30 reg=0x0 len=1 data=0f
1778318215.328000 R  i2c=0x30 reg=0x11 len=1
1778318215.331000 R= ret=0 data=00
1778318215.331000 W1 i2c=0x30 reg=0x0 val=0x9
1778318215.331000 W  i2c=0x30 reg=0x0 len=1 data=09
1778318215.332000 R  i2c=0x30 reg=0x62 len=1
1778318215.336000 R= ret=0 data=51
1778318215.336000 W1 i2c=0x30 reg=0x0 val=0xd
1778318215.336000 W  i2c=0x30 reg=0x0 len=1 data=0d
1778318215.336000 R  i2c=0x30 reg=0x86 len=1
1778318215.340000 R= ret=0 data=00
1778318215.350000 W1 i2c=0x30 reg=0x0 val=0xf
1778318215.350000 W  i2c=0x30 reg=0x0 len=1 data=0f
1778318215.351000 R  i2c=0x30 reg=0x11 len=1
1778318215.355000 R= ret=0 data=00
1778318215.355000 W1 i2c=0x30 reg=0x0 val=0x9
1778318215.355000 W  i2c=0x30 reg=0x0 len=1 data=09
1778318215.356000 R  i2c=0x30 reg=0x62 len=1
1778318215.359000 R= ret=0 data=51
1778318215.359000 W1 i2c=0x30 reg=0x0 val=0xd
1778318215.359000 W  i2c=0x30 reg=0x0 len=1 data=0d
1778318215.360000 R  i2c=0x30 reg=0x86 len=1
1778318215.364000 R= ret=0 data=00
1778318215.374000 W1 i2c=0x30 reg=0x0 val=0xf
1778318215.374000 W  i2c=0x30 reg=0x0 len=1 data=0f
1778318215.375000 R  i2c=0x30 reg=0x11 len=1
1778318215.378000 R= ret=0 data=00
1778318215.378000 W1 i2c=0x30 reg=0x0 val=0x9
1778318215.378000 W  i2c=0x30 reg=0x0 len=1 data=09
1778318215.379000 R  i2c=0x30 reg=0x62 len=1
1778318215.383000 R= ret=0 data=51
1778318215.383000 W1 i2c=0x30 reg=0x0 val=0xd
1778318215.383000 W  i2c=0x30 reg=0x0 len=1 data=0d
1778318215.384000 R  i2c=0x30 reg=0x86 len=1
1778318215.387000 R= ret=0 data=00
1778318215.398000 W1 i2c=0x30 reg=0x0 val=0xf
1778318215.398000 W  i2c=0x30 reg=0x0 len=1 data=0f
1778318215.399000 R  i2c=0x30 reg=0x11 len=1
1778318215.403000 R= ret=0 data=00
1778318215.403000 W1 i2c=0x30 reg=0x0 val=0x9
1778318215.403000 W  i2c=0x30 reg=0x0 len=1 data=09
1778318215.404000 R  i2c=0x30 reg=0x62 len=1
1778318215.408000 R= ret=0 data=51
1778318215.408000 W1 i2c=0x30 reg=0x0 val=0xd
1778318215.408000 W  i2c=0x30 reg=0x0 len=1 data=0d
1778318215.409000 R  i2c=0x30 reg=0x86 len=1
1778318215.412000 R= ret=0 data=00
1778318215.423000 W1 i2c=0x30 reg=0x0 val=0xf
1778318215.424000 W  i2c=0x30 reg=0x0 len=1 data=0f
1778318215.425000 R  i2c=0x30 reg=0x11 len=1
1778318215.428000 R= ret=0 data=00
1778318215.428000 W1 i2c=0x30 reg=0x0 val=0x9
1778318215.428000 W  i2c=0x30 reg=0x0 len=1 data=09
1778318215.429000 R  i2c=0x30 reg=0x62 len=1
1778318215.433000 R= ret=0 data=51
1778318215.433000 W1 i2c=0x30 reg=0x0 val=0xd
1778318215.433000 W  i2c=0x30 reg=0x0 len=1 data=0d
1778318215.434000 R  i2c=0x30 reg=0x86 len=1
1778318215.437000 R= ret=0 data=00
1778318215.447000 W1 i2c=0x30 reg=0x0 val=0xf
1778318215.447000 W  i2c=0x30 reg=0x0 len=1 data=0f
1778318215.448000 R  i2c=0x30 reg=0x11 len=1
1778318215.452000 R= ret=0 data=00
1778318215.452000 W1 i2c=0x30 reg=0x0 val=0x9
1778318215.452000 W  i2c=0x30 reg=0x0 len=1 data=09
1778318215.453000 R  i2c=0x30 reg=0x62 len=1
1778318215.456000 R= ret=0 data=51
1778318215.456000 W1 i2c=0x30 reg=0x0 val=0xd
1778318215.456000 W  i2c=0x30 reg=0x0 len=1 data=0d
1778318215.457000 R  i2c=0x30 reg=0x86 len=1
1778318215.461000 R= ret=0 data=00
1778318215.472000 W1 i2c=0x30 reg=0x0 val=0xf
1778318215.472000 W  i2c=0x30 reg=0x0 len=1 data=0f
1778318215.473000 R  i2c=0x30 reg=0x11 len=1
1778318215.476000 R= ret=0 data=00
1778318215.476000 W1 i2c=0x30 reg=0x0 val=0x9
1778318215.476000 W  i2c=0x30 reg=0x0 len=1 data=09
1778318215.477000 R  i2c=0x30 reg=0x62 len=1
1778318215.481000 R= ret=0 data=51
1778318215.481000 W1 i2c=0x30 reg=0x0 val=0xd
1778318215.481000 W  i2c=0x30 reg=0x0 len=1 data=0d
1778318215.482000 R  i2c=0x30 reg=0x86 len=1
1778318215.486000 R= ret=0 data=00
1778318215.497000 W1 i2c=0x30 reg=0x0 val=0xf
1778318215.497000 W  i2c=0x30 reg=0x0 len=1 data=0f
1778318215.498000 R  i2c=0x30 reg=0x11 len=1
1778318215.501000 R= ret=0 data=00
1778318215.501000 W1 i2c=0x30 reg=0x0 val=0x9
1778318215.501000 W  i2c=0x30 reg=0x0 len=1 data=09
1778318215.502000 R  i2c=0x30 reg=0x62 len=1
1778318215.506000 R= ret=0 data=51
1778318215.506000 W1 i2c=0x30 reg=0x0 val=0xd
1778318215.506000 W  i2c=0x30 reg=0x0 len=1 data=0d
1778318215.507000 R  i2c=0x30 reg=0x86 len=1
1778318215.510000 R= ret=0 data=00
1778318215.521000 W1 i2c=0x30 reg=0x0 val=0xf
1778318215.521000 W  i2c=0x30 reg=0x0 len=1 data=0f
1778318215.522000 R  i2c=0x30 reg=0x11 len=1
1778318215.525000 R= ret=0 data=00
1778318215.525000 W1 i2c=0x30 reg=0x0 val=0x9
1778318215.525000 W  i2c=0x30 reg=0x0 len=1 data=09
1778318215.526000 R  i2c=0x30 reg=0x62 len=1
1778318215.530000 R= ret=0 data=51
1778318215.530000 W1 i2c=0x30 reg=0x0 val=0xd
1778318215.530000 W  i2c=0x30 reg=0x0 len=1 data=0d
1778318215.531000 R  i2c=0x30 reg=0x86 len=1
1778318215.534000 R= ret=0 data=00
1778318215.546000 W1 i2c=0x30 reg=0x0 val=0xf
1778318215.546000 W  i2c=0x30 reg=0x0 len=1 data=0f
1778318215.547000 R  i2c=0x30 reg=0x11 len=1
1778318215.550000 R= ret=0 data=00
1778318215.550000 W1 i2c=0x30 reg=0x0 val=0x9
1778318215.550000 W  i2c=0x30 reg=0x0 len=1 data=09
1778318215.551000 R  i2c=0x30 reg=0x62 len=1
1778318215.555000 R= ret=0 data=51
1778318215.555000 W1 i2c=0x30 reg=0x0 val=0xd
1778318215.555000 W  i2c=0x30 reg=0x0 len=1 data=0d
1778318215.556000 R  i2c=0x30 reg=0x86 len=1
1778318215.559000 R= ret=0 data=00
1778318215.572000 W1 i2c=0x30 reg=0x0 val=0xf
1778318215.572000 W  i2c=0x30 reg=0x0 len=1 data=0f
1778318215.573000 R  i2c=0x30 reg=0x11 len=1
1778318215.576000 R= ret=0 data=00
1778318215.576000 W1 i2c=0x30 reg=0x0 val=0x9
1778318215.576000 W  i2c=0x30 reg=0x0 len=1 data=09
1778318215.577000 R  i2c=0x30 reg=0x62 len=1
1778318215.581000 R= ret=0 data=51
1778318215.581000 W1 i2c=0x30 reg=0x0 val=0xd
1778318215.581000 W  i2c=0x30 reg=0x0 len=1 data=0d
1778318215.582000 R  i2c=0x30 reg=0x86 len=1
1778318215.585000 R= ret=0 data=00
1778318215.586000 <<< sony_cxd6801_integ_atsc_Tune ret=5
1778318215.586000 DRV_acquire ret=5
1778318215.704000 W1 i2c=0x30 reg=0x0 val=0xf
1778318215.704000 W  i2c=0x30 reg=0x0 len=1 data=0f
1778318215.706000 R  i2c=0x30 reg=0x11 len=1
1778318215.709000 R= ret=0 data=00
1778318215.709000 W1 i2c=0x30 reg=0x0 val=0x9
1778318215.709000 W  i2c=0x30 reg=0x0 len=1 data=09
1778318215.710000 R  i2c=0x30 reg=0x62 len=1
1778318215.714000 R= ret=0 data=51
1778318215.714000 W1 i2c=0x30 reg=0x0 val=0xd
1778318215.714000 W  i2c=0x30 reg=0x0 len=1 data=0d
1778318215.715000 R  i2c=0x30 reg=0x86 len=1
1778318215.718000 R= ret=0 data=00
1778318215.718000 W1 i2c=0x30 reg=0x0 val=0xd
1778318215.718000 W  i2c=0x30 reg=0x0 len=1 data=0d
1778318215.719000 R  i2c=0x30 reg=0x86 len=1
1778318215.723000 R= ret=0 data=00
1778318215.723000 W1 i2c=0x30 reg=0x0 val=0xd
1778318215.723000 W  i2c=0x30 reg=0x0 len=1 data=0d
1778318215.724000 R  i2c=0x30 reg=0x86 len=1
1778318215.728000 R= ret=0 data=00
1778318215.728000 W1 i2c=0xdc reg=0x8 val=0x1
1778318215.728000 W  i2c=0xdc reg=0x8 len=1 data=01
1778318215.729000 W  i2c=0xc0 reg=0x87 len=2 data=c4 41
1778318215.730000 W  i2c=0xc0 reg=0x59 len=2 data=05 01
1778318215.730000 R  i2c=0xc0 reg=0x5b len=1
1778318215.734000 R= ret=0 data=2e
1778318215.734000 W  i2c=0xc0 reg=0x59 len=2 data=03 01
1778318215.736000 R  i2c=0xc0 reg=0x5b len=1
1778318215.739000 R= ret=0 data=08
1778318215.739000 W1 i2c=0xc0 reg=0x59 val=0x4
1778318215.739000 W  i2c=0xc0 reg=0x59 len=1 data=04
1778318215.740000 W1 i2c=0xc0 reg=0x88 val=0x0
1778318215.740000 W  i2c=0xc0 reg=0x88 len=1 data=00
1778318215.741000 W1 i2c=0xc0 reg=0x87 val=0xc0
1778318215.741000 W  i2c=0xc0 reg=0x87 len=1 data=c0
1778318215.742000 R  i2c=0xc0 reg=0x69 len=1
1778318215.745000 R= ret=0 data=88
1778318215.745000 W1 i2c=0xdc reg=0x8 val=0x0
1778318215.745000 W  i2c=0xdc reg=0x8 len=1 data=00
1778318216.548000 W1 i2c=0x30 reg=0x0 val=0xf
1778318216.548000 W  i2c=0x30 reg=0x0 len=1 data=0f
1778318216.549000 R  i2c=0x30 reg=0x11 len=1
1778318216.553000 R= ret=0 data=00
1778318216.553000 W1 i2c=0x30 reg=0x0 val=0x9
1778318216.553000 W  i2c=0x30 reg=0x0 len=1 data=09
1778318216.554000 R  i2c=0x30 reg=0x62 len=1
1778318216.557000 R= ret=0 data=51
1778318216.557000 W1 i2c=0x30 reg=0x0 val=0xd
1778318216.557000 W  i2c=0x30 reg=0x0 len=1 data=0d
1778318216.558000 R  i2c=0x30 reg=0x86 len=1
1778318216.562000 R= ret=0 data=00
1778318216.562000 W1 i2c=0x30 reg=0x0 val=0xd
1778318216.562000 W  i2c=0x30 reg=0x0 len=1 data=0d
1778318216.563000 R  i2c=0x30 reg=0x86 len=1
1778318216.566000 R= ret=0 data=00
1778318216.566000 W1 i2c=0x30 reg=0x0 val=0xd
1778318216.566000 W  i2c=0x30 reg=0x0 len=1 data=0d
1778318216.567000 R  i2c=0x30 reg=0x86 len=1
1778318216.571000 R= ret=0 data=00
1778318216.571000 W1 i2c=0xdc reg=0x8 val=0x1
1778318216.571000 W  i2c=0xdc reg=0x8 len=1 data=01
1778318216.572000 W  i2c=0xc0 reg=0x87 len=2 data=c4 41
1778318216.573000 W  i2c=0xc0 reg=0x59 len=2 data=05 01
1778318216.574000 R  i2c=0xc0 reg=0x5b len=1
1778318216.578000 R= ret=0 data=2f
1778318216.578000 W  i2c=0xc0 reg=0x59 len=2 data=03 01
1778318216.580000 R  i2c=0xc0 reg=0x5b len=1
1778318216.584000 R= ret=0 data=08
1778318216.584000 W1 i2c=0xc0 reg=0x59 val=0x4
1778318216.584000 W  i2c=0xc0 reg=0x59 len=1 data=04
1778318216.586000 W1 i2c=0xc0 reg=0x88 val=0x0
1778318216.586000 W  i2c=0xc0 reg=0x88 len=1 data=00
1778318216.587000 W1 i2c=0xc0 reg=0x87 val=0xc0
1778318216.587000 W  i2c=0xc0 reg=0x87 len=1 data=c0
1778318216.592000 R  i2c=0xc0 reg=0x69 len=1
1778318216.654000 R= ret=0 data=88
1778318216.654000 W1 i2c=0xdc reg=0x8 val=0x0
1778318216.654000 W  i2c=0xdc reg=0x8 len=1 data=00
1778318217.458000 W1 i2c=0x30 reg=0x0 val=0xf
1778318217.458000 W  i2c=0x30 reg=0x0 len=1 data=0f
1778318217.460000 R  i2c=0x30 reg=0x11 len=1
1778318217.464000 R= ret=0 data=00
1778318217.464000 W1 i2c=0x30 reg=0x0 val=0x9
1778318217.464000 W  i2c=0x30 reg=0x0 len=1 data=09
1778318217.465000 R  i2c=0x30 reg=0x62 len=1
1778318217.468000 R= ret=0 data=51
1778318217.468000 W1 i2c=0x30 reg=0x0 val=0xd
1778318217.468000 W  i2c=0x30 reg=0x0 len=1 data=0d
1778318217.469000 R  i2c=0x30 reg=0x86 len=1
1778318217.473000 R= ret=0 data=00
1778318217.473000 W1 i2c=0x30 reg=0x0 val=0xd
1778318217.473000 W  i2c=0x30 reg=0x0 len=1 data=0d
1778318217.474000 R  i2c=0x30 reg=0x86 len=1
1778318217.477000 R= ret=0 data=00
1778318217.477000 W1 i2c=0x30 reg=0x0 val=0xd
1778318217.477000 W  i2c=0x30 reg=0x0 len=1 data=0d
1778318217.478000 R  i2c=0x30 reg=0x86 len=1
1778318217.482000 R= ret=0 data=00
1778318217.482000 W1 i2c=0xdc reg=0x8 val=0x1
1778318217.482000 W  i2c=0xdc reg=0x8 len=1 data=01
1778318217.483000 W  i2c=0xc0 reg=0x87 len=2 data=c4 41
1778318217.484000 W  i2c=0xc0 reg=0x59 len=2 data=05 01
1778318217.484000 R  i2c=0xc0 reg=0x5b len=1
1778318217.488000 R= ret=0 data=2e
1778318217.488000 W  i2c=0xc0 reg=0x59 len=2 data=03 01
1778318217.489000 R  i2c=0xc0 reg=0x5b len=1
1778318217.492000 R= ret=0 data=08
1778318217.492000 W1 i2c=0xc0 reg=0x59 val=0x4
1778318217.492000 W  i2c=0xc0 reg=0x59 len=1 data=04
1778318217.493000 W1 i2c=0xc0 reg=0x88 val=0x0
1778318217.493000 W  i2c=0xc0 reg=0x88 len=1 data=00
1778318217.494000 W1 i2c=0xc0 reg=0x87 val=0xc0
1778318217.494000 W  i2c=0xc0 reg=0x87 len=1 data=c0
1778318217.495000 R  i2c=0xc0 reg=0x69 len=1
1778318217.498000 R= ret=0 data=88
1778318217.498000 W1 i2c=0xdc reg=0x8 val=0x0
1778318217.498000 W  i2c=0xdc reg=0x8 len=1 data=00
1778318218.300000 W1 i2c=0x30 reg=0x0 val=0xf
1778318218.300000 W  i2c=0x30 reg=0x0 len=1 data=0f
1778318218.302000 R  i2c=0x30 reg=0x11 len=1
1778318218.305000 R= ret=0 data=00
1778318218.305000 W1 i2c=0x30 reg=0x0 val=0x9
1778318218.305000 W  i2c=0x30 reg=0x0 len=1 data=09
1778318218.306000 R  i2c=0x30 reg=0x62 len=1
1778318218.310000 R= ret=0 data=51
1778318218.310000 W1 i2c=0x30 reg=0x0 val=0xd
1778318218.310000 W  i2c=0x30 reg=0x0 len=1 data=0d
1778318218.311000 R  i2c=0x30 reg=0x86 len=1
1778318218.314000 R= ret=0 data=00
1778318218.314000 W1 i2c=0x30 reg=0x0 val=0xd
1778318218.314000 W  i2c=0x30 reg=0x0 len=1 data=0d
1778318218.315000 R  i2c=0x30 reg=0x86 len=1
1778318218.318000 R= ret=0 data=00
1778318218.318000 W1 i2c=0x30 reg=0x0 val=0xd
1778318218.318000 W  i2c=0x30 reg=0x0 len=1 data=0d
1778318218.319000 R  i2c=0x30 reg=0x86 len=1
1778318218.323000 R= ret=0 data=00
1778318218.323000 W1 i2c=0xdc reg=0x8 val=0x1
1778318218.323000 W  i2c=0xdc reg=0x8 len=1 data=01
1778318218.324000 W  i2c=0xc0 reg=0x87 len=2 data=c4 41
1778318218.325000 W  i2c=0xc0 reg=0x59 len=2 data=05 01
1778318218.326000 R  i2c=0xc0 reg=0x5b len=1
1778318218.329000 R= ret=0 data=2e
1778318218.329000 W  i2c=0xc0 reg=0x59 len=2 data=03 01
1778318218.330000 R  i2c=0xc0 reg=0x5b len=1
1778318218.334000 R= ret=0 data=08
1778318218.334000 W1 i2c=0xc0 reg=0x59 val=0x4
1778318218.334000 W  i2c=0xc0 reg=0x59 len=1 data=04
1778318218.335000 W1 i2c=0xc0 reg=0x88 val=0x0
1778318218.335000 W  i2c=0xc0 reg=0x88 len=1 data=00
1778318218.336000 W1 i2c=0xc0 reg=0x87 val=0xc0
1778318218.336000 W  i2c=0xc0 reg=0x87 len=1 data=c0
1778318218.336000 R  i2c=0xc0 reg=0x69 len=1
1778318218.340000 R= ret=0 data=88
1778318218.340000 W1 i2c=0xdc reg=0x8 val=0x0
1778318218.340000 W  i2c=0xdc reg=0x8 len=1 data=00
1778318219.144000 W1 i2c=0x30 reg=0x0 val=0xf
1778318219.144000 W  i2c=0x30 reg=0x0 len=1 data=0f
1778318219.146000 R  i2c=0x30 reg=0x11 len=1
1778318219.149000 R= ret=0 data=00
1778318219.149000 W1 i2c=0x30 reg=0x0 val=0x9
1778318219.149000 W  i2c=0x30 reg=0x0 len=1 data=09
1778318219.150000 R  i2c=0x30 reg=0x62 len=1
1778318219.154000 R= ret=0 data=51
1778318219.154000 W1 i2c=0x30 reg=0x0 val=0xd
1778318219.154000 W  i2c=0x30 reg=0x0 len=1 data=0d
1778318219.155000 R  i2c=0x30 reg=0x86 len=1
1778318219.158000 R= ret=0 data=00
1778318219.158000 W1 i2c=0x30 reg=0x0 val=0xd
1778318219.158000 W  i2c=0x30 reg=0x0 len=1 data=0d
1778318219.159000 R  i2c=0x30 reg=0x86 len=1
1778318219.163000 R= ret=0 data=00
1778318219.163000 W1 i2c=0x30 reg=0x0 val=0xd
1778318219.163000 W  i2c=0x30 reg=0x0 len=1 data=0d
1778318219.164000 R  i2c=0x30 reg=0x86 len=1
1778318219.167000 R= ret=0 data=00
1778318219.167000 W1 i2c=0xdc reg=0x8 val=0x1
1778318219.167000 W  i2c=0xdc reg=0x8 len=1 data=01
1778318219.168000 W  i2c=0xc0 reg=0x87 len=2 data=c4 41
1778318219.169000 W  i2c=0xc0 reg=0x59 len=2 data=05 01
1778318219.170000 R  i2c=0xc0 reg=0x5b len=1
1778318219.173000 R= ret=0 data=2f
1778318219.173000 W  i2c=0xc0 reg=0x59 len=2 data=03 01
1778318219.174000 R  i2c=0xc0 reg=0x5b len=1
1778318219.177000 R= ret=0 data=08
1778318219.177000 W1 i2c=0xc0 reg=0x59 val=0x4
1778318219.177000 W  i2c=0xc0 reg=0x59 len=1 data=04
1778318219.178000 W1 i2c=0xc0 reg=0x88 val=0x0
1778318219.178000 W  i2c=0xc0 reg=0x88 len=1 data=00
1778318219.180000 W1 i2c=0xc0 reg=0x87 val=0xc0
1778318219.180000 W  i2c=0xc0 reg=0x87 len=1 data=c0
1778318219.181000 R  i2c=0xc0 reg=0x69 len=1
1778318219.184000 R= ret=0 data=88
1778318219.184000 W1 i2c=0xdc reg=0x8 val=0x0
1778318219.184000 W  i2c=0xdc reg=0x8 len=1 data=00
1778318219.987000 W1 i2c=0x30 reg=0x0 val=0xf
1778318219.987000 W  i2c=0x30 reg=0x0 len=1 data=0f
1778318219.989000 R  i2c=0x30 reg=0x11 len=1
1778318219.992000 R= ret=0 data=00
1778318219.992000 W1 i2c=0x30 reg=0x0 val=0x9
1778318219.992000 W  i2c=0x30 reg=0x0 len=1 data=09
1778318219.994000 R  i2c=0x30 reg=0x62 len=1
1778318219.997000 R= ret=0 data=51
1778318219.997000 W1 i2c=0x30 reg=0x0 val=0xd
1778318219.997000 W  i2c=0x30 reg=0x0 len=1 data=0d
1778318219.998000 R  i2c=0x30 reg=0x86 len=1
1778318220.002000 R= ret=0 data=00
1778318220.002000 W1 i2c=0x30 reg=0x0 val=0xd
1778318220.002000 W  i2c=0x30 reg=0x0 len=1 data=0d
1778318220.003000 R  i2c=0x30 reg=0x86 len=1
1778318220.009000 R= ret=0 data=00
1778318220.009000 W1 i2c=0x30 reg=0x0 val=0xd
1778318220.009000 W  i2c=0x30 reg=0x0 len=1 data=0d
1778318220.010000 R  i2c=0x30 reg=0x86 len=1
1778318220.013000 R= ret=0 data=00
1778318220.013000 W1 i2c=0xdc reg=0x8 val=0x1
1778318220.013000 W  i2c=0xdc reg=0x8 len=1 data=01
1778318220.014000 W  i2c=0xc0 reg=0x87 len=2 data=c4 41
1778318220.015000 W  i2c=0xc0 reg=0x59 len=2 data=05 01
1778318220.017000 R  i2c=0xc0 reg=0x5b len=1
1778318220.020000 R= ret=0 data=2e
1778318220.020000 W  i2c=0xc0 reg=0x59 len=2 data=03 01
1778318220.021000 R  i2c=0xc0 reg=0x5b len=1
1778318220.024000 R= ret=0 data=08
1778318220.024000 W1 i2c=0xc0 reg=0x59 val=0x4
1778318220.024000 W  i2c=0xc0 reg=0x59 len=1 data=04
1778318220.025000 W1 i2c=0xc0 reg=0x88 val=0x0
1778318220.025000 W  i2c=0xc0 reg=0x88 len=1 data=00
1778318220.026000 W1 i2c=0xc0 reg=0x87 val=0xc0
1778318220.026000 W  i2c=0xc0 reg=0x87 len=1 data=c0
1778318220.027000 R  i2c=0xc0 reg=0x69 len=1
1778318220.032000 R= ret=0 data=88
1778318220.032000 W1 i2c=0xdc reg=0x8 val=0x0
1778318220.032000 W  i2c=0xdc reg=0x8 len=1 data=00
1778318220.834000 W1 i2c=0x30 reg=0x0 val=0xf
1778318220.834000 W  i2c=0x30 reg=0x0 len=1 data=0f
1778318220.835000 R  i2c=0x30 reg=0x11 len=1
1778318220.839000 R= ret=0 data=00
1778318220.839000 W1 i2c=0x30 reg=0x0 val=0x9
1778318220.839000 W  i2c=0x30 reg=0x0 len=1 data=09
1778318220.840000 R  i2c=0x30 reg=0x62 len=1
1778318220.844000 R= ret=0 data=51
1778318220.844000 W1 i2c=0x30 reg=0x0 val=0xd
1778318220.844000 W  i2c=0x30 reg=0x0 len=1 data=0d
1778318220.845000 R  i2c=0x30 reg=0x86 len=1
1778318220.849000 R= ret=0 data=00
1778318220.849000 W1 i2c=0x30 reg=0x0 val=0xd
1778318220.849000 W  i2c=0x30 reg=0x0 len=1 data=0d
1778318220.850000 R  i2c=0x30 reg=0x86 len=1
1778318220.854000 R= ret=0 data=00
1778318220.854000 W1 i2c=0x30 reg=0x0 val=0xd
1778318220.854000 W  i2c=0x30 reg=0x0 len=1 data=0d
1778318220.855000 R  i2c=0x30 reg=0x86 len=1
1778318220.858000 R= ret=0 data=00
1778318220.858000 W1 i2c=0xdc reg=0x8 val=0x1
1778318220.858000 W  i2c=0xdc reg=0x8 len=1 data=01
1778318220.859000 W  i2c=0xc0 reg=0x87 len=2 data=c4 41
1778318220.860000 W  i2c=0xc0 reg=0x59 len=2 data=05 01
1778318220.861000 R  i2c=0xc0 reg=0x5b len=1
1778318220.864000 R= ret=0 data=2f
1778318220.864000 W  i2c=0xc0 reg=0x59 len=2 data=03 01
1778318220.865000 R  i2c=0xc0 reg=0x5b len=1
1778318220.869000 R= ret=0 data=08
1778318220.869000 W1 i2c=0xc0 reg=0x59 val=0x4
1778318220.869000 W  i2c=0xc0 reg=0x59 len=1 data=04
1778318220.870000 W1 i2c=0xc0 reg=0x88 val=0x0
1778318220.870000 W  i2c=0xc0 reg=0x88 len=1 data=00
1778318220.870000 W1 i2c=0xc0 reg=0x87 val=0xc0
1778318220.870000 W  i2c=0xc0 reg=0x87 len=1 data=c0
1778318220.871000 R  i2c=0xc0 reg=0x69 len=1
1778318220.875000 R= ret=0 data=88
1778318220.875000 W1 i2c=0xdc reg=0x8 val=0x0
1778318220.875000 W  i2c=0xdc reg=0x8 len=1 data=00
1778318221.589000 nativeTune -> 527000
1778318221.589000 DRV_acquire: oldStd=0x5 freq=527000 -> ATSC 1.0
1778318221.589000 >>> sony_cxd6801_integ_atsc_Tune
1778318221.589000 >>> sony_cxd6801_demod_atsc_Tune
1778318221.589000 >>> sony_cxd6801_demod_SetStreamOutput
1778318221.589000 W1 i2c=0xd8 reg=0x0 val=0x0
1778318221.589000 W  i2c=0xd8 reg=0x0 len=1 data=00
1778318221.590000 R  i2c=0xd8 reg=0xa9 len=1
1778318221.593000 R= ret=0 data=00
1778318221.593000 W1 i2c=0xd8 reg=0x0 val=0x0
1778318221.593000 W  i2c=0xd8 reg=0x0 len=1 data=00
1778318221.594000 W1 i2c=0xd8 reg=0xc3 val=0x1
1778318221.594000 W  i2c=0xd8 reg=0xc3 len=1 data=01
1778318221.595000 <<< sony_cxd6801_demod_SetStreamOutput ret=0
1778318221.595000 <<< sony_cxd6801_demod_atsc_Tune ret=0
1778318221.595000 W1 i2c=0xdc reg=0x8 val=0x1
1778318221.595000 W  i2c=0xdc reg=0x8 len=1 data=01
1778318221.596000 B  i2c=0xc0 reg=0x74 val=0x2 mask=0x3
1778318221.596000 R  i2c=0xc0 reg=0x74 len=1
1778318221.599000 R= ret=0 data=11
1778318221.599000 W1 i2c=0xc0 reg=0x74 val=0x12
1778318221.599000 W  i2c=0xc0 reg=0x74 len=1 data=12
1778318221.600000 W  i2c=0xc0 reg=0x87 len=2 data=c4 40
1778318221.601000 W  i2c=0xc0 reg=0x91 len=2 data=10 20
1778318221.602000 W  i2c=0xc0 reg=0x9c len=2 data=00 00
1778318221.603000 W  i2c=0xc0 reg=0x5e len=9 data=ee 02 1e 67 03 b4 78 08
1778318221.605000 B  i2c=0xc0 reg=0x67 val=0x0 mask=0x6
1778318221.605000 R  i2c=0xc0 reg=0x67 len=1
1778318221.608000 R= ret=0 data=00
1778318221.608000 W1 i2c=0xc0 reg=0x67 val=0x0
1778318221.608000 W  i2c=0xc0 reg=0x67 len=1 data=00
1778318221.609000 W  i2c=0xc0 reg=0x68 len=17 data=00 88 00 0b 23 00 1a 1d
1778318221.661000 W1 i2c=0xc0 reg=0x88 val=0x0
1778318221.661000 W  i2c=0xc0 reg=0x88 len=1 data=00
1778318221.662000 W1 i2c=0xc0 reg=0x87 val=0xc0
1778318221.662000 W  i2c=0xc0 reg=0x87 len=1 data=c0
1778318221.663000 W1 i2c=0xdc reg=0x8 val=0x0
1778318221.663000 W  i2c=0xdc reg=0x8 len=1 data=00
1778318221.664000 W1 i2c=0x98 reg=0x0 val=0x1
1778318221.664000 W  i2c=0x98 reg=0x0 len=1 data=01
1778318221.665000 W1 i2c=0x98 reg=0x48 val=0x1
1778318221.665000 W  i2c=0x98 reg=0x48 len=1 data=01
1778318221.666000 W  i2c=0x98 reg=0xa len=6 data=b3 10 00 00 00 00
1778318221.667000 R  i2c=0x98 reg=0xa len=6
1778318221.671000 R= ret=0 data=30 00 00 00 00 b3
1778318221.671000 >>> sony_cxd6801_demod_SetStreamOutput
1778318221.671000 W1 i2c=0xd8 reg=0x0 val=0x0
1778318221.671000 W  i2c=0xd8 reg=0x0 len=1 data=00
1778318221.672000 R  i2c=0xd8 reg=0xa9 len=1
1778318221.675000 R= ret=0 data=00
1778318221.675000 W1 i2c=0xd8 reg=0x0 val=0x0
1778318221.675000 W  i2c=0xd8 reg=0x0 len=1 data=00
1778318221.676000 W1 i2c=0xd8 reg=0xc3 val=0x0
1778318221.676000 W  i2c=0xd8 reg=0xc3 len=1 data=00
1778318221.677000 W1 i2c=0x30 reg=0x0 val=0xf
1778318221.677000 W  i2c=0x30 reg=0x0 len=1 data=0f
1778318221.677000 <<< sony_cxd6801_demod_SetStreamOutput ret=0
1778318221.677000 W1 i2c=0x30 reg=0x0 val=0xf
1778318221.677000 W  i2c=0x30 reg=0x0 len=1 data=0f
1778318221.678000 R  i2c=0x30 reg=0x11 len=1
1778318221.679000 R  i2c=0x30 reg=0x11 len=1
1778318221.682000 R= ret=0 data=00
1778318221.682000 W1 i2c=0x30 reg=0x0 val=0x9
1778318221.682000 W  i2c=0x30 reg=0x0 len=1 data=09
1778318221.686000 R= ret=0 data=00
1778318221.686000 W1 i2c=0x30 reg=0x0 val=0x9
1778318221.686000 W  i2c=0x30 reg=0x0 len=1 data=09
1778318221.687000 R  i2c=0x30 reg=0x62 len=1
1778318221.690000 R= ret=0 data=51
1778318221.690000 W1 i2c=0x30 reg=0x0 val=0xd
1778318221.690000 W  i2c=0x30 reg=0x0 len=1 data=0d
1778318221.691000 R  i2c=0x30 reg=0x62 len=1
1778318221.692000 R  i2c=0x30 reg=0x86 len=1
1778318221.695000 R= ret=0 data=00
1778318221.698000 R= ret=0 data=00
1778318221.698000 W1 i2c=0x30 reg=0x0 val=0xd
1778318221.698000 W  i2c=0x30 reg=0x0 len=1 data=0d
1778318221.699000 R  i2c=0x30 reg=0x86 len=1
1778318221.702000 R= ret=0 data=00
1778318221.702000 W1 i2c=0x30 reg=0x0 val=0xd
1778318221.702000 W  i2c=0x30 reg=0x0 len=1 data=0d
1778318221.703000 R  i2c=0x30 reg=0x86 len=1
1778318221.705000 W1 i2c=0x30 reg=0x0 val=0xf
1778318221.705000 W  i2c=0x30 reg=0x0 len=1 data=0f
1778318221.707000 R= ret=0 data=00
1778318221.707000 W1 i2c=0x30 reg=0x0 val=0xd
1778318221.707000 W  i2c=0x30 reg=0x0 len=1 data=0d
1778318221.707000 R  i2c=0x30 reg=0x11 len=1
1778318221.711000 R= ret=0 data=00
1778318221.711000 W1 i2c=0x30 reg=0x0 val=0x9
1778318221.711000 W  i2c=0x30 reg=0x0 len=1 data=09
1778318221.712000 R  i2c=0x30 reg=0x86 len=1
1778318221.713000 R  i2c=0x30 reg=0x62 len=1
1778318221.716000 R= ret=0 data=00
1778318221.716000 W1 i2c=0xdc reg=0x8 val=0x1
1778318221.716000 W  i2c=0xdc reg=0x8 len=1 data=01
1778318221.719000 R= ret=0 data=51
1778318221.719000 W1 i2c=0x30 reg=0x0 val=0xd
1778318221.719000 W  i2c=0x30 reg=0x0 len=1 data=0d
1778318221.720000 W  i2c=0xc0 reg=0x87 len=2 data=c4 41
1778318221.721000 R  i2c=0x30 reg=0x86 len=1
1778318221.722000 W  i2c=0xc0 reg=0x59 len=2 data=05 01
1778318221.726000 R= ret=0 data=00
1778318221.726000 R  i2c=0xc0 reg=0x5b len=1
1778318221.730000 R= ret=0 data=2b
1778318221.730000 W  i2c=0xc0 reg=0x59 len=2 data=03 01
1778318221.731000 R  i2c=0xc0 reg=0x5b len=1
1778318221.734000 R= ret=0 data=08
1778318221.734000 W1 i2c=0xc0 reg=0x59 val=0x4
1778318221.734000 W  i2c=0xc0 reg=0x59 len=1 data=04
1778318221.735000 W1 i2c=0xc0 reg=0x88 val=0x0
1778318221.735000 W  i2c=0xc0 reg=0x88 len=1 data=00
1778318221.736000 W1 i2c=0x30 reg=0x0 val=0xf
1778318221.736000 W  i2c=0x30 reg=0x0 len=1 data=0f
1778318221.736000 W1 i2c=0xc0 reg=0x87 val=0xc0
1778318221.736000 W  i2c=0xc0 reg=0x87 len=1 data=c0
1778318221.737000 R  i2c=0x30 reg=0x11 len=1
1778318221.738000 R  i2c=0xc0 reg=0x69 len=1
1778318221.741000 R= ret=0 data=00
1778318221.741000 W1 i2c=0x30 reg=0x0 val=0x9
1778318221.741000 W  i2c=0x30 reg=0x0 len=1 data=09
1778318221.744000 R= ret=0 data=88
1778318221.744000 W1 i2c=0xdc reg=0x8 val=0x0
1778318221.744000 W  i2c=0xdc reg=0x8 len=1 data=00
1778318221.745000 R  i2c=0x30 reg=0x62 len=1
1778318221.749000 R= ret=0 data=51
1778318221.749000 W1 i2c=0x30 reg=0x0 val=0xd
1778318221.749000 W  i2c=0x30 reg=0x0 len=1 data=0d
1778318221.750000 R  i2c=0x30 reg=0x86 len=1
1778318221.753000 R= ret=0 data=00
1778318221.765000 W1 i2c=0x30 reg=0x0 val=0xf
1778318221.765000 W  i2c=0x30 reg=0x0 len=1 data=0f
1778318221.766000 R  i2c=0x30 reg=0x11 len=1
1778318221.769000 R= ret=0 data=00
1778318221.769000 W1 i2c=0x30 reg=0x0 val=0x9
1778318221.769000 W  i2c=0x30 reg=0x0 len=1 data=09
1778318221.770000 R  i2c=0x30 reg=0x62 len=1
1778318221.773000 R= ret=0 data=51
1778318221.773000 W1 i2c=0x30 reg=0x0 val=0xd
1778318221.773000 W  i2c=0x30 reg=0x0 len=1 data=0d
1778318221.774000 R  i2c=0x30 reg=0x86 len=1
1778318221.778000 R= ret=0 data=00
1778318221.788000 W1 i2c=0x30 reg=0x0 val=0xf
1778318221.788000 W  i2c=0x30 reg=0x0 len=1 data=0f
1778318221.789000 R  i2c=0x30 reg=0x11 len=1
1778318221.792000 R= ret=0 data=00
1778318221.792000 W1 i2c=0x30 reg=0x0 val=0x9
1778318221.792000 W  i2c=0x30 reg=0x0 len=1 data=09
1778318221.793000 R  i2c=0x30 reg=0x62 len=1
1778318221.797000 R= ret=0 data=51
1778318221.797000 W1 i2c=0x30 reg=0x0 val=0xd
1778318221.797000 W  i2c=0x30 reg=0x0 len=1 data=0d
1778318221.797000 R  i2c=0x30 reg=0x86 len=1
1778318221.801000 R= ret=0 data=00
1778318221.811000 W1 i2c=0x30 reg=0x0 val=0xf
1778318221.811000 W  i2c=0x30 reg=0x0 len=1 data=0f
1778318221.812000 R  i2c=0x30 reg=0x11 len=1
1778318221.816000 R= ret=0 data=00
1778318221.816000 W1 i2c=0x30 reg=0x0 val=0x9
1778318221.816000 W  i2c=0x30 reg=0x0 len=1 data=09
1778318221.817000 R  i2c=0x30 reg=0x62 len=1
1778318221.820000 R= ret=0 data=51
1778318221.820000 W1 i2c=0x30 reg=0x0 val=0xd
1778318221.820000 W  i2c=0x30 reg=0x0 len=1 data=0d
1778318221.821000 R  i2c=0x30 reg=0x86 len=1
1778318221.824000 R= ret=0 data=00
1778318221.836000 W1 i2c=0x30 reg=0x0 val=0xf
1778318221.836000 W  i2c=0x30 reg=0x0 len=1 data=0f
1778318221.837000 R  i2c=0x30 reg=0x11 len=1
1778318221.840000 R= ret=0 data=00
1778318221.840000 W1 i2c=0x30 reg=0x0 val=0x9
1778318221.840000 W  i2c=0x30 reg=0x0 len=1 data=09
1778318221.841000 R  i2c=0x30 reg=0x62 len=1
1778318221.849000 R= ret=0 data=51
1778318221.849000 W1 i2c=0x30 reg=0x0 val=0xd
1778318221.849000 W  i2c=0x30 reg=0x0 len=1 data=0d
1778318221.850000 R  i2c=0x30 reg=0x86 len=1
1778318221.854000 R= ret=0 data=00
1778318221.865000 W1 i2c=0x30 reg=0x0 val=0xf
1778318221.865000 W  i2c=0x30 reg=0x0 len=1 data=0f
1778318221.866000 R  i2c=0x30 reg=0x11 len=1
1778318221.869000 R= ret=0 data=00
1778318221.869000 W1 i2c=0x30 reg=0x0 val=0x9
1778318221.869000 W  i2c=0x30 reg=0x0 len=1 data=09
1778318221.870000 R  i2c=0x30 reg=0x62 len=1
1778318221.874000 R= ret=0 data=51
1778318221.874000 W1 i2c=0x30 reg=0x0 val=0xd
1778318221.874000 W  i2c=0x30 reg=0x0 len=1 data=0d
1778318221.874000 R  i2c=0x30 reg=0x86 len=1
1778318221.878000 R= ret=0 data=00
1778318221.890000 W1 i2c=0x30 reg=0x0 val=0xf
1778318221.890000 W  i2c=0x30 reg=0x0 len=1 data=0f
1778318221.891000 R  i2c=0x30 reg=0x11 len=1
1778318221.895000 R= ret=0 data=00
1778318221.895000 W1 i2c=0x30 reg=0x0 val=0x9
1778318221.895000 W  i2c=0x30 reg=0x0 len=1 data=09
1778318221.896000 R  i2c=0x30 reg=0x62 len=1
1778318221.900000 R= ret=0 data=51
1778318221.900000 W1 i2c=0x30 reg=0x0 val=0xd
1778318221.900000 W  i2c=0x30 reg=0x0 len=1 data=0d
1778318221.901000 R  i2c=0x30 reg=0x86 len=1
1778318221.908000 R= ret=0 data=00
1778318221.919000 W1 i2c=0x30 reg=0x0 val=0xf
1778318221.919000 W  i2c=0x30 reg=0x0 len=1 data=0f
1778318221.921000 R  i2c=0x30 reg=0x11 len=1
1778318221.925000 R= ret=0 data=00
1778318221.925000 W1 i2c=0x30 reg=0x0 val=0x9
1778318221.925000 W  i2c=0x30 reg=0x0 len=1 data=09
1778318221.926000 R  i2c=0x30 reg=0x62 len=1
1778318221.930000 R= ret=0 data=51
1778318221.930000 W1 i2c=0x30 reg=0x0 val=0xd
1778318221.930000 W  i2c=0x30 reg=0x0 len=1 data=0d
1778318221.931000 R  i2c=0x30 reg=0x86 len=1
1778318221.934000 R= ret=0 data=00
1778318221.945000 W1 i2c=0x30 reg=0x0 val=0xf
1778318221.945000 W  i2c=0x30 reg=0x0 len=1 data=0f
1778318221.946000 R  i2c=0x30 reg=0x11 len=1
1778318221.950000 R= ret=0 data=00
1778318221.950000 W1 i2c=0x30 reg=0x0 val=0x9
1778318221.950000 W  i2c=0x30 reg=0x0 len=1 data=09
1778318221.951000 R  i2c=0x30 reg=0x62 len=1
1778318221.955000 R= ret=0 data=51
1778318221.955000 W1 i2c=0x30 reg=0x0 val=0xd
1778318221.955000 W  i2c=0x30 reg=0x0 len=1 data=0d
1778318221.956000 R  i2c=0x30 reg=0x86 len=1
1778318221.959000 R= ret=0 data=00
1778318221.970000 W1 i2c=0x30 reg=0x0 val=0xf
1778318221.970000 W  i2c=0x30 reg=0x0 len=1 data=0f
1778318221.971000 R  i2c=0x30 reg=0x11 len=1
1778318221.977000 R= ret=0 data=00
1778318221.977000 W1 i2c=0x30 reg=0x0 val=0x9
1778318221.977000 W  i2c=0x30 reg=0x0 len=1 data=09
1778318221.978000 R  i2c=0x30 reg=0x62 len=1
1778318221.981000 R= ret=0 data=51
1778318221.981000 W1 i2c=0x30 reg=0x0 val=0xd
1778318221.981000 W  i2c=0x30 reg=0x0 len=1 data=0d
1778318221.982000 R  i2c=0x30 reg=0x86 len=1
1778318221.985000 R= ret=0 data=00
1778318221.996000 W1 i2c=0x30 reg=0x0 val=0xf
1778318221.996000 W  i2c=0x30 reg=0x0 len=1 data=0f
1778318221.997000 R  i2c=0x30 reg=0x11 len=1
1778318222.000000 R= ret=0 data=00
1778318222.000000 W1 i2c=0x30 reg=0x0 val=0x9
1778318222.000000 W  i2c=0x30 reg=0x0 len=1 data=09
1778318222.001000 R  i2c=0x30 reg=0x62 len=1
1778318222.004000 R= ret=0 data=51
1778318222.004000 W1 i2c=0x30 reg=0x0 val=0xd
1778318222.004000 W  i2c=0x30 reg=0x0 len=1 data=0d
1778318222.005000 R  i2c=0x30 reg=0x86 len=1
1778318222.009000 R= ret=0 data=00
1778318222.019000 W1 i2c=0x30 reg=0x0 val=0xf
1778318222.019000 W  i2c=0x30 reg=0x0 len=1 data=0f
1778318222.020000 R  i2c=0x30 reg=0x11 len=1
1778318222.023000 R= ret=0 data=00
1778318222.023000 W1 i2c=0x30 reg=0x0 val=0x9
1778318222.023000 W  i2c=0x30 reg=0x0 len=1 data=09
1778318222.024000 R  i2c=0x30 reg=0x62 len=1
1778318222.028000 R= ret=0 data=51
1778318222.028000 W1 i2c=0x30 reg=0x0 val=0xd
1778318222.028000 W  i2c=0x30 reg=0x0 len=1 data=0d
1778318222.029000 R  i2c=0x30 reg=0x86 len=1
1778318222.033000 R= ret=0 data=00
1778318222.043000 W1 i2c=0x30 reg=0x0 val=0xf
1778318222.043000 W  i2c=0x30 reg=0x0 len=1 data=0f
1778318222.044000 R  i2c=0x30 reg=0x11 len=1
1778318222.048000 R= ret=0 data=00
1778318222.048000 W1 i2c=0x30 reg=0x0 val=0x9
1778318222.048000 W  i2c=0x30 reg=0x0 len=1 data=09
1778318222.049000 R  i2c=0x30 reg=0x62 len=1
1778318222.052000 R= ret=0 data=51
1778318222.052000 W1 i2c=0x30 reg=0x0 val=0xd
1778318222.052000 W  i2c=0x30 reg=0x0 len=1 data=0d
1778318222.053000 R  i2c=0x30 reg=0x86 len=1
1778318222.057000 R= ret=0 data=00
1778318222.067000 W1 i2c=0x30 reg=0x0 val=0xf
1778318222.067000 W  i2c=0x30 reg=0x0 len=1 data=0f
1778318222.068000 R  i2c=0x30 reg=0x11 len=1
1778318222.071000 R= ret=0 data=00
1778318222.071000 W1 i2c=0x30 reg=0x0 val=0x9
1778318222.071000 W  i2c=0x30 reg=0x0 len=1 data=09
1778318222.072000 R  i2c=0x30 reg=0x62 len=1
1778318222.075000 R= ret=0 data=51
1778318222.075000 W1 i2c=0x30 reg=0x0 val=0xd
1778318222.075000 W  i2c=0x30 reg=0x0 len=1 data=0d
1778318222.076000 R  i2c=0x30 reg=0x86 len=1
1778318222.080000 R= ret=0 data=00
1778318222.091000 W1 i2c=0x30 reg=0x0 val=0xf
1778318222.091000 W  i2c=0x30 reg=0x0 len=1 data=0f
1778318222.092000 R  i2c=0x30 reg=0x11 len=1
1778318222.095000 R= ret=0 data=00
1778318222.095000 W1 i2c=0x30 reg=0x0 val=0x9
1778318222.095000 W  i2c=0x30 reg=0x0 len=1 data=09
1778318222.096000 R  i2c=0x30 reg=0x62 len=1
1778318222.099000 R= ret=0 data=51
1778318222.099000 W1 i2c=0x30 reg=0x0 val=0xd
1778318222.099000 W  i2c=0x30 reg=0x0 len=1 data=0d
1778318222.100000 R  i2c=0x30 reg=0x86 len=1
1778318222.104000 R= ret=0 data=00
1778318222.115000 W1 i2c=0x30 reg=0x0 val=0xf
1778318222.115000 W  i2c=0x30 reg=0x0 len=1 data=0f
1778318222.116000 R  i2c=0x30 reg=0x11 len=1
1778318222.119000 R= ret=0 data=00
1778318222.119000 W1 i2c=0x30 reg=0x0 val=0x9
1778318222.119000 W  i2c=0x30 reg=0x0 len=1 data=09
1778318222.120000 R  i2c=0x30 reg=0x62 len=1
1778318222.124000 R= ret=0 data=51
1778318222.124000 W1 i2c=0x30 reg=0x0 val=0xd
1778318222.124000 W  i2c=0x30 reg=0x0 len=1 data=0d
1778318222.125000 R  i2c=0x30 reg=0x86 len=1
1778318222.128000 R= ret=0 data=00
1778318222.138000 W1 i2c=0x30 reg=0x0 val=0xf
1778318222.138000 W  i2c=0x30 reg=0x0 len=1 data=0f
1778318222.139000 R  i2c=0x30 reg=0x11 len=1
1778318222.143000 R= ret=0 data=00
1778318222.143000 W1 i2c=0x30 reg=0x0 val=0x9
1778318222.143000 W  i2c=0x30 reg=0x0 len=1 data=09
1778318222.144000 R  i2c=0x30 reg=0x62 len=1
1778318222.148000 R= ret=0 data=51
1778318222.148000 W1 i2c=0x30 reg=0x0 val=0xd
1778318222.148000 W  i2c=0x30 reg=0x0 len=1 data=0d
1778318222.149000 R  i2c=0x30 reg=0x86 len=1
1778318222.152000 R= ret=0 data=00
1778318222.162000 W1 i2c=0x30 reg=0x0 val=0xf
1778318222.162000 W  i2c=0x30 reg=0x0 len=1 data=0f
1778318222.163000 R  i2c=0x30 reg=0x11 len=1
1778318222.167000 R= ret=0 data=00
1778318222.167000 W1 i2c=0x30 reg=0x0 val=0x9
1778318222.167000 W  i2c=0x30 reg=0x0 len=1 data=09
1778318222.168000 R  i2c=0x30 reg=0x62 len=1
1778318222.171000 R= ret=0 data=51
1778318222.171000 W1 i2c=0x30 reg=0x0 val=0xd
1778318222.171000 W  i2c=0x30 reg=0x0 len=1 data=0d
1778318222.172000 R  i2c=0x30 reg=0x86 len=1
1778318222.176000 R= ret=0 data=00
1778318222.187000 W1 i2c=0x30 reg=0x0 val=0xf
1778318222.187000 W  i2c=0x30 reg=0x0 len=1 data=0f
1778318222.188000 R  i2c=0x30 reg=0x11 len=1
1778318222.191000 R= ret=0 data=00
1778318222.191000 W1 i2c=0x30 reg=0x0 val=0x9
1778318222.191000 W  i2c=0x30 reg=0x0 len=1 data=09
1778318222.192000 R  i2c=0x30 reg=0x62 len=1
1778318222.196000 R= ret=0 data=51
1778318222.196000 W1 i2c=0x30 reg=0x0 val=0xd
1778318222.196000 W  i2c=0x30 reg=0x0 len=1 data=0d
1778318222.197000 R  i2c=0x30 reg=0x86 len=1
1778318222.200000 R= ret=0 data=00
1778318222.211000 W1 i2c=0x30 reg=0x0 val=0xf
1778318222.211000 W  i2c=0x30 reg=0x0 len=1 data=0f
1778318222.212000 R  i2c=0x30 reg=0x11 len=1
1778318222.216000 R= ret=0 data=00
1778318222.216000 W1 i2c=0x30 reg=0x0 val=0x9
1778318222.216000 W  i2c=0x30 reg=0x0 len=1 data=09
1778318222.217000 R  i2c=0x30 reg=0x62 len=1
1778318222.221000 R= ret=0 data=51
1778318222.221000 W1 i2c=0x30 reg=0x0 val=0xd
1778318222.221000 W  i2c=0x30 reg=0x0 len=1 data=0d
1778318222.221000 R  i2c=0x30 reg=0x86 len=1
1778318222.225000 R= ret=0 data=00
1778318222.235000 W1 i2c=0x30 reg=0x0 val=0xf
1778318222.235000 W  i2c=0x30 reg=0x0 len=1 data=0f
1778318222.236000 R  i2c=0x30 reg=0x11 len=1
1778318222.240000 R= ret=0 data=00
1778318222.240000 W1 i2c=0x30 reg=0x0 val=0x9
1778318222.240000 W  i2c=0x30 reg=0x0 len=1 data=09
1778318222.240000 R  i2c=0x30 reg=0x62 len=1
1778318222.244000 R= ret=0 data=51
1778318222.245000 W1 i2c=0x30 reg=0x0 val=0xd
1778318222.245000 W  i2c=0x30 reg=0x0 len=1 data=0d
1778318222.246000 R  i2c=0x30 reg=0x86 len=1
1778318222.249000 R= ret=0 data=00
1778318222.260000 W1 i2c=0x30 reg=0x0 val=0xf
1778318222.260000 W  i2c=0x30 reg=0x0 len=1 data=0f
1778318222.261000 R  i2c=0x30 reg=0x11 len=1
1778318222.264000 R= ret=0 data=00
1778318222.264000 W1 i2c=0x30 reg=0x0 val=0x9
1778318222.264000 W  i2c=0x30 reg=0x0 len=1 data=09
1778318222.265000 R  i2c=0x30 reg=0x62 len=1
1778318222.269000 R= ret=0 data=51
1778318222.269000 W1 i2c=0x30 reg=0x0 val=0xd
1778318222.269000 W  i2c=0x30 reg=0x0 len=1 data=0d
1778318222.270000 R  i2c=0x30 reg=0x86 len=1
1778318222.274000 R= ret=0 data=00
1778318222.285000 W1 i2c=0x30 reg=0x0 val=0xf
1778318222.285000 W  i2c=0x30 reg=0x0 len=1 data=0f
1778318222.286000 R  i2c=0x30 reg=0x11 len=1
1778318222.289000 R= ret=0 data=00
1778318222.289000 W1 i2c=0x30 reg=0x0 val=0x9
1778318222.289000 W  i2c=0x30 reg=0x0 len=1 data=09
1778318222.290000 R  i2c=0x30 reg=0x62 len=1
1778318222.294000 R= ret=0 data=51
1778318222.294000 W1 i2c=0x30 reg=0x0 val=0xd
1778318222.294000 W  i2c=0x30 reg=0x0 len=1 data=0d
1778318222.295000 R  i2c=0x30 reg=0x86 len=1
1778318222.298000 R= ret=0 data=00
1778318222.308000 W1 i2c=0x30 reg=0x0 val=0xf
1778318222.308000 W  i2c=0x30 reg=0x0 len=1 data=0f
1778318222.309000 R  i2c=0x30 reg=0x11 len=1
1778318222.313000 R= ret=0 data=00
1778318222.313000 W1 i2c=0x30 reg=0x0 val=0x9
1778318222.313000 W  i2c=0x30 reg=0x0 len=1 data=09
1778318222.314000 R  i2c=0x30 reg=0x62 len=1
1778318222.317000 R= ret=0 data=51
1778318222.317000 W1 i2c=0x30 reg=0x0 val=0xd
1778318222.317000 W  i2c=0x30 reg=0x0 len=1 data=0d
1778318222.318000 R  i2c=0x30 reg=0x86 len=1
1778318222.322000 R= ret=0 data=00
1778318222.333000 W1 i2c=0x30 reg=0x0 val=0xf
1778318222.333000 W  i2c=0x30 reg=0x0 len=1 data=0f
1778318222.334000 R  i2c=0x30 reg=0x11 len=1
1778318222.337000 R= ret=0 data=00
1778318222.337000 W1 i2c=0x30 reg=0x0 val=0x9
1778318222.337000 W  i2c=0x30 reg=0x0 len=1 data=09
1778318222.338000 R  i2c=0x30 reg=0x62 len=1
1778318222.342000 R= ret=0 data=51
1778318222.342000 W1 i2c=0x30 reg=0x0 val=0xd
1778318222.342000 W  i2c=0x30 reg=0x0 len=1 data=0d
1778318222.343000 R  i2c=0x30 reg=0x86 len=1
1778318222.347000 R= ret=0 data=00
1778318222.357000 W1 i2c=0x30 reg=0x0 val=0xf
1778318222.357000 W  i2c=0x30 reg=0x0 len=1 data=0f
1778318222.358000 R  i2c=0x30 reg=0x11 len=1
1778318222.362000 R= ret=0 data=00
1778318222.362000 W1 i2c=0x30 reg=0x0 val=0x9
1778318222.362000 W  i2c=0x30 reg=0x0 len=1 data=09
1778318222.363000 R  i2c=0x30 reg=0x62 len=1
1778318222.366000 R= ret=0 data=51
1778318222.366000 W1 i2c=0x30 reg=0x0 val=0xd
1778318222.366000 W  i2c=0x30 reg=0x0 len=1 data=0d
1778318222.367000 R  i2c=0x30 reg=0x86 len=1
1778318222.371000 R= ret=0 data=00
1778318222.381000 W1 i2c=0x30 reg=0x0 val=0xf
1778318222.381000 W  i2c=0x30 reg=0x0 len=1 data=0f
1778318222.382000 R  i2c=0x30 reg=0x11 len=1
1778318222.386000 R= ret=0 data=00
1778318222.386000 W1 i2c=0x30 reg=0x0 val=0x9
1778318222.386000 W  i2c=0x30 reg=0x0 len=1 data=09
1778318222.387000 R  i2c=0x30 reg=0x62 len=1
1778318222.390000 R= ret=0 data=51
1778318222.390000 W1 i2c=0x30 reg=0x0 val=0xd
1778318222.390000 W  i2c=0x30 reg=0x0 len=1 data=0d
1778318222.391000 R  i2c=0x30 reg=0x86 len=1
1778318222.395000 R= ret=0 data=00
1778318222.405000 W1 i2c=0x30 reg=0x0 val=0xf
1778318222.405000 W  i2c=0x30 reg=0x0 len=1 data=0f
1778318222.406000 R  i2c=0x30 reg=0x11 len=1
1778318222.409000 R= ret=0 data=00
1778318222.409000 W1 i2c=0x30 reg=0x0 val=0x9
1778318222.409000 W  i2c=0x30 reg=0x0 len=1 data=09
1778318222.410000 R  i2c=0x30 reg=0x62 len=1
1778318222.414000 R= ret=0 data=51
1778318222.414000 W1 i2c=0x30 reg=0x0 val=0xd
1778318222.414000 W  i2c=0x30 reg=0x0 len=1 data=0d
1778318222.414000 R  i2c=0x30 reg=0x86 len=1
1778318222.418000 R= ret=0 data=00
1778318222.428000 W1 i2c=0x30 reg=0x0 val=0xf
1778318222.428000 W  i2c=0x30 reg=0x0 len=1 data=0f
1778318222.429000 R  i2c=0x30 reg=0x11 len=1
1778318222.433000 R= ret=0 data=00
1778318222.433000 W1 i2c=0x30 reg=0x0 val=0x9
1778318222.433000 W  i2c=0x30 reg=0x0 len=1 data=09
1778318222.434000 R  i2c=0x30 reg=0x62 len=1
1778318222.438000 R= ret=0 data=51
1778318222.438000 W1 i2c=0x30 reg=0x0 val=0xd
1778318222.438000 W  i2c=0x30 reg=0x0 len=1 data=0d
1778318222.439000 R  i2c=0x30 reg=0x86 len=1
1778318222.443000 R= ret=0 data=00
1778318222.455000 W1 i2c=0x30 reg=0x0 val=0xf
1778318222.455000 W  i2c=0x30 reg=0x0 len=1 data=0f
1778318222.463000 R  i2c=0x30 reg=0x11 len=1
1778318222.474000 R= ret=0 data=00
1778318222.474000 W1 i2c=0x30 reg=0x0 val=0x9
1778318222.474000 W  i2c=0x30 reg=0x0 len=1 data=09
1778318222.475000 R  i2c=0x30 reg=0x62 len=1
1778318222.479000 R= ret=0 data=51
1778318222.479000 W1 i2c=0x30 reg=0x0 val=0xd
1778318222.479000 W  i2c=0x30 reg=0x0 len=1 data=0d
1778318222.480000 R  i2c=0x30 reg=0x86 len=1
1778318222.483000 R= ret=0 data=00
1778318222.495000 W1 i2c=0x30 reg=0x0 val=0xf
1778318222.495000 W  i2c=0x30 reg=0x0 len=1 data=0f
1778318222.496000 R  i2c=0x30 reg=0x11 len=1
1778318222.499000 R= ret=0 data=00
1778318222.499000 W1 i2c=0x30 reg=0x0 val=0x9
1778318222.499000 W  i2c=0x30 reg=0x0 len=1 data=09
1778318222.500000 R  i2c=0x30 reg=0x62 len=1
1778318222.504000 R= ret=0 data=51
1778318222.504000 W1 i2c=0x30 reg=0x0 val=0xd
1778318222.504000 W  i2c=0x30 reg=0x0 len=1 data=0d
1778318222.505000 R  i2c=0x30 reg=0x86 len=1
1778318222.508000 R= ret=0 data=00
1778318222.519000 W1 i2c=0x30 reg=0x0 val=0xf
1778318222.519000 W  i2c=0x30 reg=0x0 len=1 data=0f
1778318222.520000 R  i2c=0x30 reg=0x11 len=1
1778318222.523000 R= ret=0 data=00
1778318222.523000 W1 i2c=0x30 reg=0x0 val=0x9
1778318222.523000 W  i2c=0x30 reg=0x0 len=1 data=09
1778318222.524000 R  i2c=0x30 reg=0x62 len=1
1778318222.528000 R= ret=0 data=51
1778318222.528000 W1 i2c=0x30 reg=0x0 val=0xd
1778318222.528000 W  i2c=0x30 reg=0x0 len=1 data=0d
1778318222.529000 R  i2c=0x30 reg=0x86 len=1
1778318222.532000 R= ret=0 data=00
1778318222.543000 W1 i2c=0x30 reg=0x0 val=0xf
1778318222.543000 W  i2c=0x30 reg=0x0 len=1 data=0f
1778318222.544000 R  i2c=0x30 reg=0x11 len=1
1778318222.546000 W1 i2c=0x30 reg=0x0 val=0xf
1778318222.546000 W  i2c=0x30 reg=0x0 len=1 data=0f
1778318222.548000 R= ret=0 data=00
1778318222.548000 W1 i2c=0x30 reg=0x0 val=0x9
1778318222.548000 W  i2c=0x30 reg=0x0 len=1 data=09
1778318222.549000 R  i2c=0x30 reg=0x11 len=1
1778318222.550000 R  i2c=0x30 reg=0x62 len=1
1778318222.553000 R= ret=0 data=10
1778318222.553000 W1 i2c=0x30 reg=0x0 val=0x9
1778318222.553000 W  i2c=0x30 reg=0x0 len=1 data=09
1778318222.557000 R= ret=0 data=51
1778318222.557000 W1 i2c=0x30 reg=0x0 val=0xd
1778318222.557000 W  i2c=0x30 reg=0x0 len=1 data=0d
1778318222.558000 R  i2c=0x30 reg=0x62 len=1
1778318222.559000 R  i2c=0x30 reg=0x86 len=1
1778318222.562000 R= ret=0 data=00
1778318222.566000 R= ret=0 data=00
1778318222.566000 W1 i2c=0x30 reg=0x0 val=0xd
1778318222.566000 W  i2c=0x30 reg=0x0 len=1 data=0d
1778318222.567000 R  i2c=0x30 reg=0x86 len=1
1778318222.570000 R= ret=0 data=00
1778318222.570000 W1 i2c=0x30 reg=0x0 val=0xd
1778318222.570000 W  i2c=0x30 reg=0x0 len=1 data=0d
1778318222.571000 R  i2c=0x30 reg=0x86 len=1
1778318222.572000 W1 i2c=0x30 reg=0x0 val=0xf
1778318222.573000 W  i2c=0x30 reg=0x0 len=1 data=0f
1778318222.575000 R= ret=0 data=00
1778318222.575000 W1 i2c=0x30 reg=0x0 val=0xd
1778318222.575000 W  i2c=0x30 reg=0x0 len=1 data=0d
1778318222.576000 R  i2c=0x30 reg=0x11 len=1
1778318222.577000 R  i2c=0x30 reg=0x86 len=1
1778318222.580000 R= ret=0 data=00
1778318222.580000 W1 i2c=0x30 reg=0x0 val=0x9
1778318222.580000 W  i2c=0x30 reg=0x0 len=1 data=09
1778318222.584000 R= ret=0 data=00
1778318222.584000 W1 i2c=0xdc reg=0x8 val=0x1
1778318222.584000 W  i2c=0xdc reg=0x8 len=1 data=01
1778318222.584000 R  i2c=0x30 reg=0x62 len=1
1778318222.585000 W  i2c=0xc0 reg=0x87 len=2 data=c4 41
1778318222.589000 R= ret=0 data=51
1778318222.589000 W1 i2c=0x30 reg=0x0 val=0xd
1778318222.589000 W  i2c=0x30 reg=0x0 len=1 data=0d
1778318222.590000 W  i2c=0xc0 reg=0x59 len=2 data=05 01
1778318222.591000 R  i2c=0x30 reg=0x86 len=1
1778318222.594000 R= ret=0 data=00
1778318222.595000 R  i2c=0xc0 reg=0x5b len=1
1778318222.598000 R= ret=0 data=2a
1778318222.598000 W  i2c=0xc0 reg=0x59 len=2 data=03 01
1778318222.599000 R  i2c=0xc0 reg=0x5b len=1
1778318222.602000 R= ret=0 data=08
1778318222.603000 W1 i2c=0xc0 reg=0x59 val=0x4
1778318222.603000 W  i2c=0xc0 reg=0x59 len=1 data=04
1778318222.603000 W1 i2c=0xc0 reg=0x88 val=0x0
1778318222.603000 W  i2c=0xc0 reg=0x88 len=1 data=00
1778318222.604000 W1 i2c=0x30 reg=0x0 val=0xf
1778318222.604000 W  i2c=0x30 reg=0x0 len=1 data=0f
1778318222.604000 W1 i2c=0xc0 reg=0x87 val=0xc0
1778318222.605000 W  i2c=0xc0 reg=0x87 len=1 data=c0
1778318222.605000 R  i2c=0x30 reg=0x11 len=1
1778318222.606000 R  i2c=0xc0 reg=0x69 len=1
1778318222.610000 R= ret=0 data=00
1778318222.610000 W1 i2c=0x30 reg=0x0 val=0x9
1778318222.610000 W  i2c=0x30 reg=0x0 len=1 data=09
1778318222.613000 R= ret=0 data=88
1778318222.613000 W1 i2c=0xdc reg=0x8 val=0x0
1778318222.613000 W  i2c=0xdc reg=0x8 len=1 data=00
1778318222.614000 R  i2c=0x30 reg=0x62 len=1
1778318222.618000 R= ret=0 data=51
1778318222.618000 W1 i2c=0x30 reg=0x0 val=0xd
1778318222.618000 W  i2c=0x30 reg=0x0 len=1 data=0d
1778318222.619000 R  i2c=0x30 reg=0x86 len=1
1778318222.623000 R= ret=0 data=00
1778318222.634000 W1 i2c=0x30 reg=0x0 val=0xf
1778318222.634000 W  i2c=0x30 reg=0x0 len=1 data=0f
1778318222.635000 R  i2c=0x30 reg=0x11 len=1
1778318222.638000 R= ret=0 data=00
1778318222.638000 W1 i2c=0x30 reg=0x0 val=0x9
1778318222.638000 W  i2c=0x30 reg=0x0 len=1 data=09
1778318222.639000 R  i2c=0x30 reg=0x62 len=1
1778318222.643000 R= ret=0 data=51
1778318222.643000 W1 i2c=0x30 reg=0x0 val=0xd
1778318222.643000 W  i2c=0x30 reg=0x0 len=1 data=0d
1778318222.644000 R  i2c=0x30 reg=0x86 len=1
1778318222.648000 R= ret=0 data=00
1778318222.658000 W1 i2c=0x30 reg=0x0 val=0xf
1778318222.658000 W  i2c=0x30 reg=0x0 len=1 data=0f
1778318222.660000 R  i2c=0x30 reg=0x11 len=1
1778318222.663000 R= ret=0 data=00
1778318222.663000 W1 i2c=0x30 reg=0x0 val=0x9
1778318222.663000 W  i2c=0x30 reg=0x0 len=1 data=09
1778318222.664000 R  i2c=0x30 reg=0x62 len=1
1778318222.668000 R= ret=0 data=51
1778318222.668000 W1 i2c=0x30 reg=0x0 val=0xd
1778318222.668000 W  i2c=0x30 reg=0x0 len=1 data=0d
1778318222.669000 R  i2c=0x30 reg=0x86 len=1
1778318222.672000 R= ret=0 data=00
1778318222.683000 W1 i2c=0x30 reg=0x0 val=0xf
1778318222.683000 W  i2c=0x30 reg=0x0 len=1 data=0f
1778318222.684000 R  i2c=0x30 reg=0x11 len=1
1778318222.687000 R= ret=0 data=00
1778318222.687000 W1 i2c=0x30 reg=0x0 val=0x9
1778318222.687000 W  i2c=0x30 reg=0x0 len=1 data=09
1778318222.688000 R  i2c=0x30 reg=0x62 len=1
1778318222.691000 R= ret=0 data=51
1778318222.691000 W1 i2c=0x30 reg=0x0 val=0xd
1778318222.691000 W  i2c=0x30 reg=0x0 len=1 data=0d
1778318222.692000 R  i2c=0x30 reg=0x86 len=1
1778318222.696000 R= ret=0 data=00
1778318222.706000 W1 i2c=0x30 reg=0x0 val=0xf
1778318222.706000 W  i2c=0x30 reg=0x0 len=1 data=0f
1778318222.707000 R  i2c=0x30 reg=0x11 len=1
1778318222.711000 R= ret=0 data=00
1778318222.711000 W1 i2c=0x30 reg=0x0 val=0x9
1778318222.711000 W  i2c=0x30 reg=0x0 len=1 data=09
1778318222.712000 R  i2c=0x30 reg=0x62 len=1
1778318222.716000 R= ret=0 data=51
1778318222.716000 W1 i2c=0x30 reg=0x0 val=0xd
1778318222.716000 W  i2c=0x30 reg=0x0 len=1 data=0d
1778318222.717000 R  i2c=0x30 reg=0x86 len=1
1778318222.720000 R= ret=0 data=00
1778318222.731000 W1 i2c=0x30 reg=0x0 val=0xf
1778318222.731000 W  i2c=0x30 reg=0x0 len=1 data=0f
1778318222.732000 R  i2c=0x30 reg=0x11 len=1
1778318222.736000 R= ret=0 data=00
1778318222.736000 W1 i2c=0x30 reg=0x0 val=0x9
1778318222.736000 W  i2c=0x30 reg=0x0 len=1 data=09
1778318222.737000 R  i2c=0x30 reg=0x62 len=1
1778318222.740000 R= ret=0 data=51
1778318222.740000 W1 i2c=0x30 reg=0x0 val=0xd
1778318222.740000 W  i2c=0x30 reg=0x0 len=1 data=0d
1778318222.741000 R  i2c=0x30 reg=0x86 len=1
1778318222.745000 R= ret=0 data=00
1778318222.757000 W1 i2c=0x30 reg=0x0 val=0xf
1778318222.757000 W  i2c=0x30 reg=0x0 len=1 data=0f
1778318222.758000 R  i2c=0x30 reg=0x11 len=1
1778318222.761000 R= ret=0 data=00
1778318222.761000 W1 i2c=0x30 reg=0x0 val=0x9
1778318222.761000 W  i2c=0x30 reg=0x0 len=1 data=09
1778318222.762000 R  i2c=0x30 reg=0x62 len=1
1778318222.766000 R= ret=0 data=51
1778318222.766000 W1 i2c=0x30 reg=0x0 val=0xd
1778318222.766000 W  i2c=0x30 reg=0x0 len=1 data=0d
1778318222.767000 R  i2c=0x30 reg=0x86 len=1
1778318222.770000 R= ret=0 data=00
1778318222.780000 W1 i2c=0x30 reg=0x0 val=0xf
1778318222.780000 W  i2c=0x30 reg=0x0 len=1 data=0f
1778318222.781000 R  i2c=0x30 reg=0x11 len=1
1778318222.785000 R= ret=0 data=00
1778318222.785000 W1 i2c=0x30 reg=0x0 val=0x9
1778318222.785000 W  i2c=0x30 reg=0x0 len=1 data=09
1778318222.786000 R  i2c=0x30 reg=0x62 len=1
1778318222.789000 R= ret=0 data=41
1778318222.789000 W1 i2c=0x30 reg=0x0 val=0xd
1778318222.789000 W  i2c=0x30 reg=0x0 len=1 data=0d
1778318222.790000 R  i2c=0x30 reg=0x86 len=1
1778318222.793000 R= ret=0 data=00
1778318222.804000 W1 i2c=0x30 reg=0x0 val=0xf
1778318222.804000 W  i2c=0x30 reg=0x0 len=1 data=0f
1778318222.805000 R  i2c=0x30 reg=0x11 len=1
1778318222.809000 R= ret=0 data=00
1778318222.809000 W1 i2c=0x30 reg=0x0 val=0x9
1778318222.809000 W  i2c=0x30 reg=0x0 len=1 data=09
1778318222.810000 R  i2c=0x30 reg=0x62 len=1
1778318222.813000 R= ret=0 data=51
1778318222.813000 W1 i2c=0x30 reg=0x0 val=0xd
1778318222.813000 W  i2c=0x30 reg=0x0 len=1 data=0d
1778318222.814000 R  i2c=0x30 reg=0x86 len=1
1778318222.818000 R= ret=0 data=00
1778318222.829000 W1 i2c=0x30 reg=0x0 val=0xf
1778318222.829000 W  i2c=0x30 reg=0x0 len=1 data=0f
1778318222.830000 R  i2c=0x30 reg=0x11 len=1
1778318222.834000 R= ret=0 data=00
1778318222.834000 W1 i2c=0x30 reg=0x0 val=0x9
1778318222.834000 W  i2c=0x30 reg=0x0 len=1 data=09
1778318222.835000 R  i2c=0x30 reg=0x62 len=1
1778318222.838000 R= ret=0 data=51
1778318222.838000 W1 i2c=0x30 reg=0x0 val=0xd
1778318222.838000 W  i2c=0x30 reg=0x0 len=1 data=0d
1778318222.840000 R  i2c=0x30 reg=0x86 len=1
1778318222.843000 R= ret=0 data=00
1778318222.854000 W1 i2c=0x30 reg=0x0 val=0xf
1778318222.854000 W  i2c=0x30 reg=0x0 len=1 data=0f
1778318222.855000 R  i2c=0x30 reg=0x11 len=1
1778318222.858000 R= ret=0 data=00
1778318222.858000 W1 i2c=0x30 reg=0x0 val=0x9
1778318222.858000 W  i2c=0x30 reg=0x0 len=1 data=09
1778318222.859000 R  i2c=0x30 reg=0x62 len=1
1778318222.863000 R= ret=0 data=51
1778318222.863000 W1 i2c=0x30 reg=0x0 val=0xd
1778318222.863000 W  i2c=0x30 reg=0x0 len=1 data=0d
1778318222.864000 R  i2c=0x30 reg=0x86 len=1
1778318222.868000 R= ret=0 data=00
1778318222.879000 W1 i2c=0x30 reg=0x0 val=0xf
1778318222.879000 W  i2c=0x30 reg=0x0 len=1 data=0f
1778318222.880000 R  i2c=0x30 reg=0x11 len=1
1778318222.883000 R= ret=0 data=00
1778318222.883000 W1 i2c=0x30 reg=0x0 val=0x9
1778318222.883000 W  i2c=0x30 reg=0x0 len=1 data=09
1778318222.884000 R  i2c=0x30 reg=0x62 len=1
1778318222.888000 R= ret=0 data=51
1778318222.888000 W1 i2c=0x30 reg=0x0 val=0xd
1778318222.888000 W  i2c=0x30 reg=0x0 len=1 data=0d
1778318222.889000 R  i2c=0x30 reg=0x86 len=1
1778318222.893000 R= ret=0 data=00
1778318222.893000 <<< sony_cxd6801_integ_atsc_Tune ret=5
1778318222.893000 DRV_acquire ret=5
1778318223.415000 W1 i2c=0x30 reg=0x0 val=0xf
1778318223.415000 W  i2c=0x30 reg=0x0 len=1 data=0f
1778318223.417000 R  i2c=0x30 reg=0x11 len=1
1778318223.421000 R= ret=0 data=00
1778318223.421000 W1 i2c=0x30 reg=0x0 val=0x9
1778318223.421000 W  i2c=0x30 reg=0x0 len=1 data=09
1778318223.422000 R  i2c=0x30 reg=0x62 len=1
1778318223.425000 R= ret=0 data=51
1778318223.425000 W1 i2c=0x30 reg=0x0 val=0xd
1778318223.425000 W  i2c=0x30 reg=0x0 len=1 data=0d
1778318223.426000 R  i2c=0x30 reg=0x86 len=1
1778318223.430000 R= ret=0 data=00
1778318223.430000 W1 i2c=0x30 reg=0x0 val=0xd
1778318223.430000 W  i2c=0x30 reg=0x0 len=1 data=0d
1778318223.431000 R  i2c=0x30 reg=0x86 len=1
1778318223.435000 R= ret=0 data=00
1778318223.435000 W1 i2c=0x30 reg=0x0 val=0xd
1778318223.435000 W  i2c=0x30 reg=0x0 len=1 data=0d
1778318223.436000 R  i2c=0x30 reg=0x86 len=1
1778318223.439000 R= ret=0 data=00
1778318223.439000 W1 i2c=0xdc reg=0x8 val=0x1
1778318223.439000 W  i2c=0xdc reg=0x8 len=1 data=01
1778318223.440000 W  i2c=0xc0 reg=0x87 len=2 data=c4 41
1778318223.441000 W  i2c=0xc0 reg=0x59 len=2 data=05 01
1778318223.443000 R  i2c=0xc0 reg=0x5b len=1
1778318223.446000 R= ret=0 data=2f
1778318223.446000 W  i2c=0xc0 reg=0x59 len=2 data=03 01
1778318223.447000 R  i2c=0xc0 reg=0x5b len=1
1778318223.451000 R= ret=0 data=08
1778318223.451000 W1 i2c=0xc0 reg=0x59 val=0x4
1778318223.451000 W  i2c=0xc0 reg=0x59 len=1 data=04
1778318223.452000 W1 i2c=0xc0 reg=0x88 val=0x0
1778318223.452000 W  i2c=0xc0 reg=0x88 len=1 data=00
1778318223.453000 W1 i2c=0xc0 reg=0x87 val=0xc0
1778318223.453000 W  i2c=0xc0 reg=0x87 len=1 data=c0
1778318223.454000 R  i2c=0xc0 reg=0x69 len=1
1778318223.458000 R= ret=0 data=88
1778318223.458000 W1 i2c=0xdc reg=0x8 val=0x0
1778318223.458000 W  i2c=0xdc reg=0x8 len=1 data=00
1778318224.261000 W1 i2c=0x30 reg=0x0 val=0xf
1778318224.261000 W  i2c=0x30 reg=0x0 len=1 data=0f
1778318224.262000 R  i2c=0x30 reg=0x11 len=1
1778318224.265000 R= ret=0 data=00
1778318224.265000 W1 i2c=0x30 reg=0x0 val=0x9
1778318224.265000 W  i2c=0x30 reg=0x0 len=1 data=09
1778318224.266000 R  i2c=0x30 reg=0x62 len=1
1778318224.270000 R= ret=0 data=51
1778318224.270000 W1 i2c=0x30 reg=0x0 val=0xd
1778318224.270000 W  i2c=0x30 reg=0x0 len=1 data=0d
1778318224.271000 R  i2c=0x30 reg=0x86 len=1
1778318224.275000 R= ret=0 data=00
1778318224.275000 W1 i2c=0x30 reg=0x0 val=0xd
1778318224.275000 W  i2c=0x30 reg=0x0 len=1 data=0d
1778318224.276000 R  i2c=0x30 reg=0x86 len=1
1778318224.279000 R= ret=0 data=00
1778318224.279000 W1 i2c=0x30 reg=0x0 val=0xd
1778318224.279000 W  i2c=0x30 reg=0x0 len=1 data=0d
1778318224.280000 R  i2c=0x30 reg=0x86 len=1
1778318224.284000 R= ret=0 data=00
1778318224.284000 W1 i2c=0xdc reg=0x8 val=0x1
1778318224.284000 W  i2c=0xdc reg=0x8 len=1 data=01
1778318224.285000 W  i2c=0xc0 reg=0x87 len=2 data=c4 41
1778318224.286000 W  i2c=0xc0 reg=0x59 len=2 data=05 01
1778318224.286000 R  i2c=0xc0 reg=0x5b len=1
1778318224.290000 R= ret=0 data=2b
1778318224.290000 W  i2c=0xc0 reg=0x59 len=2 data=03 01
1778318224.291000 R  i2c=0xc0 reg=0x5b len=1
1778318224.294000 R= ret=0 data=08
1778318224.294000 W1 i2c=0xc0 reg=0x59 val=0x4
1778318224.294000 W  i2c=0xc0 reg=0x59 len=1 data=04
1778318224.295000 W1 i2c=0xc0 reg=0x88 val=0x0
1778318224.295000 W  i2c=0xc0 reg=0x88 len=1 data=00
1778318224.296000 W1 i2c=0xc0 reg=0x87 val=0xc0
1778318224.296000 W  i2c=0xc0 reg=0x87 len=1 data=c0
1778318224.297000 R  i2c=0xc0 reg=0x69 len=1
1778318224.300000 R= ret=0 data=88
1778318224.300000 W1 i2c=0xdc reg=0x8 val=0x0
1778318224.300000 W  i2c=0xdc reg=0x8 len=1 data=00
1778318225.101000 W1 i2c=0x30 reg=0x0 val=0xf
1778318225.101000 W  i2c=0x30 reg=0x0 len=1 data=0f
1778318225.103000 R  i2c=0x30 reg=0x11 len=1
1778318225.106000 R= ret=0 data=00
1778318225.106000 W1 i2c=0x30 reg=0x0 val=0x9
1778318225.106000 W  i2c=0x30 reg=0x0 len=1 data=09
1778318225.107000 R  i2c=0x30 reg=0x62 len=1
1778318225.111000 R= ret=0 data=51
1778318225.111000 W1 i2c=0x30 reg=0x0 val=0xd
1778318225.111000 W  i2c=0x30 reg=0x0 len=1 data=0d
1778318225.112000 R  i2c=0x30 reg=0x86 len=1
1778318225.116000 R= ret=0 data=00
1778318225.116000 W1 i2c=0x30 reg=0x0 val=0xd
1778318225.116000 W  i2c=0x30 reg=0x0 len=1 data=0d
1778318225.116000 R  i2c=0x30 reg=0x86 len=1
1778318225.120000 R= ret=0 data=00
1778318225.120000 W1 i2c=0x30 reg=0x0 val=0xd
1778318225.120000 W  i2c=0x30 reg=0x0 len=1 data=0d
1778318225.121000 R  i2c=0x30 reg=0x86 len=1
1778318225.125000 R= ret=0 data=00
1778318225.125000 W1 i2c=0xdc reg=0x8 val=0x1
1778318225.125000 W  i2c=0xdc reg=0x8 len=1 data=01
1778318225.126000 W  i2c=0xc0 reg=0x87 len=2 data=c4 41
1778318225.126000 W  i2c=0xc0 reg=0x59 len=2 data=05 01
1778318225.127000 R  i2c=0xc0 reg=0x5b len=1
1778318225.131000 R= ret=0 data=2b
1778318225.131000 W  i2c=0xc0 reg=0x59 len=2 data=03 01
1778318225.132000 R  i2c=0xc0 reg=0x5b len=1
1778318225.135000 R= ret=0 data=08
1778318225.135000 W1 i2c=0xc0 reg=0x59 val=0x4
1778318225.135000 W  i2c=0xc0 reg=0x59 len=1 data=04
1778318225.136000 W1 i2c=0xc0 reg=0x88 val=0x0
1778318225.136000 W  i2c=0xc0 reg=0x88 len=1 data=00
1778318225.137000 W1 i2c=0xc0 reg=0x87 val=0xc0
1778318225.137000 W  i2c=0xc0 reg=0x87 len=1 data=c0
1778318225.138000 R  i2c=0xc0 reg=0x69 len=1
1778318225.141000 R= ret=0 data=88
1778318225.141000 W1 i2c=0xdc reg=0x8 val=0x0
1778318225.141000 W  i2c=0xdc reg=0x8 len=1 data=00
1778318225.943000 W1 i2c=0x30 reg=0x0 val=0xf
1778318225.943000 W  i2c=0x30 reg=0x0 len=1 data=0f
1778318225.945000 R  i2c=0x30 reg=0x11 len=1
1778318225.948000 R= ret=0 data=00
1778318225.948000 W1 i2c=0x30 reg=0x0 val=0x9
1778318225.948000 W  i2c=0x30 reg=0x0 len=1 data=09
1778318225.949000 R  i2c=0x30 reg=0x62 len=1
1778318225.953000 R= ret=0 data=51
1778318225.953000 W1 i2c=0x30 reg=0x0 val=0xd
1778318225.953000 W  i2c=0x30 reg=0x0 len=1 data=0d
1778318225.954000 R  i2c=0x30 reg=0x86 len=1
1778318225.957000 R= ret=0 data=00
1778318225.957000 W1 i2c=0x30 reg=0x0 val=0xd
1778318225.957000 W  i2c=0x30 reg=0x0 len=1 data=0d
1778318225.958000 R  i2c=0x30 reg=0x86 len=1
1778318225.962000 R= ret=0 data=00
1778318225.962000 W1 i2c=0x30 reg=0x0 val=0xd
1778318225.962000 W  i2c=0x30 reg=0x0 len=1 data=0d
1778318225.963000 R  i2c=0x30 reg=0x86 len=1
1778318225.966000 R= ret=0 data=00
1778318225.966000 W1 i2c=0xdc reg=0x8 val=0x1
1778318225.966000 W  i2c=0xdc reg=0x8 len=1 data=01
1778318225.967000 W  i2c=0xc0 reg=0x87 len=2 data=c4 41
1778318225.968000 W  i2c=0xc0 reg=0x59 len=2 data=05 01
1778318225.969000 R  i2c=0xc0 reg=0x5b len=1
1778318225.973000 R= ret=0 data=2b
1778318225.973000 W  i2c=0xc0 reg=0x59 len=2 data=03 01
1778318225.974000 R  i2c=0xc0 reg=0x5b len=1
1778318225.977000 R= ret=0 data=08
1778318225.977000 W1 i2c=0xc0 reg=0x59 val=0x4
1778318225.977000 W  i2c=0xc0 reg=0x59 len=1 data=04
1778318225.978000 W1 i2c=0xc0 reg=0x88 val=0x0
1778318225.978000 W  i2c=0xc0 reg=0x88 len=1 data=00
1778318225.979000 W1 i2c=0xc0 reg=0x87 val=0xc0
1778318225.979000 W  i2c=0xc0 reg=0x87 len=1 data=c0
1778318225.980000 R  i2c=0xc0 reg=0x69 len=1
1778318225.983000 R= ret=0 data=88
1778318225.983000 W1 i2c=0xdc reg=0x8 val=0x0
1778318225.983000 W  i2c=0xdc reg=0x8 len=1 data=00
1778318226.785000 W1 i2c=0x30 reg=0x0 val=0xf
1778318226.785000 W  i2c=0x30 reg=0x0 len=1 data=0f
1778318226.786000 R  i2c=0x30 reg=0x11 len=1
1778318226.791000 R= ret=0 data=00
1778318226.791000 W1 i2c=0x30 reg=0x0 val=0x9
1778318226.791000 W  i2c=0x30 reg=0x0 len=1 data=09
1778318226.792000 R  i2c=0x30 reg=0x62 len=1
1778318226.795000 R= ret=0 data=51
1778318226.795000 W1 i2c=0x30 reg=0x0 val=0xd
1778318226.795000 W  i2c=0x30 reg=0x0 len=1 data=0d
1778318226.796000 R  i2c=0x30 reg=0x86 len=1
1778318226.800000 R= ret=0 data=00
1778318226.800000 W1 i2c=0x30 reg=0x0 val=0xd
1778318226.800000 W  i2c=0x30 reg=0x0 len=1 data=0d
1778318226.801000 R  i2c=0x30 reg=0x86 len=1
1778318226.805000 R= ret=0 data=00
1778318226.805000 W1 i2c=0x30 reg=0x0 val=0xd
1778318226.805000 W  i2c=0x30 reg=0x0 len=1 data=0d
1778318226.807000 R  i2c=0x30 reg=0x86 len=1
1778318226.811000 R= ret=0 data=00
1778318226.812000 W1 i2c=0xdc reg=0x8 val=0x1
1778318226.812000 W  i2c=0xdc reg=0x8 len=1 data=01
1778318226.813000 W  i2c=0xc0 reg=0x87 len=2 data=c4 41
1778318226.814000 W  i2c=0xc0 reg=0x59 len=2 data=05 01
1778318226.815000 R  i2c=0xc0 reg=0x5b len=1
1778318226.819000 R= ret=0 data=2d
1778318226.819000 W  i2c=0xc0 reg=0x59 len=2 data=03 01
1778318226.820000 R  i2c=0xc0 reg=0x5b len=1
1778318226.823000 R= ret=0 data=08
1778318226.823000 W1 i2c=0xc0 reg=0x59 val=0x4
1778318226.823000 W  i2c=0xc0 reg=0x59 len=1 data=04
1778318226.824000 W1 i2c=0xc0 reg=0x88 val=0x0
1778318226.824000 W  i2c=0xc0 reg=0x88 len=1 data=00
1778318226.825000 W1 i2c=0xc0 reg=0x87 val=0xc0
1778318226.825000 W  i2c=0xc0 reg=0x87 len=1 data=c0
1778318226.827000 R  i2c=0xc0 reg=0x69 len=1
1778318226.831000 R= ret=0 data=88
1778318226.831000 W1 i2c=0xdc reg=0x8 val=0x0
1778318226.831000 W  i2c=0xdc reg=0x8 len=1 data=00
1778318227.634000 W1 i2c=0x30 reg=0x0 val=0xf
1778318227.634000 W  i2c=0x30 reg=0x0 len=1 data=0f
1778318227.635000 R  i2c=0x30 reg=0x11 len=1
1778318227.639000 R= ret=0 data=00
1778318227.639000 W1 i2c=0x30 reg=0x0 val=0x9
1778318227.639000 W  i2c=0x30 reg=0x0 len=1 data=09
1778318227.640000 R  i2c=0x30 reg=0x62 len=1
1778318227.643000 R= ret=0 data=51
1778318227.643000 W1 i2c=0x30 reg=0x0 val=0xd
1778318227.643000 W  i2c=0x30 reg=0x0 len=1 data=0d
1778318227.645000 R  i2c=0x30 reg=0x86 len=1
1778318227.648000 R= ret=0 data=00
1778318227.648000 W1 i2c=0x30 reg=0x0 val=0xd
1778318227.648000 W  i2c=0x30 reg=0x0 len=1 data=0d
1778318227.649000 R  i2c=0x30 reg=0x86 len=1
1778318227.652000 R= ret=0 data=00
1778318227.652000 W1 i2c=0x30 reg=0x0 val=0xd
1778318227.652000 W  i2c=0x30 reg=0x0 len=1 data=0d
1778318227.653000 R  i2c=0x30 reg=0x86 len=1
1778318227.656000 R= ret=0 data=00
1778318227.656000 W1 i2c=0xdc reg=0x8 val=0x1
1778318227.656000 W  i2c=0xdc reg=0x8 len=1 data=01
1778318227.657000 W  i2c=0xc0 reg=0x87 len=2 data=c4 41
1778318227.658000 W  i2c=0xc0 reg=0x59 len=2 data=05 01
1778318227.659000 R  i2c=0xc0 reg=0x5b len=1
1778318227.662000 R= ret=0 data=2f
1778318227.662000 W  i2c=0xc0 reg=0x59 len=2 data=03 01
1778318227.663000 R  i2c=0xc0 reg=0x5b len=1
1778318227.666000 R= ret=0 data=08
1778318227.666000 W1 i2c=0xc0 reg=0x59 val=0x4
1778318227.666000 W  i2c=0xc0 reg=0x59 len=1 data=04
1778318227.667000 W1 i2c=0xc0 reg=0x88 val=0x0
1778318227.667000 W  i2c=0xc0 reg=0x88 len=1 data=00
1778318227.668000 W1 i2c=0xc0 reg=0x87 val=0xc0
1778318227.668000 W  i2c=0xc0 reg=0x87 len=1 data=c0
1778318227.669000 R  i2c=0xc0 reg=0x69 len=1
1778318227.673000 R= ret=0 data=88
1778318227.673000 W1 i2c=0xdc reg=0x8 val=0x0
1778318227.673000 W  i2c=0xdc reg=0x8 len=1 data=00
1778318228.475000 W1 i2c=0x30 reg=0x0 val=0xf
1778318228.475000 W  i2c=0x30 reg=0x0 len=1 data=0f
1778318228.477000 R  i2c=0x30 reg=0x11 len=1
1778318228.481000 R= ret=0 data=00
1778318228.481000 W1 i2c=0x30 reg=0x0 val=0x9
1778318228.481000 W  i2c=0x30 reg=0x0 len=1 data=09
1778318228.482000 R  i2c=0x30 reg=0x62 len=1
1778318228.485000 R= ret=0 data=51
1778318228.485000 W1 i2c=0x30 reg=0x0 val=0xd
1778318228.485000 W  i2c=0x30 reg=0x0 len=1 data=0d
1778318228.486000 R  i2c=0x30 reg=0x86 len=1
1778318228.490000 R= ret=0 data=00
1778318228.490000 W1 i2c=0x30 reg=0x0 val=0xd
1778318228.490000 W  i2c=0x30 reg=0x0 len=1 data=0d
1778318228.491000 R  i2c=0x30 reg=0x86 len=1
1778318228.494000 R= ret=0 data=00
1778318228.494000 W1 i2c=0x30 reg=0x0 val=0xd
1778318228.494000 W  i2c=0x30 reg=0x0 len=1 data=0d
1778318228.495000 R  i2c=0x30 reg=0x86 len=1
1778318228.499000 R= ret=0 data=00
1778318228.499000 W1 i2c=0xdc reg=0x8 val=0x1
1778318228.499000 W  i2c=0xdc reg=0x8 len=1 data=01
1778318228.500000 W  i2c=0xc0 reg=0x87 len=2 data=c4 41
1778318228.501000 W  i2c=0xc0 reg=0x59 len=2 data=05 01
1778318228.502000 R  i2c=0xc0 reg=0x5b len=1
1778318228.506000 R= ret=0 data=2b
1778318228.506000 W  i2c=0xc0 reg=0x59 len=2 data=03 01
1778318228.507000 R  i2c=0xc0 reg=0x5b len=1
1778318228.511000 R= ret=0 data=08
1778318228.511000 W1 i2c=0xc0 reg=0x59 val=0x4
1778318228.511000 W  i2c=0xc0 reg=0x59 len=1 data=04
1778318228.512000 W1 i2c=0xc0 reg=0x88 val=0x0
1778318228.512000 W  i2c=0xc0 reg=0x88 len=1 data=00
1778318228.513000 W1 i2c=0xc0 reg=0x87 val=0xc0
1778318228.513000 W  i2c=0xc0 reg=0x87 len=1 data=c0
1778318228.513000 R  i2c=0xc0 reg=0x69 len=1
1778318228.517000 R= ret=0 data=88
1778318228.517000 W1 i2c=0xdc reg=0x8 val=0x0
1778318228.517000 W  i2c=0xdc reg=0x8 len=1 data=00
1778318228.894000 nativeTune -> 533000
1778318228.894000 DRV_acquire: oldStd=0x5 freq=533000 -> ATSC 1.0
1778318228.894000 >>> sony_cxd6801_integ_atsc_Tune
1778318228.894000 >>> sony_cxd6801_demod_atsc_Tune
1778318228.894000 >>> sony_cxd6801_demod_SetStreamOutput
1778318228.894000 W1 i2c=0xd8 reg=0x0 val=0x0
1778318228.894000 W  i2c=0xd8 reg=0x0 len=1 data=00
1778318228.896000 R  i2c=0xd8 reg=0xa9 len=1
1778318228.900000 R= ret=0 data=00
1778318228.900000 W1 i2c=0xd8 reg=0x0 val=0x0
1778318228.900000 W  i2c=0xd8 reg=0x0 len=1 data=00
1778318228.901000 W1 i2c=0xd8 reg=0xc3 val=0x1
1778318228.901000 W  i2c=0xd8 reg=0xc3 len=1 data=01
1778318228.902000 <<< sony_cxd6801_demod_SetStreamOutput ret=0
1778318228.902000 <<< sony_cxd6801_demod_atsc_Tune ret=0
1778318228.902000 W1 i2c=0xdc reg=0x8 val=0x1
1778318228.902000 W  i2c=0xdc reg=0x8 len=1 data=01
1778318228.903000 B  i2c=0xc0 reg=0x74 val=0x2 mask=0x3
1778318228.903000 R  i2c=0xc0 reg=0x74 len=1
1778318228.906000 R= ret=0 data=11
1778318228.906000 W1 i2c=0xc0 reg=0x74 val=0x12
1778318228.906000 W  i2c=0xc0 reg=0x74 len=1 data=12
1778318228.907000 W  i2c=0xc0 reg=0x87 len=2 data=c4 40
1778318228.908000 W  i2c=0xc0 reg=0x91 len=2 data=10 20
1778318228.910000 W  i2c=0xc0 reg=0x9c len=2 data=00 00
1778318228.911000 W  i2c=0xc0 reg=0x5e len=9 data=ee 02 1e 67 03 b4 78 08
1778318228.912000 B  i2c=0xc0 reg=0x67 val=0x0 mask=0x6
1778318228.912000 R  i2c=0xc0 reg=0x67 len=1
1778318228.916000 R= ret=0 data=00
1778318228.916000 W1 i2c=0xc0 reg=0x67 val=0x0
1778318228.916000 W  i2c=0xc0 reg=0x67 len=1 data=00
1778318228.917000 W  i2c=0xc0 reg=0x68 len=17 data=00 88 00 0b 23 00 1a 1d
1778318228.969000 W1 i2c=0xc0 reg=0x88 val=0x0
1778318228.969000 W  i2c=0xc0 reg=0x88 len=1 data=00
1778318228.970000 W1 i2c=0xc0 reg=0x87 val=0xc0
1778318228.970000 W  i2c=0xc0 reg=0x87 len=1 data=c0
1778318228.971000 W1 i2c=0xdc reg=0x8 val=0x0
1778318228.971000 W  i2c=0xdc reg=0x8 len=1 data=00
1778318228.972000 W1 i2c=0x98 reg=0x0 val=0x1
1778318228.972000 W  i2c=0x98 reg=0x0 len=1 data=01
1778318228.973000 W1 i2c=0x98 reg=0x48 val=0x1
1778318228.973000 W  i2c=0x98 reg=0x48 len=1 data=01
1778318228.974000 W  i2c=0x98 reg=0xa len=6 data=b3 10 00 00 00 00
1778318228.975000 R  i2c=0x98 reg=0xa len=6
1778318228.979000 R= ret=0 data=30 00 00 00 00 b3
1778318228.979000 >>> sony_cxd6801_demod_SetStreamOutput
1778318228.979000 W1 i2c=0xd8 reg=0x0 val=0x0
1778318228.979000 W  i2c=0xd8 reg=0x0 len=1 data=00
1778318228.980000 R  i2c=0xd8 reg=0xa9 len=1
1778318228.984000 R= ret=0 data=00
1778318228.984000 W1 i2c=0xd8 reg=0x0 val=0x0
1778318228.984000 W  i2c=0xd8 reg=0x0 len=1 data=00
1778318228.984000 W1 i2c=0xd8 reg=0xc3 val=0x0
1778318228.984000 W  i2c=0xd8 reg=0xc3 len=1 data=00
1778318228.985000 <<< sony_cxd6801_demod_SetStreamOutput ret=0
1778318228.985000 W1 i2c=0x30 reg=0x0 val=0xf
1778318228.985000 W  i2c=0x30 reg=0x0 len=1 data=0f
1778318228.986000 R  i2c=0x30 reg=0x11 len=1
1778318228.990000 R= ret=0 data=00
1778318228.990000 W1 i2c=0x30 reg=0x0 val=0x9
1778318228.990000 W  i2c=0x30 reg=0x0 len=1 data=09
1778318228.990000 R  i2c=0x30 reg=0x62 len=1
1778318228.994000 R= ret=0 data=51
1778318228.994000 W1 i2c=0x30 reg=0x0 val=0xd
1778318228.994000 W  i2c=0x30 reg=0x0 len=1 data=0d
1778318228.995000 R  i2c=0x30 reg=0x86 len=1
1778318228.998000 R= ret=0 data=00
1778318229.010000 W1 i2c=0x30 reg=0x0 val=0xf
1778318229.010000 W  i2c=0x30 reg=0x0 len=1 data=0f
1778318229.011000 R  i2c=0x30 reg=0x11 len=1
1778318229.014000 R= ret=0 data=00
1778318229.014000 W1 i2c=0x30 reg=0x0 val=0x9
1778318229.014000 W  i2c=0x30 reg=0x0 len=1 data=09
1778318229.016000 R  i2c=0x30 reg=0x62 len=1
1778318229.019000 R= ret=0 data=51
1778318229.019000 W1 i2c=0x30 reg=0x0 val=0xd
1778318229.019000 W  i2c=0x30 reg=0x0 len=1 data=0d
1778318229.020000 R  i2c=0x30 reg=0x86 len=1
1778318229.024000 R= ret=0 data=00
1778318229.034000 W1 i2c=0x30 reg=0x0 val=0xf
1778318229.034000 W  i2c=0x30 reg=0x0 len=1 data=0f
1778318229.035000 R  i2c=0x30 reg=0x11 len=1
1778318229.039000 R= ret=0 data=00
1778318229.039000 W1 i2c=0x30 reg=0x0 val=0x9
1778318229.039000 W  i2c=0x30 reg=0x0 len=1 data=09
1778318229.040000 R  i2c=0x30 reg=0x62 len=1
1778318229.043000 R= ret=0 data=51
1778318229.043000 W1 i2c=0x30 reg=0x0 val=0xd
1778318229.043000 W  i2c=0x30 reg=0x0 len=1 data=0d
1778318229.044000 R  i2c=0x30 reg=0x86 len=1
1778318229.048000 R= ret=0 data=00
1778318229.060000 W1 i2c=0x30 reg=0x0 val=0xf
1778318229.060000 W  i2c=0x30 reg=0x0 len=1 data=0f
1778318229.061000 R  i2c=0x30 reg=0x11 len=1
1778318229.064000 R= ret=0 data=00
1778318229.064000 W1 i2c=0x30 reg=0x0 val=0x9
1778318229.065000 W  i2c=0x30 reg=0x0 len=1 data=09
1778318229.065000 R  i2c=0x30 reg=0x62 len=1
1778318229.069000 R= ret=0 data=51
1778318229.069000 W1 i2c=0x30 reg=0x0 val=0xd
1778318229.069000 W  i2c=0x30 reg=0x0 len=1 data=0d
1778318229.070000 R  i2c=0x30 reg=0x86 len=1
1778318229.073000 R= ret=0 data=00
1778318229.084000 W1 i2c=0x30 reg=0x0 val=0xf
1778318229.084000 W  i2c=0x30 reg=0x0 len=1 data=0f
1778318229.085000 R  i2c=0x30 reg=0x11 len=1
1778318229.088000 R= ret=0 data=00
1778318229.088000 W1 i2c=0x30 reg=0x0 val=0x9
1778318229.088000 W  i2c=0x30 reg=0x0 len=1 data=09
1778318229.089000 R  i2c=0x30 reg=0x62 len=1
1778318229.093000 R= ret=0 data=51
1778318229.093000 W1 i2c=0x30 reg=0x0 val=0xd
1778318229.093000 W  i2c=0x30 reg=0x0 len=1 data=0d
1778318229.094000 R  i2c=0x30 reg=0x86 len=1
1778318229.097000 R= ret=0 data=00
1778318229.108000 W1 i2c=0x30 reg=0x0 val=0xf
1778318229.108000 W  i2c=0x30 reg=0x0 len=1 data=0f
1778318229.109000 R  i2c=0x30 reg=0x11 len=1
1778318229.114000 R= ret=0 data=00
1778318229.114000 W1 i2c=0x30 reg=0x0 val=0x9
1778318229.114000 W  i2c=0x30 reg=0x0 len=1 data=09
1778318229.115000 R  i2c=0x30 reg=0x62 len=1
1778318229.118000 R= ret=0 data=51
1778318229.118000 W1 i2c=0x30 reg=0x0 val=0xd
1778318229.118000 W  i2c=0x30 reg=0x0 len=1 data=0d
1778318229.119000 R  i2c=0x30 reg=0x86 len=1
1778318229.123000 R= ret=0 data=00
1778318229.135000 W1 i2c=0x30 reg=0x0 val=0xf
1778318229.135000 W  i2c=0x30 reg=0x0 len=1 data=0f
1778318229.136000 R  i2c=0x30 reg=0x11 len=1
1778318229.140000 R= ret=0 data=00
1778318229.140000 W1 i2c=0x30 reg=0x0 val=0x9
1778318229.140000 W  i2c=0x30 reg=0x0 len=1 data=09
1778318229.141000 R  i2c=0x30 reg=0x62 len=1
1778318229.145000 R= ret=0 data=51
1778318229.145000 W1 i2c=0x30 reg=0x0 val=0xd
1778318229.145000 W  i2c=0x30 reg=0x0 len=1 data=0d
1778318229.146000 R  i2c=0x30 reg=0x86 len=1
1778318229.149000 R= ret=0 data=00
1778318229.160000 W1 i2c=0x30 reg=0x0 val=0xf
1778318229.160000 W  i2c=0x30 reg=0x0 len=1 data=0f
1778318229.161000 R  i2c=0x30 reg=0x11 len=1
1778318229.165000 R= ret=0 data=00
1778318229.165000 W1 i2c=0x30 reg=0x0 val=0x9
1778318229.165000 W  i2c=0x30 reg=0x0 len=1 data=09
1778318229.166000 R  i2c=0x30 reg=0x62 len=1
1778318229.169000 R= ret=0 data=51
1778318229.169000 W1 i2c=0x30 reg=0x0 val=0xd
1778318229.169000 W  i2c=0x30 reg=0x0 len=1 data=0d
1778318229.170000 R  i2c=0x30 reg=0x86 len=1
1778318229.174000 R= ret=0 data=00
1778318229.186000 W1 i2c=0x30 reg=0x0 val=0xf
1778318229.186000 W  i2c=0x30 reg=0x0 len=1 data=0f
1778318229.187000 R  i2c=0x30 reg=0x11 len=1
1778318229.191000 R= ret=0 data=00
1778318229.191000 W1 i2c=0x30 reg=0x0 val=0x9
1778318229.191000 W  i2c=0x30 reg=0x0 len=1 data=09
1778318229.192000 R  i2c=0x30 reg=0x62 len=1
1778318229.195000 R= ret=0 data=51
1778318229.195000 W1 i2c=0x30 reg=0x0 val=0xd
1778318229.195000 W  i2c=0x30 reg=0x0 len=1 data=0d
1778318229.196000 R  i2c=0x30 reg=0x86 len=1
1778318229.199000 R= ret=0 data=00
1778318229.211000 W1 i2c=0x30 reg=0x0 val=0xf
1778318229.211000 W  i2c=0x30 reg=0x0 len=1 data=0f
1778318229.213000 R  i2c=0x30 reg=0x11 len=1
1778318229.216000 R= ret=0 data=00
1778318229.216000 W1 i2c=0x30 reg=0x0 val=0x9
1778318229.216000 W  i2c=0x30 reg=0x0 len=1 data=09
1778318229.217000 R  i2c=0x30 reg=0x62 len=1
1778318229.220000 R= ret=0 data=51
1778318229.220000 W1 i2c=0x30 reg=0x0 val=0xd
1778318229.220000 W  i2c=0x30 reg=0x0 len=1 data=0d
1778318229.221000 R  i2c=0x30 reg=0x86 len=1
1778318229.225000 R= ret=0 data=00
1778318229.235000 W1 i2c=0x30 reg=0x0 val=0xf
1778318229.235000 W  i2c=0x30 reg=0x0 len=1 data=0f
1778318229.236000 R  i2c=0x30 reg=0x11 len=1
1778318229.240000 R= ret=0 data=00
1778318229.240000 W1 i2c=0x30 reg=0x0 val=0x9
1778318229.240000 W  i2c=0x30 reg=0x0 len=1 data=09
1778318229.241000 R  i2c=0x30 reg=0x62 len=1
1778318229.244000 R= ret=0 data=51
1778318229.244000 W1 i2c=0x30 reg=0x0 val=0xd
1778318229.244000 W  i2c=0x30 reg=0x0 len=1 data=0d
1778318229.245000 R  i2c=0x30 reg=0x86 len=1
1778318229.248000 R= ret=0 data=00
1778318229.259000 W1 i2c=0x30 reg=0x0 val=0xf
1778318229.259000 W  i2c=0x30 reg=0x0 len=1 data=0f
1778318229.260000 R  i2c=0x30 reg=0x11 len=1
1778318229.263000 R= ret=0 data=00
1778318229.263000 W1 i2c=0x30 reg=0x0 val=0x9
1778318229.263000 W  i2c=0x30 reg=0x0 len=1 data=09
1778318229.264000 R  i2c=0x30 reg=0x62 len=1
1778318229.267000 R= ret=0 data=51
1778318229.267000 W1 i2c=0x30 reg=0x0 val=0xd
1778318229.267000 W  i2c=0x30 reg=0x0 len=1 data=0d
1778318229.269000 R  i2c=0x30 reg=0x86 len=1
1778318229.272000 R= ret=0 data=00
1778318229.282000 W1 i2c=0x30 reg=0x0 val=0xf
1778318229.282000 W  i2c=0x30 reg=0x0 len=1 data=0f
1778318229.284000 R  i2c=0x30 reg=0x11 len=1
1778318229.287000 R= ret=0 data=00
1778318229.288000 W1 i2c=0x30 reg=0x0 val=0x9
1778318229.288000 W  i2c=0x30 reg=0x0 len=1 data=09
1778318229.289000 R  i2c=0x30 reg=0x62 len=1
1778318229.292000 R= ret=0 data=51
1778318229.292000 W1 i2c=0x30 reg=0x0 val=0xd
1778318229.292000 W  i2c=0x30 reg=0x0 len=1 data=0d
1778318229.293000 R  i2c=0x30 reg=0x86 len=1
1778318229.297000 R= ret=0 data=00
1778318229.308000 W1 i2c=0x30 reg=0x0 val=0xf
1778318229.308000 W  i2c=0x30 reg=0x0 len=1 data=0f
1778318229.310000 R  i2c=0x30 reg=0x11 len=1
1778318229.314000 R= ret=0 data=00
1778318229.314000 W1 i2c=0x30 reg=0x0 val=0x9
1778318229.314000 W  i2c=0x30 reg=0x0 len=1 data=09
1778318229.315000 R  i2c=0x30 reg=0x62 len=1
1778318229.318000 R= ret=0 data=51
1778318229.318000 W1 i2c=0x30 reg=0x0 val=0xd
1778318229.318000 W  i2c=0x30 reg=0x0 len=1 data=0d
1778318229.319000 R  i2c=0x30 reg=0x86 len=1
1778318229.320000 W1 i2c=0x30 reg=0x0 val=0xf
1778318229.320000 W  i2c=0x30 reg=0x0 len=1 data=0f
1778318229.323000 R= ret=0 data=00
1778318229.324000 R  i2c=0x30 reg=0x11 len=1
1778318229.328000 R= ret=0 data=00
1778318229.328000 W1 i2c=0x30 reg=0x0 val=0x9
1778318229.328000 W  i2c=0x30 reg=0x0 len=1 data=09
1778318229.329000 R  i2c=0x30 reg=0x62 len=1
1778318229.332000 R= ret=0 data=51
1778318229.332000 W1 i2c=0x30 reg=0x0 val=0xd
1778318229.332000 W  i2c=0x30 reg=0x0 len=1 data=0d
1778318229.333000 R  i2c=0x30 reg=0x86 len=1
1778318229.333000 W1 i2c=0x30 reg=0x0 val=0xf
1778318229.334000 W  i2c=0x30 reg=0x0 len=1 data=0f
1778318229.337000 R= ret=0 data=00
1778318229.337000 W1 i2c=0x30 reg=0x0 val=0xd
1778318229.337000 W  i2c=0x30 reg=0x0 len=1 data=0d
1778318229.338000 R  i2c=0x30 reg=0x11 len=1
1778318229.339000 R  i2c=0x30 reg=0x86 len=1
1778318229.342000 R= ret=0 data=00
1778318229.342000 W1 i2c=0x30 reg=0x0 val=0x9
1778318229.342000 W  i2c=0x30 reg=0x0 len=1 data=09
1778318229.346000 R= ret=0 data=00
1778318229.346000 W1 i2c=0x30 reg=0x0 val=0xd
1778318229.346000 W  i2c=0x30 reg=0x0 len=1 data=0d
1778318229.347000 R  i2c=0x30 reg=0x62 len=1
1778318229.348000 R  i2c=0x30 reg=0x86 len=1
1778318229.352000 R= ret=0 data=00
1778318229.352000 W1 i2c=0x30 reg=0x0 val=0xd
1778318229.352000 W  i2c=0x30 reg=0x0 len=1 data=0d
1778318229.355000 R= ret=0 data=00
1778318229.355000 W1 i2c=0xdc reg=0x8 val=0x1
1778318229.355000 W  i2c=0xdc reg=0x8 len=1 data=01
1778318229.356000 R  i2c=0x30 reg=0x86 len=1
1778318229.357000 W  i2c=0xc0 reg=0x87 len=2 data=c4 41
1778318229.361000 R= ret=0 data=00
1778318229.362000 W  i2c=0xc0 reg=0x59 len=2 data=05 01
1778318229.363000 R  i2c=0xc0 reg=0x5b len=1
1778318229.366000 R= ret=0 data=2e
1778318229.366000 W  i2c=0xc0 reg=0x59 len=2 data=03 01
1778318229.367000 R  i2c=0xc0 reg=0x5b len=1
1778318229.370000 R= ret=0 data=08
1778318229.370000 W1 i2c=0xc0 reg=0x59 val=0x4
1778318229.370000 W  i2c=0xc0 reg=0x59 len=1 data=04
1778318229.371000 W1 i2c=0x30 reg=0x0 val=0xf
1778318229.371000 W  i2c=0x30 reg=0x0 len=1 data=0f
1778318229.371000 W1 i2c=0xc0 reg=0x88 val=0x0
1778318229.371000 W  i2c=0xc0 reg=0x88 len=1 data=00
1778318229.373000 W1 i2c=0xc0 reg=0x87 val=0xc0
1778318229.373000 W  i2c=0xc0 reg=0x87 len=1 data=c0
1778318229.374000 R  i2c=0x30 reg=0x11 len=1
1778318229.375000 R  i2c=0xc0 reg=0x69 len=1
1778318229.379000 R= ret=0 data=00
1778318229.379000 W1 i2c=0x30 reg=0x0 val=0x9
1778318229.379000 W  i2c=0x30 reg=0x0 len=1 data=09
1778318229.382000 R= ret=0 data=88
1778318229.382000 W1 i2c=0xdc reg=0x8 val=0x0
1778318229.382000 W  i2c=0xdc reg=0x8 len=1 data=00
1778318229.383000 R  i2c=0x30 reg=0x62 len=1
1778318229.387000 R= ret=0 data=51
1778318229.387000 W1 i2c=0x30 reg=0x0 val=0xd
1778318229.387000 W  i2c=0x30 reg=0x0 len=1 data=0d
1778318229.388000 R  i2c=0x30 reg=0x86 len=1
1778318229.391000 R= ret=0 data=00
1778318229.402000 W1 i2c=0x30 reg=0x0 val=0xf
1778318229.402000 W  i2c=0x30 reg=0x0 len=1 data=0f
1778318229.403000 R  i2c=0x30 reg=0x11 len=1
1778318229.406000 R= ret=0 data=00
1778318229.406000 W1 i2c=0x30 reg=0x0 val=0x9
1778318229.406000 W  i2c=0x30 reg=0x0 len=1 data=09
1778318229.407000 R  i2c=0x30 reg=0x62 len=1
1778318229.410000 R= ret=0 data=51
1778318229.410000 W1 i2c=0x30 reg=0x0 val=0xd
1778318229.410000 W  i2c=0x30 reg=0x0 len=1 data=0d
1778318229.411000 R  i2c=0x30 reg=0x86 len=1
1778318229.415000 R= ret=0 data=00
1778318229.426000 W1 i2c=0x30 reg=0x0 val=0xf
1778318229.426000 W  i2c=0x30 reg=0x0 len=1 data=0f
1778318229.427000 R  i2c=0x30 reg=0x11 len=1
1778318229.430000 R= ret=0 data=00
1778318229.430000 W1 i2c=0x30 reg=0x0 val=0x9
1778318229.430000 W  i2c=0x30 reg=0x0 len=1 data=09
1778318229.431000 R  i2c=0x30 reg=0x62 len=1
1778318229.435000 R= ret=0 data=51
1778318229.435000 W1 i2c=0x30 reg=0x0 val=0xd
1778318229.435000 W  i2c=0x30 reg=0x0 len=1 data=0d
1778318229.436000 R  i2c=0x30 reg=0x86 len=1
1778318229.439000 R= ret=0 data=00
1778318229.451000 W1 i2c=0x30 reg=0x0 val=0xf
1778318229.451000 W  i2c=0x30 reg=0x0 len=1 data=0f
1778318229.452000 R  i2c=0x30 reg=0x11 len=1
1778318229.455000 R= ret=0 data=00
1778318229.455000 W1 i2c=0x30 reg=0x0 val=0x9
1778318229.455000 W  i2c=0x30 reg=0x0 len=1 data=09
1778318229.456000 R  i2c=0x30 reg=0x62 len=1
1778318229.460000 R= ret=0 data=51
1778318229.460000 W1 i2c=0x30 reg=0x0 val=0xd
1778318229.460000 W  i2c=0x30 reg=0x0 len=1 data=0d
1778318229.461000 R  i2c=0x30 reg=0x86 len=1
1778318229.464000 R= ret=0 data=00
1778318229.476000 W1 i2c=0x30 reg=0x0 val=0xf
1778318229.476000 W  i2c=0x30 reg=0x0 len=1 data=0f
1778318229.477000 R  i2c=0x30 reg=0x11 len=1
1778318229.480000 R= ret=0 data=00
1778318229.480000 W1 i2c=0x30 reg=0x0 val=0x9
1778318229.480000 W  i2c=0x30 reg=0x0 len=1 data=09
1778318229.481000 R  i2c=0x30 reg=0x62 len=1
1778318229.485000 R= ret=0 data=51
1778318229.485000 W1 i2c=0x30 reg=0x0 val=0xd
1778318229.485000 W  i2c=0x30 reg=0x0 len=1 data=0d
1778318229.486000 R  i2c=0x30 reg=0x86 len=1
1778318229.489000 R= ret=0 data=00
1778318229.500000 W1 i2c=0x30 reg=0x0 val=0xf
1778318229.500000 W  i2c=0x30 reg=0x0 len=1 data=0f
1778318229.501000 R  i2c=0x30 reg=0x11 len=1
1778318229.505000 R= ret=0 data=00
1778318229.505000 W1 i2c=0x30 reg=0x0 val=0x9
1778318229.505000 W  i2c=0x30 reg=0x0 len=1 data=09
1778318229.506000 R  i2c=0x30 reg=0x62 len=1
1778318229.509000 R= ret=0 data=51
1778318229.509000 W1 i2c=0x30 reg=0x0 val=0xd
1778318229.509000 W  i2c=0x30 reg=0x0 len=1 data=0d
1778318229.511000 R  i2c=0x30 reg=0x86 len=1
1778318229.514000 R= ret=0 data=00
1778318229.524000 W1 i2c=0x30 reg=0x0 val=0xf
1778318229.524000 W  i2c=0x30 reg=0x0 len=1 data=0f
1778318229.525000 R  i2c=0x30 reg=0x11 len=1
1778318229.529000 R= ret=0 data=00
1778318229.529000 W1 i2c=0x30 reg=0x0 val=0x9
1778318229.529000 W  i2c=0x30 reg=0x0 len=1 data=09
1778318229.530000 R  i2c=0x30 reg=0x62 len=1
1778318229.534000 R= ret=0 data=51
1778318229.534000 W1 i2c=0x30 reg=0x0 val=0xd
1778318229.534000 W  i2c=0x30 reg=0x0 len=1 data=0d
1778318229.535000 R  i2c=0x30 reg=0x86 len=1
1778318229.538000 R= ret=0 data=00
1778318229.548000 W1 i2c=0x30 reg=0x0 val=0xf
1778318229.548000 W  i2c=0x30 reg=0x0 len=1 data=0f
1778318229.549000 R  i2c=0x30 reg=0x11 len=1
1778318229.553000 R= ret=0 data=00
1778318229.553000 W1 i2c=0x30 reg=0x0 val=0x9
1778318229.553000 W  i2c=0x30 reg=0x0 len=1 data=09
1778318229.554000 R  i2c=0x30 reg=0x62 len=1
1778318229.557000 R= ret=0 data=51
1778318229.557000 W1 i2c=0x30 reg=0x0 val=0xd
1778318229.557000 W  i2c=0x30 reg=0x0 len=1 data=0d
1778318229.558000 R  i2c=0x30 reg=0x86 len=1
1778318229.561000 R= ret=0 data=00
1778318229.573000 W1 i2c=0x30 reg=0x0 val=0xf
1778318229.573000 W  i2c=0x30 reg=0x0 len=1 data=0f
1778318229.574000 R  i2c=0x30 reg=0x11 len=1
1778318229.577000 R= ret=0 data=00
1778318229.577000 W1 i2c=0x30 reg=0x0 val=0x9
1778318229.577000 W  i2c=0x30 reg=0x0 len=1 data=09
1778318229.578000 R  i2c=0x30 reg=0x62 len=1
1778318229.582000 R= ret=0 data=51
1778318229.582000 W1 i2c=0x30 reg=0x0 val=0xd
1778318229.582000 W  i2c=0x30 reg=0x0 len=1 data=0d
1778318229.583000 R  i2c=0x30 reg=0x86 len=1
1778318229.586000 R= ret=0 data=00
1778318229.598000 W1 i2c=0x30 reg=0x0 val=0xf
1778318229.598000 W  i2c=0x30 reg=0x0 len=1 data=0f
1778318229.599000 R  i2c=0x30 reg=0x11 len=1
1778318229.602000 R= ret=0 data=00
1778318229.602000 W1 i2c=0x30 reg=0x0 val=0x9
1778318229.602000 W  i2c=0x30 reg=0x0 len=1 data=09
1778318229.603000 R  i2c=0x30 reg=0x62 len=1
1778318229.606000 R= ret=0 data=51
1778318229.606000 W1 i2c=0x30 reg=0x0 val=0xd
1778318229.606000 W  i2c=0x30 reg=0x0 len=1 data=0d
1778318229.607000 R  i2c=0x30 reg=0x86 len=1
1778318229.611000 R= ret=0 data=00
1778318229.621000 W1 i2c=0x30 reg=0x0 val=0xf
1778318229.621000 W  i2c=0x30 reg=0x0 len=1 data=0f
1778318229.622000 R  i2c=0x30 reg=0x11 len=1
1778318229.625000 R= ret=0 data=00
1778318229.625000 W1 i2c=0x30 reg=0x0 val=0x9
1778318229.625000 W  i2c=0x30 reg=0x0 len=1 data=09
1778318229.626000 R  i2c=0x30 reg=0x62 len=1
1778318229.629000 R= ret=0 data=51
1778318229.629000 W1 i2c=0x30 reg=0x0 val=0xd
1778318229.629000 W  i2c=0x30 reg=0x0 len=1 data=0d
1778318229.630000 R  i2c=0x30 reg=0x86 len=1
1778318229.633000 R= ret=0 data=00
1778318229.643000 W1 i2c=0x30 reg=0x0 val=0xf
1778318229.643000 W  i2c=0x30 reg=0x0 len=1 data=0f
1778318229.644000 R  i2c=0x30 reg=0x11 len=1
1778318229.648000 R= ret=0 data=00
1778318229.648000 W1 i2c=0x30 reg=0x0 val=0x9
1778318229.648000 W  i2c=0x30 reg=0x0 len=1 data=09
1778318229.649000 R  i2c=0x30 reg=0x62 len=1
1778318229.652000 R= ret=0 data=51
1778318229.652000 W1 i2c=0x30 reg=0x0 val=0xd
1778318229.652000 W  i2c=0x30 reg=0x0 len=1 data=0d
1778318229.653000 R  i2c=0x30 reg=0x86 len=1
1778318229.656000 R= ret=0 data=00
1778318229.667000 W1 i2c=0x30 reg=0x0 val=0xf
1778318229.667000 W  i2c=0x30 reg=0x0 len=1 data=0f
1778318229.668000 R  i2c=0x30 reg=0x11 len=1
1778318229.672000 R= ret=0 data=00
1778318229.672000 W1 i2c=0x30 reg=0x0 val=0x9
1778318229.672000 W  i2c=0x30 reg=0x0 len=1 data=09
1778318229.673000 R  i2c=0x30 reg=0x62 len=1
1778318229.676000 R= ret=0 data=51
1778318229.676000 W1 i2c=0x30 reg=0x0 val=0xd
1778318229.676000 W  i2c=0x30 reg=0x0 len=1 data=0d
1778318229.677000 R  i2c=0x30 reg=0x86 len=1
1778318229.681000 R= ret=0 data=00
1778318229.691000 W1 i2c=0x30 reg=0x0 val=0xf
1778318229.691000 W  i2c=0x30 reg=0x0 len=1 data=0f
1778318229.692000 R  i2c=0x30 reg=0x11 len=1
1778318229.696000 R= ret=0 data=00
1778318229.696000 W1 i2c=0x30 reg=0x0 val=0x9
1778318229.696000 W  i2c=0x30 reg=0x0 len=1 data=09
1778318229.697000 R  i2c=0x30 reg=0x62 len=1
1778318229.701000 R= ret=0 data=51
1778318229.701000 W1 i2c=0x30 reg=0x0 val=0xd
1778318229.701000 W  i2c=0x30 reg=0x0 len=1 data=0d
1778318229.702000 R  i2c=0x30 reg=0x86 len=1
1778318229.705000 R= ret=0 data=00
1778318229.715000 W1 i2c=0x30 reg=0x0 val=0xf
1778318229.716000 W  i2c=0x30 reg=0x0 len=1 data=0f
1778318229.717000 R  i2c=0x30 reg=0x11 len=1
1778318229.720000 R= ret=0 data=00
1778318229.720000 W1 i2c=0x30 reg=0x0 val=0x9
1778318229.720000 W  i2c=0x30 reg=0x0 len=1 data=09
1778318229.721000 R  i2c=0x30 reg=0x62 len=1
1778318229.724000 R= ret=0 data=51
1778318229.724000 W1 i2c=0x30 reg=0x0 val=0xd
1778318229.724000 W  i2c=0x30 reg=0x0 len=1 data=0d
1778318229.725000 R  i2c=0x30 reg=0x86 len=1
1778318229.728000 R= ret=0 data=00
1778318229.739000 W1 i2c=0x30 reg=0x0 val=0xf
1778318229.739000 W  i2c=0x30 reg=0x0 len=1 data=0f
1778318229.740000 R  i2c=0x30 reg=0x11 len=1
1778318229.743000 R= ret=0 data=00
1778318229.743000 W1 i2c=0x30 reg=0x0 val=0x9
1778318229.743000 W  i2c=0x30 reg=0x0 len=1 data=09
1778318229.744000 R  i2c=0x30 reg=0x62 len=1
1778318229.748000 R= ret=0 data=51
1778318229.748000 W1 i2c=0x30 reg=0x0 val=0xd
1778318229.748000 W  i2c=0x30 reg=0x0 len=1 data=0d
1778318229.749000 R  i2c=0x30 reg=0x86 len=1
1778318229.752000 R= ret=0 data=00
1778318229.764000 W1 i2c=0x30 reg=0x0 val=0xf
1778318229.764000 W  i2c=0x30 reg=0x0 len=1 data=0f
1778318229.765000 R  i2c=0x30 reg=0x11 len=1
1778318229.769000 R= ret=0 data=00
1778318229.769000 W1 i2c=0x30 reg=0x0 val=0x9
1778318229.769000 W  i2c=0x30 reg=0x0 len=1 data=09
1778318229.770000 R  i2c=0x30 reg=0x62 len=1
1778318229.773000 R= ret=0 data=51
1778318229.773000 W1 i2c=0x30 reg=0x0 val=0xd
1778318229.773000 W  i2c=0x30 reg=0x0 len=1 data=0d
1778318229.774000 R  i2c=0x30 reg=0x86 len=1
1778318229.778000 R= ret=0 data=00
1778318229.790000 W1 i2c=0x30 reg=0x0 val=0xf
1778318229.790000 W  i2c=0x30 reg=0x0 len=1 data=0f
1778318229.791000 R  i2c=0x30 reg=0x11 len=1
1778318229.795000 R= ret=0 data=00
1778318229.795000 W1 i2c=0x30 reg=0x0 val=0x9
1778318229.795000 W  i2c=0x30 reg=0x0 len=1 data=09
1778318229.796000 R  i2c=0x30 reg=0x62 len=1
1778318229.800000 R= ret=0 data=51
1778318229.800000 W1 i2c=0x30 reg=0x0 val=0xd
1778318229.800000 W  i2c=0x30 reg=0x0 len=1 data=0d
1778318229.800000 R  i2c=0x30 reg=0x86 len=1
1778318229.804000 R= ret=0 data=00
1778318229.814000 W1 i2c=0x30 reg=0x0 val=0xf
1778318229.814000 W  i2c=0x30 reg=0x0 len=1 data=0f
1778318229.815000 R  i2c=0x30 reg=0x11 len=1
1778318229.819000 R= ret=0 data=00
1778318229.819000 W1 i2c=0x30 reg=0x0 val=0x9
1778318229.819000 W  i2c=0x30 reg=0x0 len=1 data=09
1778318229.820000 R  i2c=0x30 reg=0x62 len=1
1778318229.823000 R= ret=0 data=51
1778318229.823000 W1 i2c=0x30 reg=0x0 val=0xd
1778318229.823000 W  i2c=0x30 reg=0x0 len=1 data=0d
1778318229.824000 R  i2c=0x30 reg=0x86 len=1
1778318229.828000 R= ret=0 data=00
1778318229.838000 W1 i2c=0x30 reg=0x0 val=0xf
1778318229.838000 W  i2c=0x30 reg=0x0 len=1 data=0f
1778318229.839000 R  i2c=0x30 reg=0x11 len=1
1778318229.842000 R= ret=0 data=00
1778318229.842000 W1 i2c=0x30 reg=0x0 val=0x9
1778318229.842000 W  i2c=0x30 reg=0x0 len=1 data=09
1778318229.843000 R  i2c=0x30 reg=0x62 len=1
1778318229.847000 R= ret=0 data=51
1778318229.847000 W1 i2c=0x30 reg=0x0 val=0xd
1778318229.847000 W  i2c=0x30 reg=0x0 len=1 data=0d
1778318229.848000 R  i2c=0x30 reg=0x86 len=1
1778318229.851000 R= ret=0 data=00
1778318229.861000 W1 i2c=0x30 reg=0x0 val=0xf
1778318229.861000 W  i2c=0x30 reg=0x0 len=1 data=0f
1778318229.862000 R  i2c=0x30 reg=0x11 len=1
1778318229.866000 R= ret=0 data=00
1778318229.866000 W1 i2c=0x30 reg=0x0 val=0x9
1778318229.866000 W  i2c=0x30 reg=0x0 len=1 data=09
1778318229.866000 R  i2c=0x30 reg=0x62 len=1
1778318229.870000 R= ret=0 data=51
1778318229.870000 W1 i2c=0x30 reg=0x0 val=0xd
1778318229.870000 W  i2c=0x30 reg=0x0 len=1 data=0d
1778318229.871000 R  i2c=0x30 reg=0x86 len=1
1778318229.874000 R= ret=0 data=00
1778318229.885000 W1 i2c=0x30 reg=0x0 val=0xf
1778318229.885000 W  i2c=0x30 reg=0x0 len=1 data=0f
1778318229.886000 R  i2c=0x30 reg=0x11 len=1
1778318229.889000 R= ret=0 data=00
1778318229.889000 W1 i2c=0x30 reg=0x0 val=0x9
1778318229.889000 W  i2c=0x30 reg=0x0 len=1 data=09
1778318229.890000 R  i2c=0x30 reg=0x62 len=1
1778318229.893000 R= ret=0 data=51
1778318229.893000 W1 i2c=0x30 reg=0x0 val=0xd
1778318229.893000 W  i2c=0x30 reg=0x0 len=1 data=0d
1778318229.894000 R  i2c=0x30 reg=0x86 len=1
1778318229.898000 R= ret=0 data=00
1778318229.908000 W1 i2c=0x30 reg=0x0 val=0xf
1778318229.909000 W  i2c=0x30 reg=0x0 len=1 data=0f
1778318229.910000 R  i2c=0x30 reg=0x11 len=1
1778318229.914000 R= ret=0 data=00
1778318229.914000 W1 i2c=0x30 reg=0x0 val=0x9
1778318229.914000 W  i2c=0x30 reg=0x0 len=1 data=09
1778318229.915000 R  i2c=0x30 reg=0x62 len=1
1778318229.918000 R= ret=0 data=51
1778318229.918000 W1 i2c=0x30 reg=0x0 val=0xd
1778318229.918000 W  i2c=0x30 reg=0x0 len=1 data=0d
1778318229.919000 R  i2c=0x30 reg=0x86 len=1
1778318229.923000 R= ret=0 data=00
1778318229.935000 W1 i2c=0x30 reg=0x0 val=0xf
1778318229.935000 W  i2c=0x30 reg=0x0 len=1 data=0f
1778318229.936000 R  i2c=0x30 reg=0x11 len=1
1778318229.939000 R= ret=0 data=00
1778318229.939000 W1 i2c=0x30 reg=0x0 val=0x9
1778318229.939000 W  i2c=0x30 reg=0x0 len=1 data=09
1778318229.940000 R  i2c=0x30 reg=0x62 len=1
1778318229.944000 R= ret=0 data=51
1778318229.944000 W1 i2c=0x30 reg=0x0 val=0xd
1778318229.944000 W  i2c=0x30 reg=0x0 len=1 data=0d
1778318229.945000 R  i2c=0x30 reg=0x86 len=1
1778318229.948000 R= ret=0 data=00
1778318229.958000 W1 i2c=0x30 reg=0x0 val=0xf
1778318229.959000 W  i2c=0x30 reg=0x0 len=1 data=0f
1778318229.960000 R  i2c=0x30 reg=0x11 len=1
1778318229.963000 R= ret=0 data=00
1778318229.963000 W1 i2c=0x30 reg=0x0 val=0x9
1778318229.963000 W  i2c=0x30 reg=0x0 len=1 data=09
1778318229.964000 R  i2c=0x30 reg=0x62 len=1
1778318229.968000 R= ret=0 data=51
1778318229.968000 W1 i2c=0x30 reg=0x0 val=0xd
1778318229.968000 W  i2c=0x30 reg=0x0 len=1 data=0d
1778318229.968000 R  i2c=0x30 reg=0x86 len=1
1778318229.972000 R= ret=0 data=00
1778318229.982000 W1 i2c=0x30 reg=0x0 val=0xf
1778318229.982000 W  i2c=0x30 reg=0x0 len=1 data=0f
1778318229.983000 R  i2c=0x30 reg=0x11 len=1
1778318229.986000 R= ret=0 data=00
1778318229.986000 W1 i2c=0x30 reg=0x0 val=0x9
1778318229.986000 W  i2c=0x30 reg=0x0 len=1 data=09
1778318229.987000 R  i2c=0x30 reg=0x62 len=1
1778318229.991000 R= ret=0 data=51
1778318229.991000 W1 i2c=0x30 reg=0x0 val=0xd
1778318229.991000 W  i2c=0x30 reg=0x0 len=1 data=0d
1778318229.992000 R  i2c=0x30 reg=0x86 len=1
1778318229.995000 R= ret=0 data=00
1778318230.006000 W1 i2c=0x30 reg=0x0 val=0xf
1778318230.006000 W  i2c=0x30 reg=0x0 len=1 data=0f
1778318230.007000 R  i2c=0x30 reg=0x11 len=1
1778318230.011000 R= ret=0 data=00
1778318230.011000 W1 i2c=0x30 reg=0x0 val=0x9
1778318230.011000 W  i2c=0x30 reg=0x0 len=1 data=09
1778318230.012000 R  i2c=0x30 reg=0x62 len=1
1778318230.016000 R= ret=0 data=51
1778318230.016000 W1 i2c=0x30 reg=0x0 val=0xd
1778318230.016000 W  i2c=0x30 reg=0x0 len=1 data=0d
1778318230.017000 R  i2c=0x30 reg=0x86 len=1
1778318230.020000 R= ret=0 data=00
1778318230.031000 W1 i2c=0x30 reg=0x0 val=0xf
1778318230.031000 W  i2c=0x30 reg=0x0 len=1 data=0f
1778318230.032000 R  i2c=0x30 reg=0x11 len=1
1778318230.036000 R= ret=0 data=00
1778318230.036000 W1 i2c=0x30 reg=0x0 val=0x9
1778318230.036000 W  i2c=0x30 reg=0x0 len=1 data=09
1778318230.037000 R  i2c=0x30 reg=0x62 len=1
1778318230.040000 R= ret=0 data=51
1778318230.040000 W1 i2c=0x30 reg=0x0 val=0xd
1778318230.040000 W  i2c=0x30 reg=0x0 len=1 data=0d
1778318230.041000 R  i2c=0x30 reg=0x86 len=1
1778318230.044000 R= ret=0 data=00
1778318230.055000 W1 i2c=0x30 reg=0x0 val=0xf
1778318230.055000 W  i2c=0x30 reg=0x0 len=1 data=0f
1778318230.056000 R  i2c=0x30 reg=0x11 len=1
1778318230.060000 R= ret=0 data=00
1778318230.060000 W1 i2c=0x30 reg=0x0 val=0x9
1778318230.060000 W  i2c=0x30 reg=0x0 len=1 data=09
1778318230.061000 R  i2c=0x30 reg=0x62 len=1
1778318230.064000 R= ret=0 data=41
1778318230.064000 W1 i2c=0x30 reg=0x0 val=0xd
1778318230.064000 W  i2c=0x30 reg=0x0 len=1 data=0d
1778318230.065000 R  i2c=0x30 reg=0x86 len=1
1778318230.068000 R= ret=0 data=00
1778318230.078000 W1 i2c=0x30 reg=0x0 val=0xf
1778318230.078000 W  i2c=0x30 reg=0x0 len=1 data=0f
1778318230.079000 R  i2c=0x30 reg=0x11 len=1
1778318230.083000 R= ret=0 data=00
1778318230.083000 W1 i2c=0x30 reg=0x0 val=0x9
1778318230.083000 W  i2c=0x30 reg=0x0 len=1 data=09
1778318230.084000 R  i2c=0x30 reg=0x62 len=1
1778318230.088000 R= ret=0 data=51
1778318230.088000 W1 i2c=0x30 reg=0x0 val=0xd
1778318230.088000 W  i2c=0x30 reg=0x0 len=1 data=0d
1778318230.089000 R  i2c=0x30 reg=0x86 len=1
1778318230.092000 R= ret=0 data=00
1778318230.103000 W1 i2c=0x30 reg=0x0 val=0xf
1778318230.103000 W  i2c=0x30 reg=0x0 len=1 data=0f
1778318230.105000 R  i2c=0x30 reg=0x11 len=1
1778318230.108000 R= ret=0 data=00
1778318230.108000 W1 i2c=0x30 reg=0x0 val=0x9
1778318230.108000 W  i2c=0x30 reg=0x0 len=1 data=09
1778318230.109000 R  i2c=0x30 reg=0x62 len=1
1778318230.114000 R= ret=0 data=51
1778318230.114000 W1 i2c=0x30 reg=0x0 val=0xd
1778318230.114000 W  i2c=0x30 reg=0x0 len=1 data=0d
1778318230.115000 R  i2c=0x30 reg=0x86 len=1
1778318230.119000 R= ret=0 data=00
1778318230.129000 W1 i2c=0x30 reg=0x0 val=0xf
1778318230.129000 W  i2c=0x30 reg=0x0 len=1 data=0f
1778318230.131000 R  i2c=0x30 reg=0x11 len=1
1778318230.134000 R= ret=0 data=00
1778318230.134000 W1 i2c=0x30 reg=0x0 val=0x9
1778318230.134000 W  i2c=0x30 reg=0x0 len=1 data=09
1778318230.136000 R  i2c=0x30 reg=0x62 len=1
1778318230.139000 R= ret=0 data=51
1778318230.139000 W1 i2c=0x30 reg=0x0 val=0xd
1778318230.139000 W  i2c=0x30 reg=0x0 len=1 data=0d
1778318230.140000 R  i2c=0x30 reg=0x86 len=1
1778318230.144000 R= ret=0 data=00
1778318230.155000 W1 i2c=0x30 reg=0x0 val=0xf
1778318230.155000 W  i2c=0x30 reg=0x0 len=1 data=0f
1778318230.156000 R  i2c=0x30 reg=0x11 len=1
1778318230.160000 R= ret=0 data=00
1778318230.160000 W1 i2c=0x30 reg=0x0 val=0x9
1778318230.160000 W  i2c=0x30 reg=0x0 len=1 data=09
1778318230.161000 R  i2c=0x30 reg=0x62 len=1
1778318230.164000 R= ret=0 data=51
1778318230.164000 W1 i2c=0x30 reg=0x0 val=0xd
1778318230.164000 W  i2c=0x30 reg=0x0 len=1 data=0d
1778318230.165000 R  i2c=0x30 reg=0x86 len=1
1778318230.169000 R= ret=0 data=00
1778318230.180000 W1 i2c=0x30 reg=0x0 val=0xf
1778318230.180000 W  i2c=0x30 reg=0x0 len=1 data=0f
1778318230.181000 R  i2c=0x30 reg=0x11 len=1
1778318230.184000 R= ret=0 data=00
1778318230.184000 W1 i2c=0x30 reg=0x0 val=0x9
1778318230.184000 W  i2c=0x30 reg=0x0 len=1 data=09
1778318230.184000 W1 i2c=0x30 reg=0x0 val=0xf
1778318230.184000 W  i2c=0x30 reg=0x0 len=1 data=0f
1778318230.185000 R  i2c=0x30 reg=0x62 len=1
1778318230.186000 R  i2c=0x30 reg=0x11 len=1
1778318230.189000 R= ret=0 data=00
1778318230.189000 W1 i2c=0x30 reg=0x0 val=0xd
1778318230.189000 W  i2c=0x30 reg=0x0 len=1 data=0d
1778318230.193000 R= ret=0 data=00
1778318230.193000 W1 i2c=0x30 reg=0x0 val=0x9
1778318230.193000 W  i2c=0x30 reg=0x0 len=1 data=09
1778318230.194000 R  i2c=0x30 reg=0x86 len=1
1778318230.195000 R  i2c=0x30 reg=0x62 len=1
1778318230.198000 R= ret=0 data=00
1778318230.201000 R= ret=0 data=51
1778318230.201000 W1 i2c=0x30 reg=0x0 val=0xd
1778318230.201000 W  i2c=0x30 reg=0x0 len=1 data=0d
1778318230.202000 R  i2c=0x30 reg=0x86 len=1
1778318230.206000 R= ret=0 data=00
1778318230.206000 W1 i2c=0x30 reg=0x0 val=0xd
1778318230.206000 W  i2c=0x30 reg=0x0 len=1 data=0d
1778318230.207000 R  i2c=0x30 reg=0x86 len=1
1778318230.208000 W1 i2c=0x30 reg=0x0 val=0xf
1778318230.208000 W  i2c=0x30 reg=0x0 len=1 data=0f
1778318230.211000 R= ret=0 data=00
1778318230.211000 W1 i2c=0x30 reg=0x0 val=0xd
1778318230.211000 W  i2c=0x30 reg=0x0 len=1 data=0d
1778318230.211000 R  i2c=0x30 reg=0x11 len=1
1778318230.212000 R  i2c=0x30 reg=0x86 len=1
1778318230.216000 R= ret=0 data=00
1778318230.216000 W1 i2c=0x30 reg=0x0 val=0x9
1778318230.216000 W  i2c=0x30 reg=0x0 len=1 data=09
1778318230.219000 R= ret=0 data=00
1778318230.219000 W1 i2c=0xdc reg=0x8 val=0x1
1778318230.219000 W  i2c=0xdc reg=0x8 len=1 data=01
1778318230.220000 R  i2c=0x30 reg=0x62 len=1
1778318230.221000 W  i2c=0xc0 reg=0x87 len=2 data=c4 41
1778318230.225000 R= ret=0 data=51
1778318230.225000 W1 i2c=0x30 reg=0x0 val=0xd
1778318230.225000 W  i2c=0x30 reg=0x0 len=1 data=0d
1778318230.226000 W  i2c=0xc0 reg=0x59 len=2 data=05 01
1778318230.227000 R  i2c=0x30 reg=0x86 len=1
1778318230.228000 R  i2c=0xc0 reg=0x5b len=1
1778318230.231000 R= ret=0 data=2e
1778318230.231000 W  i2c=0xc0 reg=0x59 len=2 data=03 01
1778318230.235000 R= ret=0 data=00
1778318230.235000 <<< sony_cxd6801_integ_atsc_Tune ret=5
1778318230.235000 DRV_acquire ret=5
1778318230.236000 R  i2c=0xc0 reg=0x5b len=1
1778318230.239000 R= ret=0 data=08
1778318230.239000 W1 i2c=0xc0 reg=0x59 val=0x4
1778318230.239000 W  i2c=0xc0 reg=0x59 len=1 data=04
1778318230.240000 W1 i2c=0xc0 reg=0x88 val=0x0
1778318230.240000 W  i2c=0xc0 reg=0x88 len=1 data=00
1778318230.241000 W1 i2c=0xc0 reg=0x87 val=0xc0
1778318230.241000 W  i2c=0xc0 reg=0x87 len=1 data=c0
1778318230.242000 R  i2c=0xc0 reg=0x69 len=1
1778318230.246000 R= ret=0 data=88
1778318230.246000 W1 i2c=0xdc reg=0x8 val=0x0
1778318230.246000 W  i2c=0xdc reg=0x8 len=1 data=00
1778318231.047000 W1 i2c=0x30 reg=0x0 val=0xf
1778318231.047000 W  i2c=0x30 reg=0x0 len=1 data=0f
1778318231.048000 R  i2c=0x30 reg=0x11 len=1
1778318231.052000 R= ret=0 data=00
1778318231.052000 W1 i2c=0x30 reg=0x0 val=0x9
1778318231.052000 W  i2c=0x30 reg=0x0 len=1 data=09
1778318231.053000 R  i2c=0x30 reg=0x62 len=1
1778318231.056000 R= ret=0 data=51
1778318231.056000 W1 i2c=0x30 reg=0x0 val=0xd
1778318231.056000 W  i2c=0x30 reg=0x0 len=1 data=0d
1778318231.057000 R  i2c=0x30 reg=0x86 len=1
1778318231.061000 R= ret=0 data=00
1778318231.061000 W1 i2c=0x30 reg=0x0 val=0xd
1778318231.061000 W  i2c=0x30 reg=0x0 len=1 data=0d
1778318231.062000 R  i2c=0x30 reg=0x86 len=1
1778318231.065000 R= ret=0 data=00
1778318231.065000 W1 i2c=0x30 reg=0x0 val=0xd
1778318231.065000 W  i2c=0x30 reg=0x0 len=1 data=0d
1778318231.066000 R  i2c=0x30 reg=0x86 len=1
1778318231.069000 R= ret=0 data=00
1778318231.069000 W1 i2c=0xdc reg=0x8 val=0x1
1778318231.069000 W  i2c=0xdc reg=0x8 len=1 data=01
1778318231.070000 W  i2c=0xc0 reg=0x87 len=2 data=c4 41
1778318231.071000 W  i2c=0xc0 reg=0x59 len=2 data=05 01
1778318231.072000 R  i2c=0xc0 reg=0x5b len=1
1778318231.075000 R= ret=0 data=2e
1778318231.075000 W  i2c=0xc0 reg=0x59 len=2 data=03 01
1778318231.076000 R  i2c=0xc0 reg=0x5b len=1
1778318231.080000 R= ret=0 data=08
1778318231.080000 W1 i2c=0xc0 reg=0x59 val=0x4
1778318231.080000 W  i2c=0xc0 reg=0x59 len=1 data=04
1778318231.081000 W1 i2c=0xc0 reg=0x88 val=0x0
1778318231.081000 W  i2c=0xc0 reg=0x88 len=1 data=00
1778318231.082000 W1 i2c=0xc0 reg=0x87 val=0xc0
1778318231.082000 W  i2c=0xc0 reg=0x87 len=1 data=c0
1778318231.083000 R  i2c=0xc0 reg=0x69 len=1
1778318231.086000 R= ret=0 data=88
1778318231.086000 W1 i2c=0xdc reg=0x8 val=0x0
1778318231.086000 W  i2c=0xdc reg=0x8 len=1 data=00
1778318231.889000 W1 i2c=0x30 reg=0x0 val=0xf
1778318231.889000 W  i2c=0x30 reg=0x0 len=1 data=0f
1778318231.890000 R  i2c=0x30 reg=0x11 len=1
1778318231.894000 R= ret=0 data=00
1778318231.894000 W1 i2c=0x30 reg=0x0 val=0x9
1778318231.894000 W  i2c=0x30 reg=0x0 len=1 data=09
1778318231.895000 R  i2c=0x30 reg=0x62 len=1
1778318231.899000 R= ret=0 data=51
1778318231.899000 W1 i2c=0x30 reg=0x0 val=0xd
1778318231.899000 W  i2c=0x30 reg=0x0 len=1 data=0d
1778318231.900000 R  i2c=0x30 reg=0x86 len=1
1778318231.903000 R= ret=0 data=00
1778318231.903000 W1 i2c=0x30 reg=0x0 val=0xd
1778318231.904000 W  i2c=0x30 reg=0x0 len=1 data=0d
1778318231.904000 R  i2c=0x30 reg=0x86 len=1
1778318231.908000 R= ret=0 data=00
1778318231.908000 W1 i2c=0x30 reg=0x0 val=0xd
1778318231.908000 W  i2c=0x30 reg=0x0 len=1 data=0d
1778318231.909000 R  i2c=0x30 reg=0x86 len=1
1778318231.913000 R= ret=0 data=00
1778318231.913000 W1 i2c=0xdc reg=0x8 val=0x1
1778318231.913000 W  i2c=0xdc reg=0x8 len=1 data=01
1778318231.914000 W  i2c=0xc0 reg=0x87 len=2 data=c4 41
1778318231.914000 W  i2c=0xc0 reg=0x59 len=2 data=05 01
1778318231.915000 R  i2c=0xc0 reg=0x5b len=1
1778318231.919000 R= ret=0 data=32
1778318231.919000 W  i2c=0xc0 reg=0x59 len=2 data=03 01
1778318231.920000 R  i2c=0xc0 reg=0x5b len=1
1778318231.923000 R= ret=0 data=08
1778318231.923000 W1 i2c=0xc0 reg=0x59 val=0x4
1778318231.923000 W  i2c=0xc0 reg=0x59 len=1 data=04
1778318231.925000 W1 i2c=0xc0 reg=0x88 val=0x0
1778318231.925000 W  i2c=0xc0 reg=0x88 len=1 data=00
1778318231.926000 W1 i2c=0xc0 reg=0x87 val=0xc0
1778318231.926000 W  i2c=0xc0 reg=0x87 len=1 data=c0
1778318231.927000 R  i2c=0xc0 reg=0x69 len=1
1778318231.930000 R= ret=0 data=88
1778318231.930000 W1 i2c=0xdc reg=0x8 val=0x0
1778318231.930000 W  i2c=0xdc reg=0x8 len=1 data=00
1778318232.733000 W1 i2c=0x30 reg=0x0 val=0xf
1778318232.733000 W  i2c=0x30 reg=0x0 len=1 data=0f
1778318232.735000 R  i2c=0x30 reg=0x11 len=1
1778318232.739000 R= ret=0 data=00
1778318232.739000 W1 i2c=0x30 reg=0x0 val=0x9
1778318232.739000 W  i2c=0x30 reg=0x0 len=1 data=09
1778318232.740000 R  i2c=0x30 reg=0x62 len=1
1778318232.744000 R= ret=0 data=51
1778318232.744000 W1 i2c=0x30 reg=0x0 val=0xd
1778318232.744000 W  i2c=0x30 reg=0x0 len=1 data=0d
1778318232.745000 R  i2c=0x30 reg=0x86 len=1
1778318232.749000 R= ret=0 data=00
1778318232.749000 W1 i2c=0x30 reg=0x0 val=0xd
1778318232.749000 W  i2c=0x30 reg=0x0 len=1 data=0d
1778318232.750000 R  i2c=0x30 reg=0x86 len=1
1778318232.753000 R= ret=0 data=00
1778318232.753000 W1 i2c=0x30 reg=0x0 val=0xd
1778318232.753000 W  i2c=0x30 reg=0x0 len=1 data=0d
1778318232.754000 R  i2c=0x30 reg=0x86 len=1
1778318232.757000 R= ret=0 data=00
1778318232.757000 W1 i2c=0xdc reg=0x8 val=0x1
1778318232.757000 W  i2c=0xdc reg=0x8 len=1 data=01
1778318232.758000 W  i2c=0xc0 reg=0x87 len=2 data=c4 41
1778318232.759000 W  i2c=0xc0 reg=0x59 len=2 data=05 01
1778318232.760000 R  i2c=0xc0 reg=0x5b len=1
1778318232.764000 R= ret=0 data=2e
1778318232.764000 W  i2c=0xc0 reg=0x59 len=2 data=03 01
1778318232.765000 R  i2c=0xc0 reg=0x5b len=1
1778318232.768000 R= ret=0 data=08
1778318232.768000 W1 i2c=0xc0 reg=0x59 val=0x4
1778318232.768000 W  i2c=0xc0 reg=0x59 len=1 data=04
1778318232.769000 W1 i2c=0xc0 reg=0x88 val=0x0
1778318232.769000 W  i2c=0xc0 reg=0x88 len=1 data=00
1778318232.770000 W1 i2c=0xc0 reg=0x87 val=0xc0
1778318232.770000 W  i2c=0xc0 reg=0x87 len=1 data=c0
1778318232.771000 R  i2c=0xc0 reg=0x69 len=1
1778318232.774000 R= ret=0 data=88
1778318232.774000 W1 i2c=0xdc reg=0x8 val=0x0
1778318232.774000 W  i2c=0xdc reg=0x8 len=1 data=00
1778318233.578000 W1 i2c=0x30 reg=0x0 val=0xf
1778318233.578000 W  i2c=0x30 reg=0x0 len=1 data=0f
1778318233.579000 R  i2c=0x30 reg=0x11 len=1
1778318233.582000 R= ret=0 data=00
1778318233.582000 W1 i2c=0x30 reg=0x0 val=0x9
1778318233.582000 W  i2c=0x30 reg=0x0 len=1 data=09
1778318233.583000 R  i2c=0x30 reg=0x62 len=1
1778318233.587000 R= ret=0 data=51
1778318233.587000 W1 i2c=0x30 reg=0x0 val=0xd
1778318233.587000 W  i2c=0x30 reg=0x0 len=1 data=0d
1778318233.588000 R  i2c=0x30 reg=0x86 len=1
1778318233.591000 R= ret=0 data=00
1778318233.591000 W1 i2c=0x30 reg=0x0 val=0xd
1778318233.591000 W  i2c=0x30 reg=0x0 len=1 data=0d
1778318233.592000 R  i2c=0x30 reg=0x86 len=1
1778318233.596000 R= ret=0 data=00
1778318233.596000 W1 i2c=0x30 reg=0x0 val=0xd
1778318233.596000 W  i2c=0x30 reg=0x0 len=1 data=0d
1778318233.597000 R  i2c=0x30 reg=0x86 len=1
1778318233.600000 R= ret=0 data=00
1778318233.600000 W1 i2c=0xdc reg=0x8 val=0x1
1778318233.600000 W  i2c=0xdc reg=0x8 len=1 data=01
1778318233.600000 W  i2c=0xc0 reg=0x87 len=2 data=c4 41
1778318233.601000 W  i2c=0xc0 reg=0x59 len=2 data=05 01
1778318233.602000 R  i2c=0xc0 reg=0x5b len=1
1778318233.606000 R= ret=0 data=2e
1778318233.606000 W  i2c=0xc0 reg=0x59 len=2 data=03 01
1778318233.606000 R  i2c=0xc0 reg=0x5b len=1
1778318233.610000 R= ret=0 data=08
1778318233.610000 W1 i2c=0xc0 reg=0x59 val=0x4
1778318233.610000 W  i2c=0xc0 reg=0x59 len=1 data=04
1778318233.610000 W1 i2c=0xc0 reg=0x88 val=0x0
1778318233.610000 W  i2c=0xc0 reg=0x88 len=1 data=00
1778318233.611000 W1 i2c=0xc0 reg=0x87 val=0xc0
1778318233.611000 W  i2c=0xc0 reg=0x87 len=1 data=c0
1778318233.612000 R  i2c=0xc0 reg=0x69 len=1
1778318233.615000 R= ret=0 data=88
1778318233.615000 W1 i2c=0xdc reg=0x8 val=0x0
1778318233.615000 W  i2c=0xdc reg=0x8 len=1 data=00
1778318234.418000 W1 i2c=0x30 reg=0x0 val=0xf
1778318234.418000 W  i2c=0x30 reg=0x0 len=1 data=0f
1778318234.419000 R  i2c=0x30 reg=0x11 len=1
1778318234.423000 R= ret=0 data=00
1778318234.423000 W1 i2c=0x30 reg=0x0 val=0x9
1778318234.423000 W  i2c=0x30 reg=0x0 len=1 data=09
1778318234.424000 R  i2c=0x30 reg=0x62 len=1
1778318234.427000 R= ret=0 data=51
1778318234.427000 W1 i2c=0x30 reg=0x0 val=0xd
1778318234.427000 W  i2c=0x30 reg=0x0 len=1 data=0d
1778318234.428000 R  i2c=0x30 reg=0x86 len=1
1778318234.432000 R= ret=0 data=00
1778318234.432000 W1 i2c=0x30 reg=0x0 val=0xd
1778318234.432000 W  i2c=0x30 reg=0x0 len=1 data=0d
1778318234.433000 R  i2c=0x30 reg=0x86 len=1
1778318234.436000 R= ret=0 data=00
1778318234.436000 W1 i2c=0x30 reg=0x0 val=0xd
1778318234.436000 W  i2c=0x30 reg=0x0 len=1 data=0d
1778318234.437000 R  i2c=0x30 reg=0x86 len=1
1778318234.441000 R= ret=0 data=00
1778318234.441000 W1 i2c=0xdc reg=0x8 val=0x1
1778318234.441000 W  i2c=0xdc reg=0x8 len=1 data=01
1778318234.442000 W  i2c=0xc0 reg=0x87 len=2 data=c4 41
1778318234.443000 W  i2c=0xc0 reg=0x59 len=2 data=05 01
1778318234.444000 R  i2c=0xc0 reg=0x5b len=1
1778318234.447000 R= ret=0 data=2e
1778318234.447000 W  i2c=0xc0 reg=0x59 len=2 data=03 01
1778318234.448000 R  i2c=0xc0 reg=0x5b len=1
1778318234.452000 R= ret=0 data=08
1778318234.452000 W1 i2c=0xc0 reg=0x59 val=0x4
1778318234.452000 W  i2c=0xc0 reg=0x59 len=1 data=04
1778318234.453000 W1 i2c=0xc0 reg=0x88 val=0x0
1778318234.453000 W  i2c=0xc0 reg=0x88 len=1 data=00
1778318234.454000 W1 i2c=0xc0 reg=0x87 val=0xc0
1778318234.454000 W  i2c=0xc0 reg=0x87 len=1 data=c0
1778318234.455000 R  i2c=0xc0 reg=0x69 len=1
1778318234.458000 R= ret=0 data=88
1778318234.458000 W1 i2c=0xdc reg=0x8 val=0x0
1778318234.458000 W  i2c=0xdc reg=0x8 len=1 data=00
1778318235.260000 W1 i2c=0x30 reg=0x0 val=0xf
1778318235.260000 W  i2c=0x30 reg=0x0 len=1 data=0f
1778318235.261000 R  i2c=0x30 reg=0x11 len=1
1778318235.265000 R= ret=0 data=00
1778318235.265000 W1 i2c=0x30 reg=0x0 val=0x9
1778318235.265000 W  i2c=0x30 reg=0x0 len=1 data=09
1778318235.266000 R  i2c=0x30 reg=0x62 len=1
1778318235.269000 R= ret=0 data=51
1778318235.269000 W1 i2c=0x30 reg=0x0 val=0xd
1778318235.269000 W  i2c=0x30 reg=0x0 len=1 data=0d
1778318235.270000 R  i2c=0x30 reg=0x86 len=1
1778318235.274000 R= ret=0 data=00
1778318235.274000 W1 i2c=0x30 reg=0x0 val=0xd
1778318235.274000 W  i2c=0x30 reg=0x0 len=1 data=0d
1778318235.275000 R  i2c=0x30 reg=0x86 len=1
1778318235.278000 R= ret=0 data=00
1778318235.278000 W1 i2c=0x30 reg=0x0 val=0xd
1778318235.278000 W  i2c=0x30 reg=0x0 len=1 data=0d
1778318235.279000 R  i2c=0x30 reg=0x86 len=1
1778318235.282000 R= ret=0 data=00
1778318235.282000 W1 i2c=0xdc reg=0x8 val=0x1
1778318235.282000 W  i2c=0xdc reg=0x8 len=1 data=01
1778318235.283000 W  i2c=0xc0 reg=0x87 len=2 data=c4 41
1778318235.284000 W  i2c=0xc0 reg=0x59 len=2 data=05 01
1778318235.285000 R  i2c=0xc0 reg=0x5b len=1
1778318235.288000 R= ret=0 data=2e
1778318235.288000 W  i2c=0xc0 reg=0x59 len=2 data=03 01
1778318235.289000 R  i2c=0xc0 reg=0x5b len=1
1778318235.293000 R= ret=0 data=08
1778318235.293000 W1 i2c=0xc0 reg=0x59 val=0x4
1778318235.293000 W  i2c=0xc0 reg=0x59 len=1 data=04
1778318235.294000 W1 i2c=0xc0 reg=0x88 val=0x0
1778318235.294000 W  i2c=0xc0 reg=0x88 len=1 data=00
1778318235.295000 W1 i2c=0xc0 reg=0x87 val=0xc0
1778318235.295000 W  i2c=0xc0 reg=0x87 len=1 data=c0
1778318235.296000 R  i2c=0xc0 reg=0x69 len=1
1778318235.299000 R= ret=0 data=88
1778318235.299000 W1 i2c=0xdc reg=0x8 val=0x0
1778318235.299000 W  i2c=0xdc reg=0x8 len=1 data=00
1778318236.104000 W1 i2c=0x30 reg=0x0 val=0xf
1778318236.104000 W  i2c=0x30 reg=0x0 len=1 data=0f
1778318236.105000 R  i2c=0x30 reg=0x11 len=1
1778318236.109000 R= ret=0 data=00
1778318236.109000 W1 i2c=0x30 reg=0x0 val=0x9
1778318236.109000 W  i2c=0x30 reg=0x0 len=1 data=09
1778318236.110000 R  i2c=0x30 reg=0x62 len=1
1778318236.113000 R= ret=0 data=51
1778318236.113000 W1 i2c=0x30 reg=0x0 val=0xd
1778318236.113000 W  i2c=0x30 reg=0x0 len=1 data=0d
1778318236.114000 R  i2c=0x30 reg=0x86 len=1
1778318236.118000 R= ret=0 data=00
1778318236.118000 W1 i2c=0x30 reg=0x0 val=0xd
1778318236.118000 W  i2c=0x30 reg=0x0 len=1 data=0d
1778318236.119000 R  i2c=0x30 reg=0x86 len=1
1778318236.122000 R= ret=0 data=00
1778318236.122000 W1 i2c=0x30 reg=0x0 val=0xd
1778318236.122000 W  i2c=0x30 reg=0x0 len=1 data=0d
1778318236.124000 R  i2c=0x30 reg=0x86 len=1
1778318236.127000 R= ret=0 data=00
1778318236.127000 W1 i2c=0xdc reg=0x8 val=0x1
1778318236.127000 W  i2c=0xdc reg=0x8 len=1 data=01
1778318236.128000 W  i2c=0xc0 reg=0x87 len=2 data=c4 41
1778318236.129000 W  i2c=0xc0 reg=0x59 len=2 data=05 01
1778318236.130000 R  i2c=0xc0 reg=0x5b len=1
1778318236.133000 R= ret=0 data=32
1778318236.133000 W  i2c=0xc0 reg=0x59 len=2 data=03 01
1778318236.134000 R  i2c=0xc0 reg=0x5b len=1
1778318236.138000 R= ret=0 data=08
1778318236.138000 W1 i2c=0xc0 reg=0x59 val=0x4
1778318236.138000 W  i2c=0xc0 reg=0x59 len=1 data=04
1778318236.139000 W1 i2c=0xc0 reg=0x88 val=0x0
1778318236.139000 W  i2c=0xc0 reg=0x88 len=1 data=00
1778318236.140000 W1 i2c=0xc0 reg=0x87 val=0xc0
1778318236.140000 W  i2c=0xc0 reg=0x87 len=1 data=c0
1778318236.140000 R  i2c=0xc0 reg=0x69 len=1
1778318236.144000 R= ret=0 data=88
1778318236.144000 W1 i2c=0xdc reg=0x8 val=0x0
1778318236.144000 W  i2c=0xdc reg=0x8 len=1 data=00
1778318236.237000 nativeTune -> 539000
1778318236.237000 DRV_acquire: oldStd=0x5 freq=539000 -> ATSC 1.0
1778318236.237000 >>> sony_cxd6801_integ_atsc_Tune
1778318236.237000 >>> sony_cxd6801_demod_atsc_Tune
1778318236.237000 >>> sony_cxd6801_demod_SetStreamOutput
1778318236.237000 W1 i2c=0xd8 reg=0x0 val=0x0
1778318236.237000 W  i2c=0xd8 reg=0x0 len=1 data=00
1778318236.238000 R  i2c=0xd8 reg=0xa9 len=1
1778318236.242000 R= ret=0 data=00
1778318236.242000 W1 i2c=0xd8 reg=0x0 val=0x0
1778318236.242000 W  i2c=0xd8 reg=0x0 len=1 data=00
1778318236.243000 W1 i2c=0xd8 reg=0xc3 val=0x1
1778318236.243000 W  i2c=0xd8 reg=0xc3 len=1 data=01
1778318236.244000 <<< sony_cxd6801_demod_SetStreamOutput ret=0
1778318236.244000 <<< sony_cxd6801_demod_atsc_Tune ret=0
1778318236.244000 W1 i2c=0xdc reg=0x8 val=0x1
1778318236.244000 W  i2c=0xdc reg=0x8 len=1 data=01
1778318236.245000 B  i2c=0xc0 reg=0x74 val=0x2 mask=0x3
1778318236.245000 R  i2c=0xc0 reg=0x74 len=1
1778318236.249000 R= ret=0 data=11
1778318236.249000 W1 i2c=0xc0 reg=0x74 val=0x12
1778318236.249000 W  i2c=0xc0 reg=0x74 len=1 data=12
1778318236.250000 W  i2c=0xc0 reg=0x87 len=2 data=c4 40
1778318236.251000 W  i2c=0xc0 reg=0x91 len=2 data=10 20
1778318236.252000 W  i2c=0xc0 reg=0x9c len=2 data=00 00
1778318236.253000 W  i2c=0xc0 reg=0x5e len=9 data=ee 02 1e 67 03 b4 78 08
1778318236.254000 B  i2c=0xc0 reg=0x67 val=0x0 mask=0x6
1778318236.254000 R  i2c=0xc0 reg=0x67 len=1
1778318236.257000 R= ret=0 data=00
1778318236.257000 W1 i2c=0xc0 reg=0x67 val=0x0
1778318236.257000 W  i2c=0xc0 reg=0x67 len=1 data=00
1778318236.258000 W  i2c=0xc0 reg=0x68 len=17 data=00 88 00 0b 23 00 1a 1d
1778318236.310000 W1 i2c=0xc0 reg=0x88 val=0x0
1778318236.310000 W  i2c=0xc0 reg=0x88 len=1 data=00
1778318236.311000 W1 i2c=0xc0 reg=0x87 val=0xc0
1778318236.311000 W  i2c=0xc0 reg=0x87 len=1 data=c0
1778318236.312000 W1 i2c=0xdc reg=0x8 val=0x0
1778318236.312000 W  i2c=0xdc reg=0x8 len=1 data=00
1778318236.313000 W1 i2c=0x98 reg=0x0 val=0x1
1778318236.313000 W  i2c=0x98 reg=0x0 len=1 data=01
1778318236.314000 W1 i2c=0x98 reg=0x48 val=0x1
1778318236.314000 W  i2c=0x98 reg=0x48 len=1 data=01
1778318236.315000 W  i2c=0x98 reg=0xa len=6 data=b3 10 00 00 00 00
1778318236.316000 R  i2c=0x98 reg=0xa len=6
1778318236.320000 R= ret=0 data=30 00 00 00 00 b3
1778318236.320000 >>> sony_cxd6801_demod_SetStreamOutput
1778318236.320000 W1 i2c=0xd8 reg=0x0 val=0x0
1778318236.320000 W  i2c=0xd8 reg=0x0 len=1 data=00
1778318236.321000 R  i2c=0xd8 reg=0xa9 len=1
1778318236.325000 R= ret=0 data=00
1778318236.325000 W1 i2c=0xd8 reg=0x0 val=0x0
1778318236.325000 W  i2c=0xd8 reg=0x0 len=1 data=00
1778318236.326000 W1 i2c=0xd8 reg=0xc3 val=0x0
1778318236.326000 W  i2c=0xd8 reg=0xc3 len=1 data=00
1778318236.327000 <<< sony_cxd6801_demod_SetStreamOutput ret=0
1778318236.327000 W1 i2c=0x30 reg=0x0 val=0xf
1778318236.327000 W  i2c=0x30 reg=0x0 len=1 data=0f
1778318236.328000 R  i2c=0x30 reg=0x11 len=1
1778318236.331000 R= ret=0 data=00
1778318236.331000 W1 i2c=0x30 reg=0x0 val=0x9
1778318236.331000 W  i2c=0x30 reg=0x0 len=1 data=09
1778318236.332000 R  i2c=0x30 reg=0x62 len=1
1778318236.336000 R= ret=0 data=51
1778318236.336000 W1 i2c=0x30 reg=0x0 val=0xd
1778318236.336000 W  i2c=0x30 reg=0x0 len=1 data=0d
1778318236.336000 R  i2c=0x30 reg=0x86 len=1
1778318236.340000 R= ret=0 data=00
1778318236.350000 W1 i2c=0x30 reg=0x0 val=0xf
1778318236.350000 W  i2c=0x30 reg=0x0 len=1 data=0f
1778318236.351000 R  i2c=0x30 reg=0x11 len=1
1778318236.355000 R= ret=0 data=00
1778318236.355000 W1 i2c=0x30 reg=0x0 val=0x9
1778318236.355000 W  i2c=0x30 reg=0x0 len=1 data=09
1778318236.356000 R  i2c=0x30 reg=0x62 len=1
1778318236.362000 R= ret=0 data=51
1778318236.363000 W1 i2c=0x30 reg=0x0 val=0xd
1778318236.363000 W  i2c=0x30 reg=0x0 len=1 data=0d
1778318236.364000 R  i2c=0x30 reg=0x86 len=1
1778318236.367000 R= ret=0 data=00
1778318236.377000 W1 i2c=0x30 reg=0x0 val=0xf
1778318236.377000 W  i2c=0x30 reg=0x0 len=1 data=0f
1778318236.378000 R  i2c=0x30 reg=0x11 len=1
1778318236.381000 R= ret=0 data=00
1778318236.381000 W1 i2c=0x30 reg=0x0 val=0x9
1778318236.381000 W  i2c=0x30 reg=0x0 len=1 data=09
1778318236.382000 R  i2c=0x30 reg=0x62 len=1
1778318236.386000 R= ret=0 data=51
1778318236.386000 W1 i2c=0x30 reg=0x0 val=0xd
1778318236.386000 W  i2c=0x30 reg=0x0 len=1 data=0d
1778318236.387000 R  i2c=0x30 reg=0x86 len=1
1778318236.390000 R= ret=0 data=00
1778318236.402000 W1 i2c=0x30 reg=0x0 val=0xf
1778318236.402000 W  i2c=0x30 reg=0x0 len=1 data=0f
1778318236.403000 R  i2c=0x30 reg=0x11 len=1
1778318236.407000 R= ret=0 data=00
1778318236.407000 W1 i2c=0x30 reg=0x0 val=0x9
1778318236.407000 W  i2c=0x30 reg=0x0 len=1 data=09
1778318236.408000 R  i2c=0x30 reg=0x62 len=1
1778318236.411000 R= ret=0 data=51
1778318236.411000 W1 i2c=0x30 reg=0x0 val=0xd
1778318236.411000 W  i2c=0x30 reg=0x0 len=1 data=0d
1778318236.412000 R  i2c=0x30 reg=0x86 len=1
1778318236.415000 R= ret=0 data=00
1778318236.426000 W1 i2c=0x30 reg=0x0 val=0xf
1778318236.426000 W  i2c=0x30 reg=0x0 len=1 data=0f
1778318236.427000 R  i2c=0x30 reg=0x11 len=1
1778318236.430000 R= ret=0 data=00
1778318236.430000 W1 i2c=0x30 reg=0x0 val=0x9
1778318236.430000 W  i2c=0x30 reg=0x0 len=1 data=09
1778318236.431000 R  i2c=0x30 reg=0x62 len=1
1778318236.435000 R= ret=0 data=51
1778318236.435000 W1 i2c=0x30 reg=0x0 val=0xd
1778318236.435000 W  i2c=0x30 reg=0x0 len=1 data=0d
1778318236.436000 R  i2c=0x30 reg=0x86 len=1
1778318236.439000 R= ret=0 data=00
1778318236.450000 W1 i2c=0x30 reg=0x0 val=0xf
1778318236.450000 W  i2c=0x30 reg=0x0 len=1 data=0f
1778318236.451000 R  i2c=0x30 reg=0x11 len=1
1778318236.455000 R= ret=0 data=00
1778318236.455000 W1 i2c=0x30 reg=0x0 val=0x9
1778318236.455000 W  i2c=0x30 reg=0x0 len=1 data=09
1778318236.456000 R  i2c=0x30 reg=0x62 len=1
1778318236.459000 R= ret=0 data=51
1778318236.459000 W1 i2c=0x30 reg=0x0 val=0xd
1778318236.459000 W  i2c=0x30 reg=0x0 len=1 data=0d
1778318236.460000 R  i2c=0x30 reg=0x86 len=1
1778318236.464000 R= ret=0 data=00
1778318236.476000 W1 i2c=0x30 reg=0x0 val=0xf
1778318236.476000 W  i2c=0x30 reg=0x0 len=1 data=0f
1778318236.476000 R  i2c=0x30 reg=0x11 len=1
1778318236.480000 R= ret=0 data=00
1778318236.480000 W1 i2c=0x30 reg=0x0 val=0x9
1778318236.480000 W  i2c=0x30 reg=0x0 len=1 data=09
1778318236.481000 R  i2c=0x30 reg=0x62 len=1
1778318236.484000 R= ret=0 data=51
1778318236.484000 W1 i2c=0x30 reg=0x0 val=0xd
1778318236.484000 W  i2c=0x30 reg=0x0 len=1 data=0d
1778318236.485000 R  i2c=0x30 reg=0x86 len=1
1778318236.489000 R= ret=0 data=00
1778318236.500000 W1 i2c=0x30 reg=0x0 val=0xf
1778318236.500000 W  i2c=0x30 reg=0x0 len=1 data=0f
1778318236.501000 R  i2c=0x30 reg=0x11 len=1
1778318236.504000 R= ret=0 data=00
1778318236.504000 W1 i2c=0x30 reg=0x0 val=0x9
1778318236.504000 W  i2c=0x30 reg=0x0 len=1 data=09
1778318236.505000 R  i2c=0x30 reg=0x62 len=1
1778318236.508000 R= ret=0 data=51
1778318236.508000 W1 i2c=0x30 reg=0x0 val=0xd
1778318236.508000 W  i2c=0x30 reg=0x0 len=1 data=0d
1778318236.509000 R  i2c=0x30 reg=0x86 len=1
1778318236.513000 R= ret=0 data=00
1778318236.523000 W1 i2c=0x30 reg=0x0 val=0xf
1778318236.523000 W  i2c=0x30 reg=0x0 len=1 data=0f
1778318236.524000 R  i2c=0x30 reg=0x11 len=1
1778318236.528000 R= ret=0 data=00
1778318236.528000 W1 i2c=0x30 reg=0x0 val=0x9
1778318236.528000 W  i2c=0x30 reg=0x0 len=1 data=09
1778318236.529000 R  i2c=0x30 reg=0x62 len=1
1778318236.532000 R= ret=0 data=51
1778318236.532000 W1 i2c=0x30 reg=0x0 val=0xd
1778318236.532000 W  i2c=0x30 reg=0x0 len=1 data=0d
1778318236.533000 R  i2c=0x30 reg=0x86 len=1
1778318236.537000 R= ret=0 data=00
1778318236.549000 W1 i2c=0x30 reg=0x0 val=0xf
1778318236.549000 W  i2c=0x30 reg=0x0 len=1 data=0f
1778318236.551000 R  i2c=0x30 reg=0x11 len=1
1778318236.555000 R= ret=0 data=00
1778318236.555000 W1 i2c=0x30 reg=0x0 val=0x9
1778318236.555000 W  i2c=0x30 reg=0x0 len=1 data=09
1778318236.556000 R  i2c=0x30 reg=0x62 len=1
1778318236.559000 R= ret=0 data=51
1778318236.559000 W1 i2c=0x30 reg=0x0 val=0xd
1778318236.559000 W  i2c=0x30 reg=0x0 len=1 data=0d
1778318236.560000 R  i2c=0x30 reg=0x86 len=1
1778318236.564000 R= ret=0 data=00
1778318236.574000 W1 i2c=0x30 reg=0x0 val=0xf
1778318236.574000 W  i2c=0x30 reg=0x0 len=1 data=0f
1778318236.575000 R  i2c=0x30 reg=0x11 len=1
1778318236.578000 R= ret=0 data=00
1778318236.578000 W1 i2c=0x30 reg=0x0 val=0x9
1778318236.578000 W  i2c=0x30 reg=0x0 len=1 data=09
1778318236.579000 R  i2c=0x30 reg=0x62 len=1
1778318236.583000 R= ret=0 data=51
1778318236.583000 W1 i2c=0x30 reg=0x0 val=0xd
1778318236.583000 W  i2c=0x30 reg=0x0 len=1 data=0d
1778318236.584000 R  i2c=0x30 reg=0x86 len=1
1778318236.587000 R= ret=0 data=00
1778318236.598000 W1 i2c=0x30 reg=0x0 val=0xf
1778318236.598000 W  i2c=0x30 reg=0x0 len=1 data=0f
1778318236.599000 R  i2c=0x30 reg=0x11 len=1
1778318236.602000 R= ret=0 data=00
1778318236.602000 W1 i2c=0x30 reg=0x0 val=0x9
1778318236.602000 W  i2c=0x30 reg=0x0 len=1 data=09
1778318236.603000 R  i2c=0x30 reg=0x62 len=1
1778318236.606000 R= ret=0 data=51
1778318236.606000 W1 i2c=0x30 reg=0x0 val=0xd
1778318236.606000 W  i2c=0x30 reg=0x0 len=1 data=0d
1778318236.607000 R  i2c=0x30 reg=0x86 len=1
1778318236.610000 R= ret=0 data=00
1778318236.621000 W1 i2c=0x30 reg=0x0 val=0xf
1778318236.621000 W  i2c=0x30 reg=0x0 len=1 data=0f
1778318236.622000 R  i2c=0x30 reg=0x11 len=1
1778318236.626000 R= ret=0 data=00
1778318236.626000 W1 i2c=0x30 reg=0x0 val=0x9
1778318236.626000 W  i2c=0x30 reg=0x0 len=1 data=09
1778318236.627000 R  i2c=0x30 reg=0x62 len=1
1778318236.630000 R= ret=0 data=51
1778318236.630000 W1 i2c=0x30 reg=0x0 val=0xd
1778318236.630000 W  i2c=0x30 reg=0x0 len=1 data=0d
1778318236.631000 R  i2c=0x30 reg=0x86 len=1
1778318236.634000 R= ret=0 data=00
1778318236.644000 W1 i2c=0x30 reg=0x0 val=0xf
1778318236.644000 W  i2c=0x30 reg=0x0 len=1 data=0f
1778318236.645000 R  i2c=0x30 reg=0x11 len=1
1778318236.648000 R= ret=0 data=00
1778318236.648000 W1 i2c=0x30 reg=0x0 val=0x9
1778318236.649000 W  i2c=0x30 reg=0x0 len=1 data=09
1778318236.649000 R  i2c=0x30 reg=0x62 len=1
1778318236.653000 R= ret=0 data=51
1778318236.653000 W1 i2c=0x30 reg=0x0 val=0xd
1778318236.653000 W  i2c=0x30 reg=0x0 len=1 data=0d
1778318236.654000 R  i2c=0x30 reg=0x86 len=1
1778318236.657000 R= ret=0 data=00
1778318236.668000 W1 i2c=0x30 reg=0x0 val=0xf
1778318236.668000 W  i2c=0x30 reg=0x0 len=1 data=0f
1778318236.669000 R  i2c=0x30 reg=0x11 len=1
1778318236.672000 R= ret=0 data=00
1778318236.673000 W1 i2c=0x30 reg=0x0 val=0x9
1778318236.673000 W  i2c=0x30 reg=0x0 len=1 data=09
1778318236.673000 R  i2c=0x30 reg=0x62 len=1
1778318236.677000 R= ret=0 data=51
1778318236.677000 W1 i2c=0x30 reg=0x0 val=0xd
1778318236.677000 W  i2c=0x30 reg=0x0 len=1 data=0d
1778318236.678000 R  i2c=0x30 reg=0x86 len=1
1778318236.681000 R= ret=0 data=00
1778318236.693000 W1 i2c=0x30 reg=0x0 val=0xf
1778318236.693000 W  i2c=0x30 reg=0x0 len=1 data=0f
1778318236.694000 R  i2c=0x30 reg=0x11 len=1
1778318236.697000 R= ret=0 data=00
1778318236.697000 W1 i2c=0x30 reg=0x0 val=0x9
1778318236.697000 W  i2c=0x30 reg=0x0 len=1 data=09
1778318236.698000 R  i2c=0x30 reg=0x62 len=1
1778318236.702000 R= ret=0 data=51
1778318236.702000 W1 i2c=0x30 reg=0x0 val=0xd
1778318236.702000 W  i2c=0x30 reg=0x0 len=1 data=0d
1778318236.702000 R  i2c=0x30 reg=0x86 len=1
1778318236.706000 R= ret=0 data=00
1778318236.717000 W1 i2c=0x30 reg=0x0 val=0xf
1778318236.717000 W  i2c=0x30 reg=0x0 len=1 data=0f
1778318236.718000 R  i2c=0x30 reg=0x11 len=1
1778318236.721000 R= ret=0 data=00
1778318236.721000 W1 i2c=0x30 reg=0x0 val=0x9
1778318236.721000 W  i2c=0x30 reg=0x0 len=1 data=09
1778318236.722000 R  i2c=0x30 reg=0x62 len=1
1778318236.726000 R= ret=0 data=51
1778318236.726000 W1 i2c=0x30 reg=0x0 val=0xd
1778318236.726000 W  i2c=0x30 reg=0x0 len=1 data=0d
1778318236.727000 R  i2c=0x30 reg=0x86 len=1
1778318236.730000 R= ret=0 data=00
1778318236.741000 W1 i2c=0x30 reg=0x0 val=0xf
1778318236.741000 W  i2c=0x30 reg=0x0 len=1 data=0f
1778318236.742000 R  i2c=0x30 reg=0x11 len=1
1778318236.745000 R= ret=0 data=00
1778318236.745000 W1 i2c=0x30 reg=0x0 val=0x9
1778318236.745000 W  i2c=0x30 reg=0x0 len=1 data=09
1778318236.746000 R  i2c=0x30 reg=0x62 len=1
1778318236.750000 R= ret=0 data=51
1778318236.750000 W1 i2c=0x30 reg=0x0 val=0xd
1778318236.750000 W  i2c=0x30 reg=0x0 len=1 data=0d
1778318236.751000 R  i2c=0x30 reg=0x86 len=1
1778318236.755000 R= ret=0 data=00
1778318236.765000 W1 i2c=0x30 reg=0x0 val=0xf
1778318236.765000 W  i2c=0x30 reg=0x0 len=1 data=0f
1778318236.766000 R  i2c=0x30 reg=0x11 len=1
1778318236.770000 R= ret=0 data=00
1778318236.770000 W1 i2c=0x30 reg=0x0 val=0x9
1778318236.770000 W  i2c=0x30 reg=0x0 len=1 data=09
1778318236.770000 R  i2c=0x30 reg=0x62 len=1
1778318236.774000 R= ret=0 data=51
1778318236.774000 W1 i2c=0x30 reg=0x0 val=0xd
1778318236.774000 W  i2c=0x30 reg=0x0 len=1 data=0d
1778318236.775000 R  i2c=0x30 reg=0x86 len=1
1778318236.778000 R= ret=0 data=00
1778318236.788000 W1 i2c=0x30 reg=0x0 val=0xf
1778318236.788000 W  i2c=0x30 reg=0x0 len=1 data=0f
1778318236.789000 R  i2c=0x30 reg=0x11 len=1
1778318236.793000 R= ret=0 data=00
1778318236.793000 W1 i2c=0x30 reg=0x0 val=0x9
1778318236.793000 W  i2c=0x30 reg=0x0 len=1 data=09
1778318236.794000 R  i2c=0x30 reg=0x62 len=1
1778318236.797000 R= ret=0 data=51
1778318236.797000 W1 i2c=0x30 reg=0x0 val=0xd
1778318236.797000 W  i2c=0x30 reg=0x0 len=1 data=0d
1778318236.798000 R  i2c=0x30 reg=0x86 len=1
1778318236.801000 R= ret=0 data=00
1778318236.811000 W1 i2c=0x30 reg=0x0 val=0xf
1778318236.811000 W  i2c=0x30 reg=0x0 len=1 data=0f
1778318236.812000 R  i2c=0x30 reg=0x11 len=1
1778318236.816000 R= ret=0 data=00
1778318236.816000 W1 i2c=0x30 reg=0x0 val=0x9
1778318236.816000 W  i2c=0x30 reg=0x0 len=1 data=09
1778318236.817000 R  i2c=0x30 reg=0x62 len=1
1778318236.820000 R= ret=0 data=51
1778318236.820000 W1 i2c=0x30 reg=0x0 val=0xd
1778318236.820000 W  i2c=0x30 reg=0x0 len=1 data=0d
1778318236.821000 R  i2c=0x30 reg=0x86 len=1
1778318236.824000 R= ret=0 data=00
1778318236.835000 W1 i2c=0x30 reg=0x0 val=0xf
1778318236.835000 W  i2c=0x30 reg=0x0 len=1 data=0f
1778318236.836000 R  i2c=0x30 reg=0x11 len=1
1778318236.840000 R= ret=0 data=00
1778318236.840000 W1 i2c=0x30 reg=0x0 val=0x9
1778318236.840000 W  i2c=0x30 reg=0x0 len=1 data=09
1778318236.841000 R  i2c=0x30 reg=0x62 len=1
1778318236.844000 R= ret=0 data=51
1778318236.844000 W1 i2c=0x30 reg=0x0 val=0xd
1778318236.844000 W  i2c=0x30 reg=0x0 len=1 data=0d
1778318236.845000 R  i2c=0x30 reg=0x86 len=1
1778318236.849000 R= ret=0 data=00
1778318236.859000 W1 i2c=0x30 reg=0x0 val=0xf
1778318236.859000 W  i2c=0x30 reg=0x0 len=1 data=0f
1778318236.860000 R  i2c=0x30 reg=0x11 len=1
1778318236.863000 R= ret=0 data=00
1778318236.863000 W1 i2c=0x30 reg=0x0 val=0x9
1778318236.863000 W  i2c=0x30 reg=0x0 len=1 data=09
1778318236.864000 R  i2c=0x30 reg=0x62 len=1
1778318236.867000 R= ret=0 data=51
1778318236.868000 W1 i2c=0x30 reg=0x0 val=0xd
1778318236.868000 W  i2c=0x30 reg=0x0 len=1 data=0d
1778318236.869000 R  i2c=0x30 reg=0x86 len=1
1778318236.872000 R= ret=0 data=00
1778318236.883000 W1 i2c=0x30 reg=0x0 val=0xf
1778318236.883000 W  i2c=0x30 reg=0x0 len=1 data=0f
1778318236.884000 R  i2c=0x30 reg=0x11 len=1
1778318236.887000 R= ret=0 data=00
1778318236.887000 W1 i2c=0x30 reg=0x0 val=0x9
1778318236.887000 W  i2c=0x30 reg=0x0 len=1 data=09
1778318236.888000 R  i2c=0x30 reg=0x62 len=1
1778318236.892000 R= ret=0 data=51
1778318236.892000 W1 i2c=0x30 reg=0x0 val=0xd
1778318236.892000 W  i2c=0x30 reg=0x0 len=1 data=0d
1778318236.893000 R  i2c=0x30 reg=0x86 len=1
1778318236.896000 R= ret=0 data=00
1778318236.906000 W1 i2c=0x30 reg=0x0 val=0xf
1778318236.906000 W  i2c=0x30 reg=0x0 len=1 data=0f
1778318236.907000 R  i2c=0x30 reg=0x11 len=1
1778318236.911000 R= ret=0 data=00
1778318236.911000 W1 i2c=0x30 reg=0x0 val=0x9
1778318236.911000 W  i2c=0x30 reg=0x0 len=1 data=09
1778318236.912000 R  i2c=0x30 reg=0x62 len=1
1778318236.916000 R= ret=0 data=51
1778318236.916000 W1 i2c=0x30 reg=0x0 val=0xd
1778318236.916000 W  i2c=0x30 reg=0x0 len=1 data=0d
1778318236.917000 R  i2c=0x30 reg=0x86 len=1
1778318236.921000 R= ret=0 data=00
1778318236.932000 W1 i2c=0x30 reg=0x0 val=0xf
1778318236.932000 W  i2c=0x30 reg=0x0 len=1 data=0f
1778318236.933000 R  i2c=0x30 reg=0x11 len=1
1778318236.937000 R= ret=0 data=00
1778318236.937000 W1 i2c=0x30 reg=0x0 val=0x9
1778318236.937000 W  i2c=0x30 reg=0x0 len=1 data=09
1778318236.938000 R  i2c=0x30 reg=0x62 len=1
1778318236.941000 R= ret=0 data=51
1778318236.941000 W1 i2c=0x30 reg=0x0 val=0xd
1778318236.941000 W  i2c=0x30 reg=0x0 len=1 data=0d
1778318236.942000 R  i2c=0x30 reg=0x86 len=1
1778318236.945000 W1 i2c=0x30 reg=0x0 val=0xf
1778318236.945000 W  i2c=0x30 reg=0x0 len=1 data=0f
1778318236.946000 R= ret=0 data=00
1778318236.947000 R  i2c=0x30 reg=0x11 len=1
1778318236.950000 R= ret=0 data=00
1778318236.950000 W1 i2c=0x30 reg=0x0 val=0x9
1778318236.950000 W  i2c=0x30 reg=0x0 len=1 data=09
1778318236.951000 R  i2c=0x30 reg=0x62 len=1
1778318236.954000 R= ret=0 data=51
1778318236.954000 W1 i2c=0x30 reg=0x0 val=0xd
1778318236.954000 W  i2c=0x30 reg=0x0 len=1 data=0d
1778318236.955000 R  i2c=0x30 reg=0x86 len=1
1778318236.956000 W1 i2c=0x30 reg=0x0 val=0xf
1778318236.956000 W  i2c=0x30 reg=0x0 len=1 data=0f
1778318236.959000 R= ret=0 data=00
1778318236.959000 W1 i2c=0x30 reg=0x0 val=0xd
1778318236.959000 W  i2c=0x30 reg=0x0 len=1 data=0d
1778318236.960000 R  i2c=0x30 reg=0x11 len=1
1778318236.961000 R  i2c=0x30 reg=0x86 len=1
1778318236.964000 R= ret=0 data=00
1778318236.964000 W1 i2c=0x30 reg=0x0 val=0x9
1778318236.964000 W  i2c=0x30 reg=0x0 len=1 data=09
1778318236.968000 R= ret=0 data=00
1778318236.968000 W1 i2c=0x30 reg=0x0 val=0xd
1778318236.968000 W  i2c=0x30 reg=0x0 len=1 data=0d
1778318236.969000 R  i2c=0x30 reg=0x62 len=1
1778318236.970000 R  i2c=0x30 reg=0x86 len=1
1778318236.973000 R= ret=0 data=00
1778318236.973000 W1 i2c=0x30 reg=0x0 val=0xd
1778318236.973000 W  i2c=0x30 reg=0x0 len=1 data=0d
1778318236.976000 R= ret=0 data=00
1778318236.976000 W1 i2c=0xdc reg=0x8 val=0x1
1778318236.976000 W  i2c=0xdc reg=0x8 len=1 data=01
1778318236.977000 R  i2c=0x30 reg=0x86 len=1
1778318236.978000 W  i2c=0xc0 reg=0x87 len=2 data=c4 41
1778318236.981000 R= ret=0 data=00
1778318236.982000 W  i2c=0xc0 reg=0x59 len=2 data=05 01
1778318236.983000 R  i2c=0xc0 reg=0x5b len=1
1778318236.987000 R= ret=0 data=2f
1778318236.987000 W  i2c=0xc0 reg=0x59 len=2 data=03 01
1778318236.988000 R  i2c=0xc0 reg=0x5b len=1
1778318236.991000 R= ret=0 data=08
1778318236.991000 W1 i2c=0xc0 reg=0x59 val=0x4
1778318236.991000 W  i2c=0xc0 reg=0x59 len=1 data=04
1778318236.992000 W1 i2c=0x30 reg=0x0 val=0xf
1778318236.992000 W  i2c=0x30 reg=0x0 len=1 data=0f
1778318236.992000 W1 i2c=0xc0 reg=0x88 val=0x0
1778318236.992000 W  i2c=0xc0 reg=0x88 len=1 data=00
1778318236.993000 R  i2c=0x30 reg=0x11 len=1
1778318236.994000 W1 i2c=0xc0 reg=0x87 val=0xc0
1778318236.994000 W  i2c=0xc0 reg=0x87 len=1 data=c0
1778318236.997000 R= ret=0 data=00
1778318236.997000 W1 i2c=0x30 reg=0x0 val=0x9
1778318236.997000 W  i2c=0x30 reg=0x0 len=1 data=09
1778318236.998000 R  i2c=0xc0 reg=0x69 len=1
1778318236.999000 R  i2c=0x30 reg=0x62 len=1
1778318237.002000 R= ret=0 data=88
1778318237.002000 W1 i2c=0xdc reg=0x8 val=0x0
1778318237.002000 W  i2c=0xdc reg=0x8 len=1 data=00
1778318237.006000 R= ret=0 data=51
1778318237.006000 W1 i2c=0x30 reg=0x0 val=0xd
1778318237.006000 W  i2c=0x30 reg=0x0 len=1 data=0d
1778318237.007000 R  i2c=0x30 reg=0x86 len=1
1778318237.011000 R= ret=0 data=00
1778318237.022000 W1 i2c=0x30 reg=0x0 val=0xf
1778318237.022000 W  i2c=0x30 reg=0x0 len=1 data=0f
1778318237.023000 R  i2c=0x30 reg=0x11 len=1
1778318237.026000 R= ret=0 data=00
1778318237.026000 W1 i2c=0x30 reg=0x0 val=0x9
1778318237.026000 W  i2c=0x30 reg=0x0 len=1 data=09
1778318237.027000 R  i2c=0x30 reg=0x62 len=1
1778318237.030000 R= ret=0 data=51
1778318237.030000 W1 i2c=0x30 reg=0x0 val=0xd
1778318237.030000 W  i2c=0x30 reg=0x0 len=1 data=0d
1778318237.031000 R  i2c=0x30 reg=0x86 len=1
1778318237.035000 R= ret=0 data=00
1778318237.045000 W1 i2c=0x30 reg=0x0 val=0xf
1778318237.045000 W  i2c=0x30 reg=0x0 len=1 data=0f
1778318237.046000 R  i2c=0x30 reg=0x11 len=1
1778318237.049000 R= ret=0 data=00
1778318237.049000 W1 i2c=0x30 reg=0x0 val=0x9
1778318237.049000 W  i2c=0x30 reg=0x0 len=1 data=09
1778318237.050000 R  i2c=0x30 reg=0x62 len=1
1778318237.053000 R= ret=0 data=51
1778318237.053000 W1 i2c=0x30 reg=0x0 val=0xd
1778318237.053000 W  i2c=0x30 reg=0x0 len=1 data=0d
1778318237.054000 R  i2c=0x30 reg=0x86 len=1
1778318237.057000 R= ret=0 data=00
1778318237.069000 W1 i2c=0x30 reg=0x0 val=0xf
1778318237.069000 W  i2c=0x30 reg=0x0 len=1 data=0f
1778318237.070000 R  i2c=0x30 reg=0x11 len=1
1778318237.073000 R= ret=0 data=00
1778318237.073000 W1 i2c=0x30 reg=0x0 val=0x9
1778318237.073000 W  i2c=0x30 reg=0x0 len=1 data=09
1778318237.074000 R  i2c=0x30 reg=0x62 len=1
1778318237.077000 R= ret=0 data=51
1778318237.077000 W1 i2c=0x30 reg=0x0 val=0xd
1778318237.077000 W  i2c=0x30 reg=0x0 len=1 data=0d
1778318237.078000 R  i2c=0x30 reg=0x86 len=1
1778318237.082000 R= ret=0 data=00
1778318237.093000 W1 i2c=0x30 reg=0x0 val=0xf
1778318237.093000 W  i2c=0x30 reg=0x0 len=1 data=0f
1778318237.094000 R  i2c=0x30 reg=0x11 len=1
1778318237.097000 R= ret=0 data=00
1778318237.097000 W1 i2c=0x30 reg=0x0 val=0x9
1778318237.097000 W  i2c=0x30 reg=0x0 len=1 data=09
1778318237.098000 R  i2c=0x30 reg=0x62 len=1
1778318237.101000 R= ret=0 data=51
1778318237.101000 W1 i2c=0x30 reg=0x0 val=0xd
1778318237.101000 W  i2c=0x30 reg=0x0 len=1 data=0d
1778318237.102000 R  i2c=0x30 reg=0x86 len=1
1778318237.106000 R= ret=0 data=00
1778318237.116000 W1 i2c=0x30 reg=0x0 val=0xf
1778318237.116000 W  i2c=0x30 reg=0x0 len=1 data=0f
1778318237.117000 R  i2c=0x30 reg=0x11 len=1
1778318237.120000 R= ret=0 data=00
1778318237.120000 W1 i2c=0x30 reg=0x0 val=0x9
1778318237.120000 W  i2c=0x30 reg=0x0 len=1 data=09
1778318237.121000 R  i2c=0x30 reg=0x62 len=1
1778318237.125000 R= ret=0 data=51
1778318237.125000 W1 i2c=0x30 reg=0x0 val=0xd
1778318237.125000 W  i2c=0x30 reg=0x0 len=1 data=0d
1778318237.126000 R  i2c=0x30 reg=0x86 len=1
1778318237.130000 R= ret=0 data=00
1778318237.140000 W1 i2c=0x30 reg=0x0 val=0xf
1778318237.140000 W  i2c=0x30 reg=0x0 len=1 data=0f
1778318237.141000 R  i2c=0x30 reg=0x11 len=1
1778318237.144000 R= ret=0 data=00
1778318237.144000 W1 i2c=0x30 reg=0x0 val=0x9
1778318237.144000 W  i2c=0x30 reg=0x0 len=1 data=09
1778318237.145000 R  i2c=0x30 reg=0x62 len=1
1778318237.148000 R= ret=0 data=51
1778318237.148000 W1 i2c=0x30 reg=0x0 val=0xd
1778318237.148000 W  i2c=0x30 reg=0x0 len=1 data=0d
1778318237.149000 R  i2c=0x30 reg=0x86 len=1
1778318237.153000 R= ret=0 data=00
1778318237.163000 W1 i2c=0x30 reg=0x0 val=0xf
1778318237.163000 W  i2c=0x30 reg=0x0 len=1 data=0f
1778318237.164000 R  i2c=0x30 reg=0x11 len=1
1778318237.167000 R= ret=0 data=00
1778318237.167000 W1 i2c=0x30 reg=0x0 val=0x9
1778318237.167000 W  i2c=0x30 reg=0x0 len=1 data=09
1778318237.168000 R  i2c=0x30 reg=0x62 len=1
1778318237.172000 R= ret=0 data=51
1778318237.172000 W1 i2c=0x30 reg=0x0 val=0xd
1778318237.172000 W  i2c=0x30 reg=0x0 len=1 data=0d
1778318237.173000 R  i2c=0x30 reg=0x86 len=1
1778318237.176000 R= ret=0 data=00
1778318237.187000 W1 i2c=0x30 reg=0x0 val=0xf
1778318237.187000 W  i2c=0x30 reg=0x0 len=1 data=0f
1778318237.188000 R  i2c=0x30 reg=0x11 len=1
1778318237.192000 R= ret=0 data=00
1778318237.192000 W1 i2c=0x30 reg=0x0 val=0x9
1778318237.192000 W  i2c=0x30 reg=0x0 len=1 data=09
1778318237.193000 R  i2c=0x30 reg=0x62 len=1
1778318237.196000 R= ret=0 data=51
1778318237.196000 W1 i2c=0x30 reg=0x0 val=0xd
1778318237.196000 W  i2c=0x30 reg=0x0 len=1 data=0d
1778318237.197000 R  i2c=0x30 reg=0x86 len=1
1778318237.200000 R= ret=0 data=00
1778318237.211000 W1 i2c=0x30 reg=0x0 val=0xf
1778318237.211000 W  i2c=0x30 reg=0x0 len=1 data=0f
1778318237.212000 R  i2c=0x30 reg=0x11 len=1
1778318237.216000 R= ret=0 data=00
1778318237.216000 W1 i2c=0x30 reg=0x0 val=0x9
1778318237.216000 W  i2c=0x30 reg=0x0 len=1 data=09
1778318237.216000 R  i2c=0x30 reg=0x62 len=1
1778318237.220000 R= ret=0 data=51
1778318237.220000 W1 i2c=0x30 reg=0x0 val=0xd
1778318237.220000 W  i2c=0x30 reg=0x0 len=1 data=0d
1778318237.221000 R  i2c=0x30 reg=0x86 len=1
1778318237.224000 R= ret=0 data=00
1778318237.235000 W1 i2c=0x30 reg=0x0 val=0xf
1778318237.236000 W  i2c=0x30 reg=0x0 len=1 data=0f
1778318237.236000 R  i2c=0x30 reg=0x11 len=1
1778318237.240000 R= ret=0 data=00
1778318237.240000 W1 i2c=0x30 reg=0x0 val=0x9
1778318237.240000 W  i2c=0x30 reg=0x0 len=1 data=09
1778318237.241000 R  i2c=0x30 reg=0x62 len=1
1778318237.245000 R= ret=0 data=51
1778318237.245000 W1 i2c=0x30 reg=0x0 val=0xd
1778318237.246000 W  i2c=0x30 reg=0x0 len=1 data=0d
1778318237.246000 R  i2c=0x30 reg=0x86 len=1
1778318237.250000 R= ret=0 data=00
1778318237.261000 W1 i2c=0x30 reg=0x0 val=0xf
1778318237.261000 W  i2c=0x30 reg=0x0 len=1 data=0f
1778318237.262000 R  i2c=0x30 reg=0x11 len=1
1778318237.265000 R= ret=0 data=00
1778318237.265000 W1 i2c=0x30 reg=0x0 val=0x9
1778318237.265000 W  i2c=0x30 reg=0x0 len=1 data=09
1778318237.266000 R  i2c=0x30 reg=0x62 len=1
1778318237.270000 R= ret=0 data=51
1778318237.270000 W1 i2c=0x30 reg=0x0 val=0xd
1778318237.270000 W  i2c=0x30 reg=0x0 len=1 data=0d
1778318237.271000 R  i2c=0x30 reg=0x86 len=1
1778318237.275000 R= ret=0 data=00
1778318237.285000 W1 i2c=0x30 reg=0x0 val=0xf
1778318237.285000 W  i2c=0x30 reg=0x0 len=1 data=0f
1778318237.286000 R  i2c=0x30 reg=0x11 len=1
1778318237.289000 R= ret=0 data=00
1778318237.289000 W1 i2c=0x30 reg=0x0 val=0x9
1778318237.289000 W  i2c=0x30 reg=0x0 len=1 data=09
1778318237.290000 R  i2c=0x30 reg=0x62 len=1
1778318237.294000 R= ret=0 data=51
1778318237.294000 W1 i2c=0x30 reg=0x0 val=0xd
1778318237.294000 W  i2c=0x30 reg=0x0 len=1 data=0d
1778318237.295000 R  i2c=0x30 reg=0x86 len=1
1778318237.299000 R= ret=0 data=00
1778318237.309000 W1 i2c=0x30 reg=0x0 val=0xf
1778318237.309000 W  i2c=0x30 reg=0x0 len=1 data=0f
1778318237.310000 R  i2c=0x30 reg=0x11 len=1
1778318237.314000 R= ret=0 data=00
1778318237.314000 W1 i2c=0x30 reg=0x0 val=0x9
1778318237.314000 W  i2c=0x30 reg=0x0 len=1 data=09
1778318237.315000 R  i2c=0x30 reg=0x62 len=1
1778318237.319000 R= ret=0 data=51
1778318237.319000 W1 i2c=0x30 reg=0x0 val=0xd
1778318237.319000 W  i2c=0x30 reg=0x0 len=1 data=0d
1778318237.320000 R  i2c=0x30 reg=0x86 len=1
1778318237.323000 R= ret=0 data=00
1778318237.335000 W1 i2c=0x30 reg=0x0 val=0xf
1778318237.335000 W  i2c=0x30 reg=0x0 len=1 data=0f
1778318237.336000 R  i2c=0x30 reg=0x11 len=1
1778318237.341000 R= ret=0 data=00
1778318237.341000 W1 i2c=0x30 reg=0x0 val=0x9
1778318237.341000 W  i2c=0x30 reg=0x0 len=1 data=09
1778318237.341000 R  i2c=0x30 reg=0x62 len=1
1778318237.345000 R= ret=0 data=51
1778318237.345000 W1 i2c=0x30 reg=0x0 val=0xd
1778318237.345000 W  i2c=0x30 reg=0x0 len=1 data=0d
1778318237.346000 R  i2c=0x30 reg=0x86 len=1
1778318237.350000 R= ret=0 data=00
1778318237.360000 W1 i2c=0x30 reg=0x0 val=0xf
1778318237.360000 W  i2c=0x30 reg=0x0 len=1 data=0f
1778318237.361000 R  i2c=0x30 reg=0x11 len=1
1778318237.365000 R= ret=0 data=00
1778318237.365000 W1 i2c=0x30 reg=0x0 val=0x9
1778318237.365000 W  i2c=0x30 reg=0x0 len=1 data=09
1778318237.366000 R  i2c=0x30 reg=0x62 len=1
1778318237.370000 R= ret=0 data=51
1778318237.370000 W1 i2c=0x30 reg=0x0 val=0xd
1778318237.370000 W  i2c=0x30 reg=0x0 len=1 data=0d
1778318237.371000 R  i2c=0x30 reg=0x86 len=1
1778318237.374000 R= ret=0 data=00
1778318237.386000 W1 i2c=0x30 reg=0x0 val=0xf
1778318237.386000 W  i2c=0x30 reg=0x0 len=1 data=0f
1778318237.387000 R  i2c=0x30 reg=0x11 len=1
1778318237.390000 R= ret=0 data=00
1778318237.390000 W1 i2c=0x30 reg=0x0 val=0x9
1778318237.390000 W  i2c=0x30 reg=0x0 len=1 data=09
1778318237.391000 R  i2c=0x30 reg=0x62 len=1
1778318237.395000 R= ret=0 data=51
1778318237.395000 W1 i2c=0x30 reg=0x0 val=0xd
1778318237.395000 W  i2c=0x30 reg=0x0 len=1 data=0d
1778318237.396000 R  i2c=0x30 reg=0x86 len=1
1778318237.399000 R= ret=0 data=00
1778318237.410000 W1 i2c=0x30 reg=0x0 val=0xf
1778318237.410000 W  i2c=0x30 reg=0x0 len=1 data=0f
1778318237.411000 R  i2c=0x30 reg=0x11 len=1
1778318237.414000 R= ret=0 data=00
1778318237.414000 W1 i2c=0x30 reg=0x0 val=0x9
1778318237.414000 W  i2c=0x30 reg=0x0 len=1 data=09
1778318237.415000 R  i2c=0x30 reg=0x62 len=1
1778318237.419000 R= ret=0 data=51
1778318237.419000 W1 i2c=0x30 reg=0x0 val=0xd
1778318237.419000 W  i2c=0x30 reg=0x0 len=1 data=0d
1778318237.420000 R  i2c=0x30 reg=0x86 len=1
1778318237.423000 R= ret=0 data=00
1778318237.434000 W1 i2c=0x30 reg=0x0 val=0xf
1778318237.434000 W  i2c=0x30 reg=0x0 len=1 data=0f
1778318237.435000 R  i2c=0x30 reg=0x11 len=1
1778318237.439000 R= ret=0 data=00
1778318237.439000 W1 i2c=0x30 reg=0x0 val=0x9
1778318237.439000 W  i2c=0x30 reg=0x0 len=1 data=09
1778318237.440000 R  i2c=0x30 reg=0x62 len=1
1778318237.444000 R= ret=0 data=51
1778318237.444000 W1 i2c=0x30 reg=0x0 val=0xd
1778318237.444000 W  i2c=0x30 reg=0x0 len=1 data=0d
1778318237.445000 R  i2c=0x30 reg=0x86 len=1
1778318237.448000 R= ret=0 data=00
1778318237.459000 W1 i2c=0x30 reg=0x0 val=0xf
1778318237.459000 W  i2c=0x30 reg=0x0 len=1 data=0f
1778318237.460000 R  i2c=0x30 reg=0x11 len=1
1778318237.464000 R= ret=0 data=00
1778318237.464000 W1 i2c=0x30 reg=0x0 val=0x9
1778318237.464000 W  i2c=0x30 reg=0x0 len=1 data=09
1778318237.465000 R  i2c=0x30 reg=0x62 len=1
1778318237.468000 R= ret=0 data=51
1778318237.468000 W1 i2c=0x30 reg=0x0 val=0xd
1778318237.468000 W  i2c=0x30 reg=0x0 len=1 data=0d
1778318237.469000 R  i2c=0x30 reg=0x86 len=1
1778318237.473000 R= ret=0 data=00
1778318237.483000 W1 i2c=0x30 reg=0x0 val=0xf
1778318237.483000 W  i2c=0x30 reg=0x0 len=1 data=0f
1778318237.484000 R  i2c=0x30 reg=0x11 len=1
1778318237.487000 R= ret=0 data=00
1778318237.487000 W1 i2c=0x30 reg=0x0 val=0x9
1778318237.487000 W  i2c=0x30 reg=0x0 len=1 data=09
1778318237.488000 R  i2c=0x30 reg=0x62 len=1
1778318237.492000 R= ret=0 data=51
1778318237.492000 W1 i2c=0x30 reg=0x0 val=0xd
1778318237.492000 W  i2c=0x30 reg=0x0 len=1 data=0d
1778318237.493000 R  i2c=0x30 reg=0x86 len=1
1778318237.497000 R= ret=0 data=00
1778318237.508000 W1 i2c=0x30 reg=0x0 val=0xf
1778318237.508000 W  i2c=0x30 reg=0x0 len=1 data=0f
1778318237.509000 R  i2c=0x30 reg=0x11 len=1
1778318237.513000 R= ret=0 data=00
1778318237.513000 W1 i2c=0x30 reg=0x0 val=0x9
1778318237.513000 W  i2c=0x30 reg=0x0 len=1 data=09
1778318237.514000 R  i2c=0x30 reg=0x62 len=1
1778318237.518000 R= ret=0 data=51
1778318237.518000 W1 i2c=0x30 reg=0x0 val=0xd
1778318237.518000 W  i2c=0x30 reg=0x0 len=1 data=0d
1778318237.518000 R  i2c=0x30 reg=0x86 len=1
1778318237.522000 R= ret=0 data=00
1778318237.534000 W1 i2c=0x30 reg=0x0 val=0xf
1778318237.534000 W  i2c=0x30 reg=0x0 len=1 data=0f
1778318237.535000 R  i2c=0x30 reg=0x11 len=1
1778318237.539000 R= ret=0 data=00
1778318237.539000 W1 i2c=0x30 reg=0x0 val=0x9
1778318237.539000 W  i2c=0x30 reg=0x0 len=1 data=09
1778318237.540000 R  i2c=0x30 reg=0x62 len=1
1778318237.544000 R= ret=0 data=51
1778318237.544000 W1 i2c=0x30 reg=0x0 val=0xd
1778318237.544000 W  i2c=0x30 reg=0x0 len=1 data=0d
1778318237.545000 R  i2c=0x30 reg=0x86 len=1
1778318237.548000 R= ret=0 data=00
1778318237.548000 <<< sony_cxd6801_integ_atsc_Tune ret=5
1778318237.548000 DRV_acquire ret=5
1778318237.809000 W1 i2c=0x30 reg=0x0 val=0xf
1778318237.809000 W  i2c=0x30 reg=0x0 len=1 data=0f
1778318237.810000 R  i2c=0x30 reg=0x11 len=1
1778318237.814000 R= ret=0 data=00
1778318237.814000 W1 i2c=0x30 reg=0x0 val=0x9
1778318237.814000 W  i2c=0x30 reg=0x0 len=1 data=09
1778318237.815000 R  i2c=0x30 reg=0x62 len=1
1778318237.818000 R= ret=0 data=51
1778318237.818000 W1 i2c=0x30 reg=0x0 val=0xd
1778318237.818000 W  i2c=0x30 reg=0x0 len=1 data=0d
1778318237.819000 R  i2c=0x30 reg=0x86 len=1
1778318237.823000 R= ret=0 data=00
1778318237.823000 W1 i2c=0x30 reg=0x0 val=0xd
1778318237.823000 W  i2c=0x30 reg=0x0 len=1 data=0d
1778318237.824000 R  i2c=0x30 reg=0x86 len=1
1778318237.827000 R= ret=0 data=00
1778318237.827000 W1 i2c=0x30 reg=0x0 val=0xd
1778318237.827000 W  i2c=0x30 reg=0x0 len=1 data=0d
1778318237.828000 R  i2c=0x30 reg=0x86 len=1
1778318237.831000 R= ret=0 data=00
1778318237.832000 W1 i2c=0xdc reg=0x8 val=0x1
1778318237.832000 W  i2c=0xdc reg=0x8 len=1 data=01
1778318237.832000 W  i2c=0xc0 reg=0x87 len=2 data=c4 41
1778318237.833000 W  i2c=0xc0 reg=0x59 len=2 data=05 01
1778318237.834000 R  i2c=0xc0 reg=0x5b len=1
1778318237.837000 R= ret=0 data=2f
1778318237.837000 W  i2c=0xc0 reg=0x59 len=2 data=03 01
1778318237.838000 R  i2c=0xc0 reg=0x5b len=1
1778318237.842000 R= ret=0 data=08
1778318237.842000 W1 i2c=0xc0 reg=0x59 val=0x4
1778318237.842000 W  i2c=0xc0 reg=0x59 len=1 data=04
1778318237.842000 W1 i2c=0xc0 reg=0x88 val=0x0
1778318237.842000 W  i2c=0xc0 reg=0x88 len=1 data=00
1778318237.843000 W1 i2c=0xc0 reg=0x87 val=0xc0
1778318237.843000 W  i2c=0xc0 reg=0x87 len=1 data=c0
1778318237.844000 R  i2c=0xc0 reg=0x69 len=1
1778318237.848000 R= ret=0 data=88
1778318237.848000 W1 i2c=0xdc reg=0x8 val=0x0
1778318237.848000 W  i2c=0xdc reg=0x8 len=1 data=00
1778318238.652000 W1 i2c=0x30 reg=0x0 val=0xf
1778318238.652000 W  i2c=0x30 reg=0x0 len=1 data=0f
1778318238.653000 R  i2c=0x30 reg=0x11 len=1
1778318238.657000 R= ret=0 data=00
1778318238.657000 W1 i2c=0x30 reg=0x0 val=0x9
1778318238.657000 W  i2c=0x30 reg=0x0 len=1 data=09
1778318238.658000 R  i2c=0x30 reg=0x62 len=1
1778318238.661000 R= ret=0 data=51
1778318238.661000 W1 i2c=0x30 reg=0x0 val=0xd
1778318238.661000 W  i2c=0x30 reg=0x0 len=1 data=0d
1778318238.662000 R  i2c=0x30 reg=0x86 len=1
1778318238.665000 R= ret=0 data=00
1778318238.665000 W1 i2c=0x30 reg=0x0 val=0xd
1778318238.665000 W  i2c=0x30 reg=0x0 len=1 data=0d
1778318238.666000 R  i2c=0x30 reg=0x86 len=1
1778318238.674000 R= ret=0 data=00
1778318238.674000 W1 i2c=0x30 reg=0x0 val=0xd
1778318238.674000 W  i2c=0x30 reg=0x0 len=1 data=0d
1778318238.675000 R  i2c=0x30 reg=0x86 len=1
1778318238.678000 R= ret=0 data=00
1778318238.678000 W1 i2c=0xdc reg=0x8 val=0x1
1778318238.678000 W  i2c=0xdc reg=0x8 len=1 data=01
1778318238.679000 W  i2c=0xc0 reg=0x87 len=2 data=c4 41
1778318238.680000 W  i2c=0xc0 reg=0x59 len=2 data=05 01
1778318238.681000 R  i2c=0xc0 reg=0x5b len=1
1778318238.684000 R= ret=0 data=2f
1778318238.684000 W  i2c=0xc0 reg=0x59 len=2 data=03 01
1778318238.685000 R  i2c=0xc0 reg=0x5b len=1
1778318238.688000 R= ret=0 data=08
1778318238.688000 W1 i2c=0xc0 reg=0x59 val=0x4
1778318238.688000 W  i2c=0xc0 reg=0x59 len=1 data=04
1778318238.689000 W1 i2c=0xc0 reg=0x88 val=0x0
1778318238.689000 W  i2c=0xc0 reg=0x88 len=1 data=00
1778318238.690000 W1 i2c=0xc0 reg=0x87 val=0xc0
1778318238.690000 W  i2c=0xc0 reg=0x87 len=1 data=c0
1778318238.691000 R  i2c=0xc0 reg=0x69 len=1
1778318238.694000 R= ret=0 data=88
1778318238.694000 W1 i2c=0xdc reg=0x8 val=0x0
1778318238.694000 W  i2c=0xdc reg=0x8 len=1 data=00
1778318239.498000 W1 i2c=0x30 reg=0x0 val=0xf
1778318239.498000 W  i2c=0x30 reg=0x0 len=1 data=0f
1778318239.499000 R  i2c=0x30 reg=0x11 len=1
1778318239.503000 R= ret=0 data=00
1778318239.503000 W1 i2c=0x30 reg=0x0 val=0x9
1778318239.503000 W  i2c=0x30 reg=0x0 len=1 data=09
1778318239.504000 R  i2c=0x30 reg=0x62 len=1
1778318239.507000 R= ret=0 data=51
1778318239.508000 W1 i2c=0x30 reg=0x0 val=0xd
1778318239.508000 W  i2c=0x30 reg=0x0 len=1 data=0d
1778318239.509000 R  i2c=0x30 reg=0x86 len=1
1778318239.512000 R= ret=0 data=00
1778318239.512000 W1 i2c=0x30 reg=0x0 val=0xd
1778318239.512000 W  i2c=0x30 reg=0x0 len=1 data=0d
1778318239.513000 R  i2c=0x30 reg=0x86 len=1
1778318239.517000 R= ret=0 data=00
1778318239.517000 W1 i2c=0x30 reg=0x0 val=0xd
1778318239.517000 W  i2c=0x30 reg=0x0 len=1 data=0d
1778318239.518000 R  i2c=0x30 reg=0x86 len=1
1778318239.521000 R= ret=0 data=00
1778318239.521000 W1 i2c=0xdc reg=0x8 val=0x1
1778318239.522000 W  i2c=0xdc reg=0x8 len=1 data=01
1778318239.523000 W  i2c=0xc0 reg=0x87 len=2 data=c4 41
1778318239.524000 W  i2c=0xc0 reg=0x59 len=2 data=05 01
1778318239.525000 R  i2c=0xc0 reg=0x5b len=1
1778318239.528000 R= ret=0 data=2f
1778318239.528000 W  i2c=0xc0 reg=0x59 len=2 data=03 01
1778318239.529000 R  i2c=0xc0 reg=0x5b len=1
1778318239.533000 R= ret=0 data=08
1778318239.533000 W1 i2c=0xc0 reg=0x59 val=0x4
1778318239.533000 W  i2c=0xc0 reg=0x59 len=1 data=04
1778318239.534000 W1 i2c=0xc0 reg=0x88 val=0x0
1778318239.534000 W  i2c=0xc0 reg=0x88 len=1 data=00
1778318239.535000 W1 i2c=0xc0 reg=0x87 val=0xc0
1778318239.535000 W  i2c=0xc0 reg=0x87 len=1 data=c0
1778318239.536000 R  i2c=0xc0 reg=0x69 len=1
1778318239.539000 R= ret=0 data=88
1778318239.539000 W1 i2c=0xdc reg=0x8 val=0x0
1778318239.539000 W  i2c=0xdc reg=0x8 len=1 data=00
1778318240.342000 W1 i2c=0x30 reg=0x0 val=0xf
1778318240.342000 W  i2c=0x30 reg=0x0 len=1 data=0f
1778318240.343000 R  i2c=0x30 reg=0x11 len=1
1778318240.347000 R= ret=0 data=00
1778318240.347000 W1 i2c=0x30 reg=0x0 val=0x9
1778318240.347000 W  i2c=0x30 reg=0x0 len=1 data=09
1778318240.348000 R  i2c=0x30 reg=0x62 len=1
1778318240.352000 R= ret=0 data=51
1778318240.352000 W1 i2c=0x30 reg=0x0 val=0xd
1778318240.352000 W  i2c=0x30 reg=0x0 len=1 data=0d
1778318240.353000 R  i2c=0x30 reg=0x86 len=1
1778318240.357000 R= ret=0 data=00
1778318240.357000 W1 i2c=0x30 reg=0x0 val=0xd
1778318240.357000 W  i2c=0x30 reg=0x0 len=1 data=0d
1778318240.358000 R  i2c=0x30 reg=0x86 len=1
1778318240.361000 R= ret=0 data=00
1778318240.361000 W1 i2c=0x30 reg=0x0 val=0xd
1778318240.361000 W  i2c=0x30 reg=0x0 len=1 data=0d
1778318240.362000 R  i2c=0x30 reg=0x86 len=1
1778318240.366000 R= ret=0 data=00
1778318240.366000 W1 i2c=0xdc reg=0x8 val=0x1
1778318240.366000 W  i2c=0xdc reg=0x8 len=1 data=01
1778318240.367000 W  i2c=0xc0 reg=0x87 len=2 data=c4 41
1778318240.368000 W  i2c=0xc0 reg=0x59 len=2 data=05 01
1778318240.369000 R  i2c=0xc0 reg=0x5b len=1
1778318240.372000 R= ret=0 data=34
1778318240.372000 W  i2c=0xc0 reg=0x59 len=2 data=03 01
1778318240.373000 R  i2c=0xc0 reg=0x5b len=1
1778318240.377000 R= ret=0 data=08
1778318240.377000 W1 i2c=0xc0 reg=0x59 val=0x4
1778318240.377000 W  i2c=0xc0 reg=0x59 len=1 data=04
1778318240.378000 W1 i2c=0xc0 reg=0x88 val=0x0
1778318240.378000 W  i2c=0xc0 reg=0x88 len=1 data=00
1778318240.378000 W1 i2c=0xc0 reg=0x87 val=0xc0
1778318240.378000 W  i2c=0xc0 reg=0x87 len=1 data=c0
1778318240.379000 R  i2c=0xc0 reg=0x69 len=1
1778318240.383000 R= ret=0 data=88
1778318240.383000 W1 i2c=0xdc reg=0x8 val=0x0
1778318240.383000 W  i2c=0xdc reg=0x8 len=1 data=00
1778318241.185000 W1 i2c=0x30 reg=0x0 val=0xf
1778318241.185000 W  i2c=0x30 reg=0x0 len=1 data=0f
1778318241.187000 R  i2c=0x30 reg=0x11 len=1
1778318241.191000 R= ret=0 data=00
1778318241.191000 W1 i2c=0x30 reg=0x0 val=0x9
1778318241.191000 W  i2c=0x30 reg=0x0 len=1 data=09
1778318241.192000 R  i2c=0x30 reg=0x62 len=1
1778318241.196000 R= ret=0 data=51
1778318241.196000 W1 i2c=0x30 reg=0x0 val=0xd
1778318241.196000 W  i2c=0x30 reg=0x0 len=1 data=0d
1778318241.197000 R  i2c=0x30 reg=0x86 len=1
1778318241.200000 R= ret=0 data=00
1778318241.200000 W1 i2c=0x30 reg=0x0 val=0xd
1778318241.200000 W  i2c=0x30 reg=0x0 len=1 data=0d
1778318241.201000 R  i2c=0x30 reg=0x86 len=1
1778318241.205000 R= ret=0 data=00
1778318241.205000 W1 i2c=0x30 reg=0x0 val=0xd
1778318241.205000 W  i2c=0x30 reg=0x0 len=1 data=0d
1778318241.206000 R  i2c=0x30 reg=0x86 len=1
1778318241.210000 R= ret=0 data=00
1778318241.210000 W1 i2c=0xdc reg=0x8 val=0x1
1778318241.210000 W  i2c=0xdc reg=0x8 len=1 data=01
1778318241.211000 W  i2c=0xc0 reg=0x87 len=2 data=c4 41
1778318241.212000 W  i2c=0xc0 reg=0x59 len=2 data=05 01
1778318241.213000 R  i2c=0xc0 reg=0x5b len=1
1778318241.217000 R= ret=0 data=2f
1778318241.217000 W  i2c=0xc0 reg=0x59 len=2 data=03 01
1778318241.218000 R  i2c=0xc0 reg=0x5b len=1
1778318241.221000 R= ret=0 data=08
1778318241.221000 W1 i2c=0xc0 reg=0x59 val=0x4
1778318241.221000 W  i2c=0xc0 reg=0x59 len=1 data=04
1778318241.222000 W1 i2c=0xc0 reg=0x88 val=0x0
1778318241.223000 W  i2c=0xc0 reg=0x88 len=1 data=00
1778318241.224000 W1 i2c=0xc0 reg=0x87 val=0xc0
1778318241.224000 W  i2c=0xc0 reg=0x87 len=1 data=c0
1778318241.225000 R  i2c=0xc0 reg=0x69 len=1
1778318241.229000 R= ret=0 data=88
1778318241.229000 W1 i2c=0xdc reg=0x8 val=0x0
1778318241.229000 W  i2c=0xdc reg=0x8 len=1 data=00
1778318242.048000 W1 i2c=0x30 reg=0x0 val=0xf
1778318242.048000 W  i2c=0x30 reg=0x0 len=1 data=0f
1778318242.050000 R  i2c=0x30 reg=0x11 len=1
1778318242.057000 R= ret=0 data=00
1778318242.057000 W1 i2c=0x30 reg=0x0 val=0x9
1778318242.057000 W  i2c=0x30 reg=0x0 len=1 data=09
1778318242.070000 R  i2c=0x30 reg=0x62 len=1
1778318242.074000 R= ret=0 data=51
1778318242.074000 W1 i2c=0x30 reg=0x0 val=0xd
1778318242.074000 W  i2c=0x30 reg=0x0 len=1 data=0d
1778318242.076000 R  i2c=0x30 reg=0x86 len=1
1778318242.080000 R= ret=0 data=00
1778318242.080000 W1 i2c=0x30 reg=0x0 val=0xd
1778318242.080000 W  i2c=0x30 reg=0x0 len=1 data=0d
1778318242.082000 R  i2c=0x30 reg=0x86 len=1
1778318242.086000 R= ret=0 data=00
1778318242.086000 W1 i2c=0x30 reg=0x0 val=0xd
1778318242.086000 W  i2c=0x30 reg=0x0 len=1 data=0d
1778318242.087000 R  i2c=0x30 reg=0x86 len=1
1778318242.091000 R= ret=0 data=00
1778318242.091000 W1 i2c=0xdc reg=0x8 val=0x1
1778318242.091000 W  i2c=0xdc reg=0x8 len=1 data=01
1778318242.092000 W  i2c=0xc0 reg=0x87 len=2 data=c4 41
1778318242.093000 W  i2c=0xc0 reg=0x59 len=2 data=05 01
1778318242.094000 R  i2c=0xc0 reg=0x5b len=1
1778318242.099000 R= ret=0 data=2f
1778318242.099000 W  i2c=0xc0 reg=0x59 len=2 data=03 01
1778318242.100000 R  i2c=0xc0 reg=0x5b len=1
1778318242.103000 R= ret=0 data=08
1778318242.103000 W1 i2c=0xc0 reg=0x59 val=0x4
1778318242.103000 W  i2c=0xc0 reg=0x59 len=1 data=04
1778318242.104000 W1 i2c=0xc0 reg=0x88 val=0x0
1778318242.104000 W  i2c=0xc0 reg=0x88 len=1 data=00
1778318242.105000 W1 i2c=0xc0 reg=0x87 val=0xc0
1778318242.105000 W  i2c=0xc0 reg=0x87 len=1 data=c0
1778318242.106000 R  i2c=0xc0 reg=0x69 len=1
1778318242.110000 R= ret=0 data=88
1778318242.110000 W1 i2c=0xdc reg=0x8 val=0x0
1778318242.110000 W  i2c=0xdc reg=0x8 len=1 data=00
1778318242.912000 W1 i2c=0x30 reg=0x0 val=0xf
1778318242.912000 W  i2c=0x30 reg=0x0 len=1 data=0f
1778318242.913000 R  i2c=0x30 reg=0x11 len=1
1778318242.917000 R= ret=0 data=00
1778318242.917000 W1 i2c=0x30 reg=0x0 val=0x9
1778318242.917000 W  i2c=0x30 reg=0x0 len=1 data=09
1778318242.918000 R  i2c=0x30 reg=0x62 len=1
1778318242.922000 R= ret=0 data=51
1778318242.922000 W1 i2c=0x30 reg=0x0 val=0xd
1778318242.922000 W  i2c=0x30 reg=0x0 len=1 data=0d
1778318242.923000 R  i2c=0x30 reg=0x86 len=1
1778318242.927000 R= ret=0 data=00
1778318242.927000 W1 i2c=0x30 reg=0x0 val=0xd
1778318242.927000 W  i2c=0x30 reg=0x0 len=1 data=0d
1778318242.928000 R  i2c=0x30 reg=0x86 len=1
1778318242.932000 R= ret=0 data=00
1778318242.932000 W1 i2c=0x30 reg=0x0 val=0xd
1778318242.932000 W  i2c=0x30 reg=0x0 len=1 data=0d
1778318242.933000 R  i2c=0x30 reg=0x86 len=1
1778318242.936000 R= ret=0 data=00
1778318242.936000 W1 i2c=0xdc reg=0x8 val=0x1
1778318242.936000 W  i2c=0xdc reg=0x8 len=1 data=01
1778318242.937000 W  i2c=0xc0 reg=0x87 len=2 data=c4 41
1778318242.938000 W  i2c=0xc0 reg=0x59 len=2 data=05 01
1778318242.939000 R  i2c=0xc0 reg=0x5b len=1
1778318242.943000 R= ret=0 data=34
1778318242.943000 W  i2c=0xc0 reg=0x59 len=2 data=03 01
1778318242.944000 R  i2c=0xc0 reg=0x5b len=1
1778318242.948000 R= ret=0 data=08
1778318242.948000 W1 i2c=0xc0 reg=0x59 val=0x4
1778318242.948000 W  i2c=0xc0 reg=0x59 len=1 data=04
1778318242.949000 W1 i2c=0xc0 reg=0x88 val=0x0
1778318242.949000 W  i2c=0xc0 reg=0x88 len=1 data=00
1778318242.950000 W1 i2c=0xc0 reg=0x87 val=0xc0
1778318242.950000 W  i2c=0xc0 reg=0x87 len=1 data=c0
1778318242.951000 R  i2c=0xc0 reg=0x69 len=1
1778318242.955000 R= ret=0 data=88
1778318242.955000 W1 i2c=0xdc reg=0x8 val=0x0
1778318242.955000 W  i2c=0xdc reg=0x8 len=1 data=00
1778318243.550000 nativeTune -> 545000
1778318243.550000 DRV_acquire: oldStd=0x5 freq=545000 -> ATSC 1.0
1778318243.550000 >>> sony_cxd6801_integ_atsc_Tune
1778318243.550000 >>> sony_cxd6801_demod_atsc_Tune
1778318243.550000 >>> sony_cxd6801_demod_SetStreamOutput
1778318243.550000 W1 i2c=0xd8 reg=0x0 val=0x0
1778318243.550000 W  i2c=0xd8 reg=0x0 len=1 data=00
1778318243.553000 R  i2c=0xd8 reg=0xa9 len=1
1778318243.557000 R= ret=0 data=00
1778318243.557000 W1 i2c=0xd8 reg=0x0 val=0x0
1778318243.557000 W  i2c=0xd8 reg=0x0 len=1 data=00
1778318243.558000 W1 i2c=0xd8 reg=0xc3 val=0x1
1778318243.558000 W  i2c=0xd8 reg=0xc3 len=1 data=01
1778318243.559000 <<< sony_cxd6801_demod_SetStreamOutput ret=0
1778318243.559000 <<< sony_cxd6801_demod_atsc_Tune ret=0
1778318243.559000 W1 i2c=0xdc reg=0x8 val=0x1
1778318243.559000 W  i2c=0xdc reg=0x8 len=1 data=01
1778318243.560000 B  i2c=0xc0 reg=0x74 val=0x2 mask=0x3
1778318243.560000 R  i2c=0xc0 reg=0x74 len=1
1778318243.564000 R= ret=0 data=11
1778318243.564000 W1 i2c=0xc0 reg=0x74 val=0x12
1778318243.564000 W  i2c=0xc0 reg=0x74 len=1 data=12
1778318243.565000 W  i2c=0xc0 reg=0x87 len=2 data=c4 40
1778318243.567000 W  i2c=0xc0 reg=0x91 len=2 data=10 20
1778318243.568000 W  i2c=0xc0 reg=0x9c len=2 data=00 00
1778318243.569000 W  i2c=0xc0 reg=0x5e len=9 data=ee 02 1e 67 03 b4 78 08
1778318243.570000 B  i2c=0xc0 reg=0x67 val=0x0 mask=0x6
1778318243.570000 R  i2c=0xc0 reg=0x67 len=1
1778318243.574000 R= ret=0 data=00
1778318243.574000 W1 i2c=0xc0 reg=0x67 val=0x0
1778318243.574000 W  i2c=0xc0 reg=0x67 len=1 data=00
1778318243.575000 W  i2c=0xc0 reg=0x68 len=17 data=00 88 00 0b 23 00 1a 1d
1778318243.628000 W1 i2c=0xc0 reg=0x88 val=0x0
1778318243.628000 W  i2c=0xc0 reg=0x88 len=1 data=00
1778318243.629000 W1 i2c=0xc0 reg=0x87 val=0xc0
1778318243.629000 W  i2c=0xc0 reg=0x87 len=1 data=c0
1778318243.630000 W1 i2c=0xdc reg=0x8 val=0x0
1778318243.630000 W  i2c=0xdc reg=0x8 len=1 data=00
1778318243.632000 W1 i2c=0x98 reg=0x0 val=0x1
1778318243.632000 W  i2c=0x98 reg=0x0 len=1 data=01
1778318243.633000 W1 i2c=0x98 reg=0x48 val=0x1
1778318243.633000 W  i2c=0x98 reg=0x48 len=1 data=01
1778318243.634000 W  i2c=0x98 reg=0xa len=6 data=b3 10 00 00 00 00
1778318243.635000 R  i2c=0x98 reg=0xa len=6
1778318243.639000 R= ret=0 data=30 00 00 00 00 b3
1778318243.639000 >>> sony_cxd6801_demod_SetStreamOutput
1778318243.639000 W1 i2c=0xd8 reg=0x0 val=0x0
1778318243.639000 W  i2c=0xd8 reg=0x0 len=1 data=00
1778318243.640000 R  i2c=0xd8 reg=0xa9 len=1
1778318243.644000 R= ret=0 data=00
1778318243.644000 W1 i2c=0xd8 reg=0x0 val=0x0
1778318243.644000 W  i2c=0xd8 reg=0x0 len=1 data=00
1778318243.645000 W1 i2c=0xd8 reg=0xc3 val=0x0
1778318243.645000 W  i2c=0xd8 reg=0xc3 len=1 data=00
1778318243.646000 <<< sony_cxd6801_demod_SetStreamOutput ret=0
1778318243.646000 W1 i2c=0x30 reg=0x0 val=0xf
1778318243.646000 W  i2c=0x30 reg=0x0 len=1 data=0f
1778318243.647000 R  i2c=0x30 reg=0x11 len=1
1778318243.651000 R= ret=0 data=00
1778318243.651000 W1 i2c=0x30 reg=0x0 val=0x9
1778318243.651000 W  i2c=0x30 reg=0x0 len=1 data=09
1778318243.652000 R  i2c=0x30 reg=0x62 len=1
1778318243.655000 R= ret=0 data=51
1778318243.655000 W1 i2c=0x30 reg=0x0 val=0xd
1778318243.655000 W  i2c=0x30 reg=0x0 len=1 data=0d
1778318243.656000 R  i2c=0x30 reg=0x86 len=1
1778318243.661000 R= ret=0 data=00
1778318243.671000 W1 i2c=0x30 reg=0x0 val=0xf
1778318243.671000 W  i2c=0x30 reg=0x0 len=1 data=0f
1778318243.673000 R  i2c=0x30 reg=0x11 len=1
1778318243.677000 R= ret=0 data=00
1778318243.677000 W1 i2c=0x30 reg=0x0 val=0x9
1778318243.677000 W  i2c=0x30 reg=0x0 len=1 data=09
1778318243.678000 R  i2c=0x30 reg=0x62 len=1
1778318243.682000 R= ret=0 data=51
1778318243.682000 W1 i2c=0x30 reg=0x0 val=0xd
1778318243.682000 W  i2c=0x30 reg=0x0 len=1 data=0d
1778318243.683000 R  i2c=0x30 reg=0x86 len=1
1778318243.686000 R= ret=0 data=00
1778318243.696000 W1 i2c=0x30 reg=0x0 val=0xf
1778318243.697000 W  i2c=0x30 reg=0x0 len=1 data=0f
1778318243.698000 R  i2c=0x30 reg=0x11 len=1
1778318243.701000 R= ret=0 data=00
1778318243.701000 W1 i2c=0x30 reg=0x0 val=0x9
1778318243.701000 W  i2c=0x30 reg=0x0 len=1 data=09
1778318243.702000 R  i2c=0x30 reg=0x62 len=1
1778318243.706000 R= ret=0 data=51
1778318243.706000 W1 i2c=0x30 reg=0x0 val=0xd
1778318243.706000 W  i2c=0x30 reg=0x0 len=1 data=0d
1778318243.707000 R  i2c=0x30 reg=0x86 len=1
1778318243.712000 R= ret=0 data=00
1778318243.722000 W1 i2c=0x30 reg=0x0 val=0xf
1778318243.722000 W  i2c=0x30 reg=0x0 len=1 data=0f
1778318243.724000 R  i2c=0x30 reg=0x11 len=1
1778318243.728000 R= ret=0 data=00
1778318243.728000 W1 i2c=0x30 reg=0x0 val=0x9
1778318243.728000 W  i2c=0x30 reg=0x0 len=1 data=09
1778318243.729000 R  i2c=0x30 reg=0x62 len=1
1778318243.733000 R= ret=0 data=51
1778318243.733000 W1 i2c=0x30 reg=0x0 val=0xd
1778318243.733000 W  i2c=0x30 reg=0x0 len=1 data=0d
1778318243.734000 R  i2c=0x30 reg=0x86 len=1
1778318243.737000 R= ret=0 data=00
1778318243.748000 W1 i2c=0x30 reg=0x0 val=0xf
1778318243.748000 W  i2c=0x30 reg=0x0 len=1 data=0f
1778318243.750000 R  i2c=0x30 reg=0x11 len=1
1778318243.754000 R= ret=0 data=00
1778318243.754000 W1 i2c=0x30 reg=0x0 val=0x9
1778318243.754000 W  i2c=0x30 reg=0x0 len=1 data=09
1778318243.755000 R  i2c=0x30 reg=0x62 len=1
1778318243.759000 R= ret=0 data=51
1778318243.759000 W1 i2c=0x30 reg=0x0 val=0xd
1778318243.759000 W  i2c=0x30 reg=0x0 len=1 data=0d
1778318243.761000 R  i2c=0x30 reg=0x86 len=1
1778318243.766000 R= ret=0 data=00
1778318243.776000 W1 i2c=0x30 reg=0x0 val=0xf
1778318243.777000 W  i2c=0x30 reg=0x0 len=1 data=0f
1778318243.779000 R  i2c=0x30 reg=0x11 len=1
1778318243.788000 R= ret=0 data=00
1778318243.788000 W1 i2c=0x30 reg=0x0 val=0x9
1778318243.788000 W  i2c=0x30 reg=0x0 len=1 data=09
1778318243.789000 R  i2c=0x30 reg=0x62 len=1
1778318243.794000 R= ret=0 data=51
1778318243.794000 W1 i2c=0x30 reg=0x0 val=0xd
1778318243.794000 W  i2c=0x30 reg=0x0 len=1 data=0d
1778318243.800000 R  i2c=0x30 reg=0x86 len=1
1778318243.804000 R= ret=0 data=00
1778318243.808000 W1 i2c=0x30 reg=0x0 val=0xf
1778318243.808000 W  i2c=0x30 reg=0x0 len=1 data=0f
1778318243.809000 R  i2c=0x30 reg=0x11 len=1
1778318243.814000 R= ret=0 data=00
1778318243.814000 W1 i2c=0x30 reg=0x0 val=0x9
1778318243.814000 W  i2c=0x30 reg=0x0 len=1 data=09
1778318243.815000 W1 i2c=0x30 reg=0x0 val=0xf
1778318243.815000 W  i2c=0x30 reg=0x0 len=1 data=0f
1778318243.816000 R  i2c=0x30 reg=0x62 len=1
1778318243.817000 R  i2c=0x30 reg=0x11 len=1
1778318243.820000 R= ret=0 data=00
1778318243.820000 W1 i2c=0x30 reg=0x0 val=0xd
1778318243.820000 W  i2c=0x30 reg=0x0 len=1 data=0d
1778318243.824000 R= ret=0 data=00
1778318243.824000 W1 i2c=0x30 reg=0x0 val=0x9
1778318243.824000 W  i2c=0x30 reg=0x0 len=1 data=09
1778318243.825000 R  i2c=0x30 reg=0x86 len=1
1778318243.829000 R= ret=0 data=00
1778318243.829000 W1 i2c=0x30 reg=0x0 val=0xd
1778318243.829000 W  i2c=0x30 reg=0x0 len=1 data=0d
1778318243.830000 R  i2c=0x30 reg=0x62 len=1
1778318243.831000 R  i2c=0x30 reg=0x86 len=1
1778318243.835000 R= ret=0 data=00
1778318243.835000 W1 i2c=0x30 reg=0x0 val=0xd
1778318243.835000 W  i2c=0x30 reg=0x0 len=1 data=0d
1778318243.839000 R= ret=0 data=00
1778318243.839000 W1 i2c=0x30 reg=0x0 val=0xd
1778318243.839000 W  i2c=0x30 reg=0x0 len=1 data=0d
1778318243.840000 R  i2c=0x30 reg=0x86 len=1
1778318243.841000 R  i2c=0x30 reg=0x86 len=1
1778318243.845000 R= ret=0 data=00
1778318243.848000 R= ret=0 data=00
1778318243.848000 W1 i2c=0xdc reg=0x8 val=0x1
1778318243.848000 W  i2c=0xdc reg=0x8 len=1 data=01
1778318243.849000 W  i2c=0xc0 reg=0x87 len=2 data=c4 41
1778318243.850000 W  i2c=0xc0 reg=0x59 len=2 data=05 01
1778318243.851000 R  i2c=0xc0 reg=0x5b len=1
1778318243.858000 W1 i2c=0x30 reg=0x0 val=0xf
1778318243.858000 W  i2c=0x30 reg=0x0 len=1 data=0f
1778318243.859000 R= ret=0 data=2f
1778318243.859000 W  i2c=0xc0 reg=0x59 len=2 data=03 01
1778318243.860000 R  i2c=0x30 reg=0x11 len=1
1778318243.864000 R= ret=0 data=00
1778318243.864000 W1 i2c=0x30 reg=0x0 val=0x9
1778318243.864000 W  i2c=0x30 reg=0x0 len=1 data=09
1778318243.865000 R  i2c=0xc0 reg=0x5b len=1
1778318243.866000 R  i2c=0x30 reg=0x62 len=1
1778318243.871000 R= ret=0 data=08
1778318243.871000 W1 i2c=0xc0 reg=0x59 val=0x4
1778318243.871000 W  i2c=0xc0 reg=0x59 len=1 data=04
1778318243.875000 R= ret=0 data=51
1778318243.875000 W1 i2c=0x30 reg=0x0 val=0xd
1778318243.875000 W  i2c=0x30 reg=0x0 len=1 data=0d
1778318243.876000 W1 i2c=0xc0 reg=0x88 val=0x0
1778318243.876000 W  i2c=0xc0 reg=0x88 len=1 data=00
1778318243.877000 W1 i2c=0xc0 reg=0x87 val=0xc0
1778318243.877000 W  i2c=0xc0 reg=0x87 len=1 data=c0
1778318243.878000 R  i2c=0x30 reg=0x86 len=1
1778318243.880000 R  i2c=0xc0 reg=0x69 len=1
1778318243.883000 R= ret=0 data=00
1778318243.887000 R= ret=0 data=88
1778318243.887000 W1 i2c=0xdc reg=0x8 val=0x0
1778318243.887000 W  i2c=0xdc reg=0x8 len=1 data=00
1778318243.893000 W1 i2c=0x30 reg=0x0 val=0xf
1778318243.893000 W  i2c=0x30 reg=0x0 len=1 data=0f
1778318243.894000 R  i2c=0x30 reg=0x11 len=1
1778318243.898000 R= ret=0 data=00
1778318243.898000 W1 i2c=0x30 reg=0x0 val=0x9
1778318243.898000 W  i2c=0x30 reg=0x0 len=1 data=09
1778318243.899000 R  i2c=0x30 reg=0x62 len=1
1778318243.903000 R= ret=0 data=51
1778318243.903000 W1 i2c=0x30 reg=0x0 val=0xd
1778318243.903000 W  i2c=0x30 reg=0x0 len=1 data=0d
1778318243.904000 R  i2c=0x30 reg=0x86 len=1
1778318243.908000 R= ret=0 data=00
1778318243.920000 W1 i2c=0x30 reg=0x0 val=0xf
1778318243.920000 W  i2c=0x30 reg=0x0 len=1 data=0f
1778318243.922000 R  i2c=0x30 reg=0x11 len=1
1778318243.927000 R= ret=0 data=00
1778318243.927000 W1 i2c=0x30 reg=0x0 val=0x9
1778318243.927000 W  i2c=0x30 reg=0x0 len=1 data=09
1778318243.928000 R  i2c=0x30 reg=0x62 len=1
1778318243.932000 R= ret=0 data=51
1778318243.932000 W1 i2c=0x30 reg=0x0 val=0xd
1778318243.932000 W  i2c=0x30 reg=0x0 len=1 data=0d
1778318243.933000 R  i2c=0x30 reg=0x86 len=1
1778318243.936000 R= ret=0 data=00
1778318243.947000 W1 i2c=0x30 reg=0x0 val=0xf
1778318243.947000 W  i2c=0x30 reg=0x0 len=1 data=0f
1778318243.948000 R  i2c=0x30 reg=0x11 len=1
1778318243.952000 R= ret=0 data=00
1778318243.952000 W1 i2c=0x30 reg=0x0 val=0x9
1778318243.952000 W  i2c=0x30 reg=0x0 len=1 data=09
1778318243.953000 R  i2c=0x30 reg=0x62 len=1
1778318243.957000 R= ret=0 data=51
1778318243.957000 W1 i2c=0x30 reg=0x0 val=0xd
1778318243.957000 W  i2c=0x30 reg=0x0 len=1 data=0d
1778318243.959000 R  i2c=0x30 reg=0x86 len=1
1778318243.962000 R= ret=0 data=00
1778318243.974000 W1 i2c=0x30 reg=0x0 val=0xf
1778318243.974000 W  i2c=0x30 reg=0x0 len=1 data=0f
1778318243.976000 R  i2c=0x30 reg=0x11 len=1
1778318243.982000 R= ret=0 data=00
1778318243.982000 W1 i2c=0x30 reg=0x0 val=0x9
1778318243.982000 W  i2c=0x30 reg=0x0 len=1 data=09
1778318243.983000 R  i2c=0x30 reg=0x62 len=1
1778318243.986000 R= ret=0 data=51
1778318243.986000 W1 i2c=0x30 reg=0x0 val=0xd
1778318243.986000 W  i2c=0x30 reg=0x0 len=1 data=0d
1778318243.987000 R  i2c=0x30 reg=0x86 len=1
1778318243.992000 R= ret=0 data=00
1778318244.003000 W1 i2c=0x30 reg=0x0 val=0xf
1778318244.003000 W  i2c=0x30 reg=0x0 len=1 data=0f
1778318244.004000 R  i2c=0x30 reg=0x11 len=1
1778318244.008000 R= ret=0 data=00
1778318244.008000 W1 i2c=0x30 reg=0x0 val=0x9
1778318244.008000 W  i2c=0x30 reg=0x0 len=1 data=09
1778318244.009000 R  i2c=0x30 reg=0x62 len=1
1778318244.014000 R= ret=0 data=51
1778318244.014000 W1 i2c=0x30 reg=0x0 val=0xd
1778318244.014000 W  i2c=0x30 reg=0x0 len=1 data=0d
1778318244.015000 R  i2c=0x30 reg=0x86 len=1
1778318244.018000 R= ret=0 data=00
1778318244.029000 W1 i2c=0x30 reg=0x0 val=0xf
1778318244.029000 W  i2c=0x30 reg=0x0 len=1 data=0f
1778318244.031000 R  i2c=0x30 reg=0x11 len=1
1778318244.034000 R= ret=0 data=00
1778318244.034000 W1 i2c=0x30 reg=0x0 val=0x9
1778318244.034000 W  i2c=0x30 reg=0x0 len=1 data=09
1778318244.035000 R  i2c=0x30 reg=0x62 len=1
1778318244.039000 R= ret=0 data=51
1778318244.039000 W1 i2c=0x30 reg=0x0 val=0xd
1778318244.039000 W  i2c=0x30 reg=0x0 len=1 data=0d
1778318244.040000 R  i2c=0x30 reg=0x86 len=1
1778318244.043000 R= ret=0 data=00
1778318244.055000 W1 i2c=0x30 reg=0x0 val=0xf
1778318244.055000 W  i2c=0x30 reg=0x0 len=1 data=0f
1778318244.056000 R  i2c=0x30 reg=0x11 len=1
1778318244.061000 R= ret=0 data=00
1778318244.061000 W1 i2c=0x30 reg=0x0 val=0x9
1778318244.061000 W  i2c=0x30 reg=0x0 len=1 data=09
1778318244.063000 R  i2c=0x30 reg=0x62 len=1
1778318244.067000 R= ret=0 data=51
1778318244.067000 W1 i2c=0x30 reg=0x0 val=0xd
1778318244.067000 W  i2c=0x30 reg=0x0 len=1 data=0d
1778318244.068000 R  i2c=0x30 reg=0x86 len=1
1778318244.071000 R= ret=0 data=00
1778318244.081000 W1 i2c=0x30 reg=0x0 val=0xf
1778318244.081000 W  i2c=0x30 reg=0x0 len=1 data=0f
1778318244.083000 R  i2c=0x30 reg=0x11 len=1
1778318244.086000 R= ret=0 data=00
1778318244.086000 W1 i2c=0x30 reg=0x0 val=0x9
1778318244.086000 W  i2c=0x30 reg=0x0 len=1 data=09
1778318244.088000 R  i2c=0x30 reg=0x62 len=1
1778318244.092000 R= ret=0 data=51
1778318244.092000 W1 i2c=0x30 reg=0x0 val=0xd
1778318244.092000 W  i2c=0x30 reg=0x0 len=1 data=0d
1778318244.093000 R  i2c=0x30 reg=0x86 len=1
1778318244.097000 R= ret=0 data=00
1778318244.108000 W1 i2c=0x30 reg=0x0 val=0xf
1778318244.109000 W  i2c=0x30 reg=0x0 len=1 data=0f
1778318244.110000 R  i2c=0x30 reg=0x11 len=1
1778318244.114000 R= ret=0 data=00
1778318244.114000 W1 i2c=0x30 reg=0x0 val=0x9
1778318244.114000 W  i2c=0x30 reg=0x0 len=1 data=09
1778318244.115000 R  i2c=0x30 reg=0x62 len=1
1778318244.119000 R= ret=0 data=51
1778318244.119000 W1 i2c=0x30 reg=0x0 val=0xd
1778318244.119000 W  i2c=0x30 reg=0x0 len=1 data=0d
1778318244.120000 R  i2c=0x30 reg=0x86 len=1
1778318244.124000 R= ret=0 data=00
1778318244.135000 W1 i2c=0x30 reg=0x0 val=0xf
1778318244.135000 W  i2c=0x30 reg=0x0 len=1 data=0f
1778318244.136000 R  i2c=0x30 reg=0x11 len=1
1778318244.140000 R= ret=0 data=00
1778318244.140000 W1 i2c=0x30 reg=0x0 val=0x9
1778318244.140000 W  i2c=0x30 reg=0x0 len=1 data=09
1778318244.142000 R  i2c=0x30 reg=0x62 len=1
1778318244.146000 R= ret=0 data=51
1778318244.146000 W1 i2c=0x30 reg=0x0 val=0xd
1778318244.146000 W  i2c=0x30 reg=0x0 len=1 data=0d
1778318244.147000 R  i2c=0x30 reg=0x86 len=1
1778318244.151000 R= ret=0 data=00
1778318244.162000 W1 i2c=0x30 reg=0x0 val=0xf
1778318244.162000 W  i2c=0x30 reg=0x0 len=1 data=0f
1778318244.164000 R  i2c=0x30 reg=0x11 len=1
1778318244.168000 R= ret=0 data=00
1778318244.168000 W1 i2c=0x30 reg=0x0 val=0x9
1778318244.168000 W  i2c=0x30 reg=0x0 len=1 data=09
1778318244.169000 R  i2c=0x30 reg=0x62 len=1
1778318244.173000 R= ret=0 data=51
1778318244.173000 W1 i2c=0x30 reg=0x0 val=0xd
1778318244.173000 W  i2c=0x30 reg=0x0 len=1 data=0d
1778318244.174000 R  i2c=0x30 reg=0x86 len=1
1778318244.180000 R= ret=0 data=00
1778318244.191000 W1 i2c=0x30 reg=0x0 val=0xf
1778318244.191000 W  i2c=0x30 reg=0x0 len=1 data=0f
1778318244.194000 R  i2c=0x30 reg=0x11 len=1
1778318244.198000 R= ret=0 data=00
1778318244.198000 W1 i2c=0x30 reg=0x0 val=0x9
1778318244.198000 W  i2c=0x30 reg=0x0 len=1 data=09
1778318244.199000 R  i2c=0x30 reg=0x62 len=1
1778318244.203000 R= ret=0 data=51
1778318244.203000 W1 i2c=0x30 reg=0x0 val=0xd
1778318244.203000 W  i2c=0x30 reg=0x0 len=1 data=0d
1778318244.204000 R  i2c=0x30 reg=0x86 len=1
1778318244.208000 R= ret=0 data=00
1778318244.219000 W1 i2c=0x30 reg=0x0 val=0xf
1778318244.219000 W  i2c=0x30 reg=0x0 len=1 data=0f
1778318244.220000 R  i2c=0x30 reg=0x11 len=1
1778318244.224000 R= ret=0 data=00
1778318244.224000 W1 i2c=0x30 reg=0x0 val=0x9
1778318244.224000 W  i2c=0x30 reg=0x0 len=1 data=09
1778318244.225000 R  i2c=0x30 reg=0x62 len=1
1778318244.230000 R= ret=0 data=51
1778318244.230000 W1 i2c=0x30 reg=0x0 val=0xd
1778318244.230000 W  i2c=0x30 reg=0x0 len=1 data=0d
1778318244.234000 R  i2c=0x30 reg=0x86 len=1
1778318244.237000 R= ret=0 data=00
1778318244.247000 W1 i2c=0x30 reg=0x0 val=0xf
1778318244.247000 W  i2c=0x30 reg=0x0 len=1 data=0f
1778318244.249000 R  i2c=0x30 reg=0x11 len=1
1778318244.252000 R= ret=0 data=00
1778318244.252000 W1 i2c=0x30 reg=0x0 val=0x9
1778318244.252000 W  i2c=0x30 reg=0x0 len=1 data=09
1778318244.253000 R  i2c=0x30 reg=0x62 len=1
1778318244.258000 R= ret=0 data=51
1778318244.258000 W1 i2c=0x30 reg=0x0 val=0xd
1778318244.258000 W  i2c=0x30 reg=0x0 len=1 data=0d
1778318244.260000 R  i2c=0x30 reg=0x86 len=1
1778318244.263000 R= ret=0 data=00
1778318244.274000 W1 i2c=0x30 reg=0x0 val=0xf
1778318244.274000 W  i2c=0x30 reg=0x0 len=1 data=0f
1778318244.276000 R  i2c=0x30 reg=0x11 len=1
1778318244.281000 R= ret=0 data=00
1778318244.281000 W1 i2c=0x30 reg=0x0 val=0x9
1778318244.281000 W  i2c=0x30 reg=0x0 len=1 data=09
1778318244.282000 R  i2c=0x30 reg=0x62 len=1
1778318244.286000 R= ret=0 data=51
1778318244.286000 W1 i2c=0x30 reg=0x0 val=0xd
1778318244.286000 W  i2c=0x30 reg=0x0 len=1 data=0d
1778318244.287000 R  i2c=0x30 reg=0x86 len=1
1778318244.290000 R= ret=0 data=00
1778318244.300000 W1 i2c=0x30 reg=0x0 val=0xf
1778318244.300000 W  i2c=0x30 reg=0x0 len=1 data=0f
1778318244.302000 R  i2c=0x30 reg=0x11 len=1
1778318244.305000 R= ret=0 data=00
1778318244.305000 W1 i2c=0x30 reg=0x0 val=0x9
1778318244.305000 W  i2c=0x30 reg=0x0 len=1 data=09
1778318244.306000 R  i2c=0x30 reg=0x62 len=1
1778318244.311000 R= ret=0 data=51
1778318244.311000 W1 i2c=0x30 reg=0x0 val=0xd
1778318244.311000 W  i2c=0x30 reg=0x0 len=1 data=0d
1778318244.313000 R  i2c=0x30 reg=0x86 len=1
1778318244.316000 R= ret=0 data=00
1778318244.327000 W1 i2c=0x30 reg=0x0 val=0xf
1778318244.327000 W  i2c=0x30 reg=0x0 len=1 data=0f
1778318244.329000 R  i2c=0x30 reg=0x11 len=1
1778318244.332000 R= ret=0 data=00
1778318244.332000 W1 i2c=0x30 reg=0x0 val=0x9
1778318244.332000 W  i2c=0x30 reg=0x0 len=1 data=09
1778318244.333000 R  i2c=0x30 reg=0x62 len=1
1778318244.336000 R= ret=0 data=51
1778318244.336000 W1 i2c=0x30 reg=0x0 val=0xd
1778318244.336000 W  i2c=0x30 reg=0x0 len=1 data=0d
1778318244.337000 R  i2c=0x30 reg=0x86 len=1
1778318244.341000 R= ret=0 data=00
1778318244.351000 W1 i2c=0x30 reg=0x0 val=0xf
1778318244.351000 W  i2c=0x30 reg=0x0 len=1 data=0f
1778318244.353000 R  i2c=0x30 reg=0x11 len=1
1778318244.356000 R= ret=0 data=00
1778318244.356000 W1 i2c=0x30 reg=0x0 val=0x9
1778318244.356000 W  i2c=0x30 reg=0x0 len=1 data=09
1778318244.358000 R  i2c=0x30 reg=0x62 len=1
1778318244.363000 R= ret=0 data=51
1778318244.363000 W1 i2c=0x30 reg=0x0 val=0xd
1778318244.363000 W  i2c=0x30 reg=0x0 len=1 data=0d
1778318244.364000 R  i2c=0x30 reg=0x86 len=1
1778318244.367000 R= ret=0 data=00
1778318244.378000 W1 i2c=0x30 reg=0x0 val=0xf
1778318244.378000 W  i2c=0x30 reg=0x0 len=1 data=0f
1778318244.380000 R  i2c=0x30 reg=0x11 len=1
1778318244.384000 R= ret=0 data=00
1778318244.384000 W1 i2c=0x30 reg=0x0 val=0x9
1778318244.385000 W  i2c=0x30 reg=0x0 len=1 data=09
1778318244.385000 R  i2c=0x30 reg=0x62 len=1
1778318244.389000 R= ret=0 data=51
1778318244.389000 W1 i2c=0x30 reg=0x0 val=0xd
1778318244.389000 W  i2c=0x30 reg=0x0 len=1 data=0d
1778318244.392000 R  i2c=0x30 reg=0x86 len=1
1778318244.396000 R= ret=0 data=00
1778318244.406000 W1 i2c=0x30 reg=0x0 val=0xf
1778318244.406000 W  i2c=0x30 reg=0x0 len=1 data=0f
1778318244.408000 R  i2c=0x30 reg=0x11 len=1
1778318244.412000 R= ret=0 data=00
1778318244.412000 W1 i2c=0x30 reg=0x0 val=0x9
1778318244.412000 W  i2c=0x30 reg=0x0 len=1 data=09
1778318244.415000 R  i2c=0x30 reg=0x62 len=1
1778318244.420000 R= ret=0 data=51
1778318244.420000 W1 i2c=0x30 reg=0x0 val=0xd
1778318244.420000 W  i2c=0x30 reg=0x0 len=1 data=0d
1778318244.421000 R  i2c=0x30 reg=0x86 len=1
1778318244.425000 R= ret=0 data=00
1778318244.435000 W1 i2c=0x30 reg=0x0 val=0xf
1778318244.435000 W  i2c=0x30 reg=0x0 len=1 data=0f
1778318244.437000 R  i2c=0x30 reg=0x11 len=1
1778318244.440000 R= ret=0 data=00
1778318244.440000 W1 i2c=0x30 reg=0x0 val=0x9
1778318244.440000 W  i2c=0x30 reg=0x0 len=1 data=09
1778318244.442000 R  i2c=0x30 reg=0x62 len=1
1778318244.447000 R= ret=0 data=51
1778318244.447000 W1 i2c=0x30 reg=0x0 val=0xd
1778318244.447000 W  i2c=0x30 reg=0x0 len=1 data=0d
1778318244.448000 R  i2c=0x30 reg=0x86 len=1
1778318244.451000 R= ret=0 data=00
1778318244.463000 W1 i2c=0x30 reg=0x0 val=0xf
1778318244.463000 W  i2c=0x30 reg=0x0 len=1 data=0f
1778318244.465000 R  i2c=0x30 reg=0x11 len=1
1778318244.468000 R= ret=0 data=00
1778318244.468000 W1 i2c=0x30 reg=0x0 val=0x9
1778318244.468000 W  i2c=0x30 reg=0x0 len=1 data=09
1778318244.469000 R  i2c=0x30 reg=0x62 len=1
1778318244.473000 R= ret=0 data=51
1778318244.473000 W1 i2c=0x30 reg=0x0 val=0xd
1778318244.473000 W  i2c=0x30 reg=0x0 len=1 data=0d
1778318244.474000 R  i2c=0x30 reg=0x86 len=1
1778318244.479000 R= ret=0 data=00
1778318244.490000 W1 i2c=0x30 reg=0x0 val=0xf
1778318244.490000 W  i2c=0x30 reg=0x0 len=1 data=0f
1778318244.492000 R  i2c=0x30 reg=0x11 len=1
1778318244.495000 R= ret=0 data=00
1778318244.496000 W1 i2c=0x30 reg=0x0 val=0x9
1778318244.496000 W  i2c=0x30 reg=0x0 len=1 data=09
1778318244.497000 R  i2c=0x30 reg=0x62 len=1
1778318244.500000 R= ret=0 data=51
1778318244.500000 W1 i2c=0x30 reg=0x0 val=0xd
1778318244.500000 W  i2c=0x30 reg=0x0 len=1 data=0d
1778318244.501000 R  i2c=0x30 reg=0x86 len=1
1778318244.505000 R= ret=0 data=00
1778318244.515000 W1 i2c=0x30 reg=0x0 val=0xf
1778318244.515000 W  i2c=0x30 reg=0x0 len=1 data=0f
1778318244.517000 R  i2c=0x30 reg=0x11 len=1
1778318244.521000 R= ret=0 data=00
1778318244.521000 W1 i2c=0x30 reg=0x0 val=0x9
1778318244.521000 W  i2c=0x30 reg=0x0 len=1 data=09
1778318244.521000 R  i2c=0x30 reg=0x62 len=1
1778318244.525000 R= ret=0 data=51
1778318244.525000 W1 i2c=0x30 reg=0x0 val=0xd
1778318244.525000 W  i2c=0x30 reg=0x0 len=1 data=0d
1778318244.527000 R  i2c=0x30 reg=0x86 len=1
1778318244.530000 R= ret=0 data=00
1778318244.541000 W1 i2c=0x30 reg=0x0 val=0xf
1778318244.541000 W  i2c=0x30 reg=0x0 len=1 data=0f
1778318244.542000 R  i2c=0x30 reg=0x11 len=1
1778318244.546000 R= ret=0 data=00
1778318244.546000 W1 i2c=0x30 reg=0x0 val=0x9
1778318244.546000 W  i2c=0x30 reg=0x0 len=1 data=09
1778318244.547000 R  i2c=0x30 reg=0x62 len=1
1778318244.551000 R= ret=0 data=51
1778318244.551000 W1 i2c=0x30 reg=0x0 val=0xd
1778318244.551000 W  i2c=0x30 reg=0x0 len=1 data=0d
1778318244.553000 R  i2c=0x30 reg=0x86 len=1
1778318244.556000 R= ret=0 data=00
1778318244.566000 W1 i2c=0x30 reg=0x0 val=0xf
1778318244.566000 W  i2c=0x30 reg=0x0 len=1 data=0f
1778318244.568000 R  i2c=0x30 reg=0x11 len=1
1778318244.571000 R= ret=0 data=00
1778318244.571000 W1 i2c=0x30 reg=0x0 val=0x9
1778318244.571000 W  i2c=0x30 reg=0x0 len=1 data=09
1778318244.572000 R  i2c=0x30 reg=0x62 len=1
1778318244.577000 R= ret=0 data=51
1778318244.577000 W1 i2c=0x30 reg=0x0 val=0xd
1778318244.577000 W  i2c=0x30 reg=0x0 len=1 data=0d
1778318244.578000 R  i2c=0x30 reg=0x86 len=1
1778318244.582000 R= ret=0 data=00
1778318244.592000 W1 i2c=0x30 reg=0x0 val=0xf
1778318244.592000 W  i2c=0x30 reg=0x0 len=1 data=0f
1778318244.594000 R  i2c=0x30 reg=0x11 len=1
1778318244.597000 R= ret=0 data=00
1778318244.597000 W1 i2c=0x30 reg=0x0 val=0x9
1778318244.597000 W  i2c=0x30 reg=0x0 len=1 data=09
1778318244.598000 R  i2c=0x30 reg=0x62 len=1
1778318244.602000 R= ret=0 data=51
1778318244.602000 W1 i2c=0x30 reg=0x0 val=0xd
1778318244.602000 W  i2c=0x30 reg=0x0 len=1 data=0d
1778318244.603000 R  i2c=0x30 reg=0x86 len=1
1778318244.607000 R= ret=0 data=00
1778318244.617000 W1 i2c=0x30 reg=0x0 val=0xf
1778318244.617000 W  i2c=0x30 reg=0x0 len=1 data=0f
1778318244.618000 R  i2c=0x30 reg=0x11 len=1
1778318244.622000 R= ret=0 data=00
1778318244.622000 W1 i2c=0x30 reg=0x0 val=0x9
1778318244.622000 W  i2c=0x30 reg=0x0 len=1 data=09
1778318244.623000 R  i2c=0x30 reg=0x62 len=1
1778318244.627000 R= ret=0 data=51
1778318244.627000 W1 i2c=0x30 reg=0x0 val=0xd
1778318244.627000 W  i2c=0x30 reg=0x0 len=1 data=0d
1778318244.628000 R  i2c=0x30 reg=0x86 len=1
1778318244.631000 R= ret=0 data=00
1778318244.641000 W1 i2c=0x30 reg=0x0 val=0xf
1778318244.641000 W  i2c=0x30 reg=0x0 len=1 data=0f
1778318244.643000 R  i2c=0x30 reg=0x11 len=1
1778318244.647000 R= ret=0 data=00
1778318244.647000 W1 i2c=0x30 reg=0x0 val=0x9
1778318244.647000 W  i2c=0x30 reg=0x0 len=1 data=09
1778318244.648000 R  i2c=0x30 reg=0x62 len=1
1778318244.652000 R= ret=0 data=51
1778318244.652000 W1 i2c=0x30 reg=0x0 val=0xd
1778318244.652000 W  i2c=0x30 reg=0x0 len=1 data=0d
1778318244.653000 R  i2c=0x30 reg=0x86 len=1
1778318244.657000 R= ret=0 data=00
1778318244.669000 W1 i2c=0x30 reg=0x0 val=0xf
1778318244.669000 W  i2c=0x30 reg=0x0 len=1 data=0f
1778318244.671000 R  i2c=0x30 reg=0x11 len=1
1778318244.675000 R= ret=0 data=00
1778318244.675000 W1 i2c=0x30 reg=0x0 val=0x9
1778318244.675000 W  i2c=0x30 reg=0x0 len=1 data=09
1778318244.676000 R  i2c=0x30 reg=0x62 len=1
1778318244.680000 R= ret=0 data=51
1778318244.680000 W1 i2c=0x30 reg=0x0 val=0xd
1778318244.680000 W  i2c=0x30 reg=0x0 len=1 data=0d
1778318244.681000 R  i2c=0x30 reg=0x86 len=1
1778318244.684000 R= ret=0 data=00
1778318244.689000 W1 i2c=0x30 reg=0x0 val=0xf
1778318244.689000 W  i2c=0x30 reg=0x0 len=1 data=0f
1778318244.691000 R  i2c=0x30 reg=0x11 len=1
1778318244.695000 R= ret=0 data=00
1778318244.695000 W1 i2c=0x30 reg=0x0 val=0x9
1778318244.695000 W  i2c=0x30 reg=0x0 len=1 data=09
1778318244.695000 W1 i2c=0x30 reg=0x0 val=0xf
1778318244.695000 W  i2c=0x30 reg=0x0 len=1 data=0f
1778318244.696000 R  i2c=0x30 reg=0x62 len=1
1778318244.699000 R= ret=0 data=51
1778318244.699000 W1 i2c=0x30 reg=0x0 val=0xd
1778318244.699000 W  i2c=0x30 reg=0x0 len=1 data=0d
1778318244.700000 R  i2c=0x30 reg=0x11 len=1
1778318244.701000 R  i2c=0x30 reg=0x86 len=1
1778318244.705000 R= ret=0 data=00
1778318244.705000 W1 i2c=0x30 reg=0x0 val=0x9
1778318244.705000 W  i2c=0x30 reg=0x0 len=1 data=09
1778318244.709000 R= ret=0 data=00
1778318244.709000 W1 i2c=0x30 reg=0x0 val=0xd
1778318244.709000 W  i2c=0x30 reg=0x0 len=1 data=0d
1778318244.710000 R  i2c=0x30 reg=0x62 len=1
1778318244.711000 R  i2c=0x30 reg=0x86 len=1
1778318244.714000 R= ret=0 data=00
1778318244.714000 W1 i2c=0x30 reg=0x0 val=0xd
1778318244.714000 W  i2c=0x30 reg=0x0 len=1 data=0d
1778318244.718000 R= ret=0 data=00
1778318244.718000 W1 i2c=0x30 reg=0x0 val=0xd
1778318244.718000 W  i2c=0x30 reg=0x0 len=1 data=0d
1778318244.719000 R  i2c=0x30 reg=0x86 len=1
1778318244.720000 R  i2c=0x30 reg=0x86 len=1
1778318244.723000 R= ret=0 data=00
1778318244.727000 R= ret=0 data=00
1778318244.727000 W1 i2c=0xdc reg=0x8 val=0x1
1778318244.727000 W  i2c=0xdc reg=0x8 len=1 data=01
1778318244.728000 W  i2c=0xc0 reg=0x87 len=2 data=c4 41
1778318244.729000 W  i2c=0xc0 reg=0x59 len=2 data=05 01
1778318244.730000 R  i2c=0xc0 reg=0x5b len=1
1778318244.733000 R= ret=0 data=34
1778318244.733000 W  i2c=0xc0 reg=0x59 len=2 data=03 01
1778318244.733000 W1 i2c=0x30 reg=0x0 val=0xf
1778318244.733000 W  i2c=0x30 reg=0x0 len=1 data=0f
1778318244.734000 R  i2c=0xc0 reg=0x5b len=1
1778318244.737000 R= ret=0 data=08
1778318244.737000 W1 i2c=0xc0 reg=0x59 val=0x4
1778318244.737000 W  i2c=0xc0 reg=0x59 len=1 data=04
1778318244.738000 R  i2c=0x30 reg=0x11 len=1
1778318244.743000 R= ret=0 data=00
1778318244.743000 W1 i2c=0x30 reg=0x0 val=0x9
1778318244.743000 W  i2c=0x30 reg=0x0 len=1 data=09
1778318244.744000 W1 i2c=0xc0 reg=0x88 val=0x0
1778318244.744000 W  i2c=0xc0 reg=0x88 len=1 data=00
1778318244.745000 R  i2c=0x30 reg=0x62 len=1
1778318244.746000 W1 i2c=0xc0 reg=0x87 val=0xc0
1778318244.746000 W  i2c=0xc0 reg=0x87 len=1 data=c0
1778318244.749000 R= ret=0 data=51
1778318244.749000 W1 i2c=0x30 reg=0x0 val=0xd
1778318244.749000 W  i2c=0x30 reg=0x0 len=1 data=0d
1778318244.750000 R  i2c=0xc0 reg=0x69 len=1
1778318244.751000 R  i2c=0x30 reg=0x86 len=1
1778318244.754000 R= ret=0 data=88
1778318244.755000 W1 i2c=0xdc reg=0x8 val=0x0
1778318244.755000 W  i2c=0xdc reg=0x8 len=1 data=00
1778318244.762000 R= ret=0 data=00
1778318244.772000 W1 i2c=0x30 reg=0x0 val=0xf
1778318244.772000 W  i2c=0x30 reg=0x0 len=1 data=0f
1778318244.774000 R  i2c=0x30 reg=0x11 len=1
1778318244.779000 R= ret=0 data=00
1778318244.779000 W1 i2c=0x30 reg=0x0 val=0x9
1778318244.779000 W  i2c=0x30 reg=0x0 len=1 data=09
1778318244.780000 R  i2c=0x30 reg=0x62 len=1
1778318244.784000 R= ret=0 data=51
1778318244.784000 W1 i2c=0x30 reg=0x0 val=0xd
1778318244.784000 W  i2c=0x30 reg=0x0 len=1 data=0d
1778318244.785000 R  i2c=0x30 reg=0x86 len=1
1778318244.788000 R= ret=0 data=00
1778318244.799000 W1 i2c=0x30 reg=0x0 val=0xf
1778318244.799000 W  i2c=0x30 reg=0x0 len=1 data=0f
1778318244.801000 R  i2c=0x30 reg=0x11 len=1
1778318244.804000 R= ret=0 data=00
1778318244.804000 W1 i2c=0x30 reg=0x0 val=0x9
1778318244.804000 W  i2c=0x30 reg=0x0 len=1 data=09
1778318244.805000 R  i2c=0x30 reg=0x62 len=1
1778318244.810000 R= ret=0 data=51
1778318244.810000 W1 i2c=0x30 reg=0x0 val=0xd
1778318244.810000 W  i2c=0x30 reg=0x0 len=1 data=0d
1778318244.811000 R  i2c=0x30 reg=0x86 len=1
1778318244.814000 R= ret=0 data=00
1778318244.824000 W1 i2c=0x30 reg=0x0 val=0xf
1778318244.825000 W  i2c=0x30 reg=0x0 len=1 data=0f
1778318244.826000 R  i2c=0x30 reg=0x11 len=1
1778318244.829000 R= ret=0 data=00
1778318244.829000 W1 i2c=0x30 reg=0x0 val=0x9
1778318244.829000 W  i2c=0x30 reg=0x0 len=1 data=09
1778318244.830000 R  i2c=0x30 reg=0x62 len=1
1778318244.834000 R= ret=0 data=51
1778318244.834000 W1 i2c=0x30 reg=0x0 val=0xd
1778318244.834000 W  i2c=0x30 reg=0x0 len=1 data=0d
1778318244.835000 R  i2c=0x30 reg=0x86 len=1
1778318244.838000 R= ret=0 data=00
1778318244.850000 W1 i2c=0x30 reg=0x0 val=0xf
1778318244.850000 W  i2c=0x30 reg=0x0 len=1 data=0f
1778318244.851000 R  i2c=0x30 reg=0x11 len=1
1778318244.854000 R= ret=0 data=00
1778318244.854000 W1 i2c=0x30 reg=0x0 val=0x9
1778318244.854000 W  i2c=0x30 reg=0x0 len=1 data=09
1778318244.856000 R  i2c=0x30 reg=0x62 len=1
1778318244.860000 R= ret=0 data=51
1778318244.860000 W1 i2c=0x30 reg=0x0 val=0xd
1778318244.860000 W  i2c=0x30 reg=0x0 len=1 data=0d
1778318244.861000 R  i2c=0x30 reg=0x86 len=1
1778318244.865000 R= ret=0 data=00
1778318244.865000 <<< sony_cxd6801_integ_atsc_Tune ret=5
1778318244.865000 DRV_acquire ret=5
1778318245.564000 W1 i2c=0x30 reg=0x0 val=0xf
1778318245.564000 W  i2c=0x30 reg=0x0 len=1 data=0f
1778318245.566000 R  i2c=0x30 reg=0x11 len=1
1778318245.569000 R= ret=0 data=00
1778318245.569000 W1 i2c=0x30 reg=0x0 val=0x9
1778318245.569000 W  i2c=0x30 reg=0x0 len=1 data=09
1778318245.571000 R  i2c=0x30 reg=0x62 len=1
1778318245.575000 R= ret=0 data=51
1778318245.575000 W1 i2c=0x30 reg=0x0 val=0xd
1778318245.575000 W  i2c=0x30 reg=0x0 len=1 data=0d
1778318245.576000 R  i2c=0x30 reg=0x86 len=1
1778318245.581000 R= ret=0 data=00
1778318245.581000 W1 i2c=0x30 reg=0x0 val=0xd
1778318245.581000 W  i2c=0x30 reg=0x0 len=1 data=0d
1778318245.582000 R  i2c=0x30 reg=0x86 len=1
1778318245.585000 R= ret=0 data=00
1778318245.585000 W1 i2c=0x30 reg=0x0 val=0xd
1778318245.585000 W  i2c=0x30 reg=0x0 len=1 data=0d
1778318245.586000 R  i2c=0x30 reg=0x86 len=1
1778318245.592000 R= ret=0 data=00
1778318245.592000 W1 i2c=0xdc reg=0x8 val=0x1
1778318245.592000 W  i2c=0xdc reg=0x8 len=1 data=01
1778318245.593000 W  i2c=0xc0 reg=0x87 len=2 data=c4 41
1778318245.594000 W  i2c=0xc0 reg=0x59 len=2 data=05 01
1778318245.595000 R  i2c=0xc0 reg=0x5b len=1
1778318245.599000 R= ret=0 data=2f
1778318245.599000 W  i2c=0xc0 reg=0x59 len=2 data=03 01
1778318245.600000 R  i2c=0xc0 reg=0x5b len=1
1778318245.604000 R= ret=0 data=08
1778318245.604000 W1 i2c=0xc0 reg=0x59 val=0x4
1778318245.604000 W  i2c=0xc0 reg=0x59 len=1 data=04
1778318245.605000 W1 i2c=0xc0 reg=0x88 val=0x0
1778318245.605000 W  i2c=0xc0 reg=0x88 len=1 data=00
1778318245.606000 W1 i2c=0xc0 reg=0x87 val=0xc0
1778318245.606000 W  i2c=0xc0 reg=0x87 len=1 data=c0
1778318245.607000 R  i2c=0xc0 reg=0x69 len=1
1778318245.611000 R= ret=0 data=88
1778318245.611000 W1 i2c=0xdc reg=0x8 val=0x0
1778318245.611000 W  i2c=0xdc reg=0x8 len=1 data=00
1778318246.415000 W1 i2c=0x30 reg=0x0 val=0xf
1778318246.415000 W  i2c=0x30 reg=0x0 len=1 data=0f
1778318246.416000 R  i2c=0x30 reg=0x11 len=1
1778318246.420000 R= ret=0 data=00
1778318246.420000 W1 i2c=0x30 reg=0x0 val=0x9
1778318246.420000 W  i2c=0x30 reg=0x0 len=1 data=09
1778318246.421000 R  i2c=0x30 reg=0x62 len=1
1778318246.425000 R= ret=0 data=51
1778318246.426000 W1 i2c=0x30 reg=0x0 val=0xd
1778318246.426000 W  i2c=0x30 reg=0x0 len=1 data=0d
1778318246.427000 R  i2c=0x30 reg=0x86 len=1
1778318246.430000 R= ret=0 data=00
1778318246.430000 W1 i2c=0x30 reg=0x0 val=0xd
1778318246.430000 W  i2c=0x30 reg=0x0 len=1 data=0d
1778318246.431000 R  i2c=0x30 reg=0x86 len=1
1778318246.435000 R= ret=0 data=00
1778318246.435000 W1 i2c=0x30 reg=0x0 val=0xd
1778318246.435000 W  i2c=0x30 reg=0x0 len=1 data=0d
1778318246.436000 R  i2c=0x30 reg=0x86 len=1
1778318246.439000 R= ret=0 data=00
1778318246.439000 W1 i2c=0xdc reg=0x8 val=0x1
1778318246.439000 W  i2c=0xdc reg=0x8 len=1 data=01
1778318246.440000 W  i2c=0xc0 reg=0x87 len=2 data=c4 41
1778318246.442000 W  i2c=0xc0 reg=0x59 len=2 data=05 01
1778318246.443000 R  i2c=0xc0 reg=0x5b len=1
1778318246.446000 R= ret=0 data=2f
1778318246.446000 W  i2c=0xc0 reg=0x59 len=2 data=03 01
1778318246.447000 R  i2c=0xc0 reg=0x5b len=1
1778318246.451000 R= ret=0 data=08
1778318246.451000 W1 i2c=0xc0 reg=0x59 val=0x4
1778318246.451000 W  i2c=0xc0 reg=0x59 len=1 data=04
1778318246.452000 W1 i2c=0xc0 reg=0x88 val=0x0
1778318246.452000 W  i2c=0xc0 reg=0x88 len=1 data=00
1778318246.452000 W1 i2c=0xc0 reg=0x87 val=0xc0
1778318246.452000 W  i2c=0xc0 reg=0x87 len=1 data=c0
1778318246.453000 R  i2c=0xc0 reg=0x69 len=1
1778318246.457000 R= ret=0 data=88
1778318246.457000 W1 i2c=0xdc reg=0x8 val=0x0
1778318246.457000 W  i2c=0xdc reg=0x8 len=1 data=00
1778318247.259000 W1 i2c=0x30 reg=0x0 val=0xf
1778318247.259000 W  i2c=0x30 reg=0x0 len=1 data=0f
1778318247.261000 R  i2c=0x30 reg=0x11 len=1
1778318247.265000 R= ret=0 data=00
1778318247.265000 W1 i2c=0x30 reg=0x0 val=0x9
1778318247.265000 W  i2c=0x30 reg=0x0 len=1 data=09
1778318247.266000 R  i2c=0x30 reg=0x62 len=1
1778318247.270000 R= ret=0 data=51
1778318247.270000 W1 i2c=0x30 reg=0x0 val=0xd
1778318247.270000 W  i2c=0x30 reg=0x0 len=1 data=0d
1778318247.271000 R  i2c=0x30 reg=0x86 len=1
1778318247.275000 R= ret=0 data=00
1778318247.275000 W1 i2c=0x30 reg=0x0 val=0xd
1778318247.275000 W  i2c=0x30 reg=0x0 len=1 data=0d
1778318247.276000 R  i2c=0x30 reg=0x86 len=1
1778318247.280000 R= ret=0 data=00
1778318247.280000 W1 i2c=0x30 reg=0x0 val=0xd
1778318247.280000 W  i2c=0x30 reg=0x0 len=1 data=0d
1778318247.281000 R  i2c=0x30 reg=0x86 len=1
1778318247.285000 R= ret=0 data=00
1778318247.285000 W1 i2c=0xdc reg=0x8 val=0x1
1778318247.285000 W  i2c=0xdc reg=0x8 len=1 data=01
1778318247.286000 W  i2c=0xc0 reg=0x87 len=2 data=c4 41
1778318247.287000 W  i2c=0xc0 reg=0x59 len=2 data=05 01
1778318247.288000 R  i2c=0xc0 reg=0x5b len=1
1778318247.292000 R= ret=0 data=34
1778318247.292000 W  i2c=0xc0 reg=0x59 len=2 data=03 01
1778318247.293000 R  i2c=0xc0 reg=0x5b len=1
1778318247.297000 R= ret=0 data=08
1778318247.297000 W1 i2c=0xc0 reg=0x59 val=0x4
1778318247.297000 W  i2c=0xc0 reg=0x59 len=1 data=04
1778318247.298000 W1 i2c=0xc0 reg=0x88 val=0x0
1778318247.298000 W  i2c=0xc0 reg=0x88 len=1 data=00
1778318247.299000 W1 i2c=0xc0 reg=0x87 val=0xc0
1778318247.299000 W  i2c=0xc0 reg=0x87 len=1 data=c0
1778318247.300000 R  i2c=0xc0 reg=0x69 len=1
1778318247.304000 R= ret=0 data=88
1778318247.304000 W1 i2c=0xdc reg=0x8 val=0x0
1778318247.304000 W  i2c=0xdc reg=0x8 len=1 data=00
1778318248.106000 W1 i2c=0x30 reg=0x0 val=0xf
1778318248.106000 W  i2c=0x30 reg=0x0 len=1 data=0f
1778318248.108000 R  i2c=0x30 reg=0x11 len=1
1778318248.112000 R= ret=0 data=00
1778318248.112000 W1 i2c=0x30 reg=0x0 val=0x9
1778318248.112000 W  i2c=0x30 reg=0x0 len=1 data=09
1778318248.113000 R  i2c=0x30 reg=0x62 len=1
1778318248.117000 R= ret=0 data=51
1778318248.117000 W1 i2c=0x30 reg=0x0 val=0xd
1778318248.117000 W  i2c=0x30 reg=0x0 len=1 data=0d
1778318248.118000 R  i2c=0x30 reg=0x86 len=1
1778318248.122000 R= ret=0 data=00
1778318248.122000 W1 i2c=0x30 reg=0x0 val=0xd
1778318248.122000 W  i2c=0x30 reg=0x0 len=1 data=0d
1778318248.123000 R  i2c=0x30 reg=0x86 len=1
1778318248.126000 R= ret=0 data=00
1778318248.127000 W1 i2c=0x30 reg=0x0 val=0xd
1778318248.127000 W  i2c=0x30 reg=0x0 len=1 data=0d
1778318248.128000 R  i2c=0x30 reg=0x86 len=1
1778318248.131000 R= ret=0 data=00
1778318248.131000 W1 i2c=0xdc reg=0x8 val=0x1
1778318248.131000 W  i2c=0xdc reg=0x8 len=1 data=01
1778318248.132000 W  i2c=0xc0 reg=0x87 len=2 data=c4 41
1778318248.133000 W  i2c=0xc0 reg=0x59 len=2 data=05 01
1778318248.134000 R  i2c=0xc0 reg=0x5b len=1
1778318248.137000 R= ret=0 data=2f
1778318248.137000 W  i2c=0xc0 reg=0x59 len=2 data=03 01
1778318248.138000 R  i2c=0xc0 reg=0x5b len=1
1778318248.142000 R= ret=0 data=08
1778318248.142000 W1 i2c=0xc0 reg=0x59 val=0x4
1778318248.142000 W  i2c=0xc0 reg=0x59 len=1 data=04
1778318248.143000 W1 i2c=0xc0 reg=0x88 val=0x0
1778318248.143000 W  i2c=0xc0 reg=0x88 len=1 data=00
1778318248.144000 W1 i2c=0xc0 reg=0x87 val=0xc0
1778318248.144000 W  i2c=0xc0 reg=0x87 len=1 data=c0
1778318248.145000 R  i2c=0xc0 reg=0x69 len=1
1778318248.149000 R= ret=0 data=88
1778318248.149000 W1 i2c=0xdc reg=0x8 val=0x0
1778318248.149000 W  i2c=0xdc reg=0x8 len=1 data=00
1778318248.953000 W1 i2c=0x30 reg=0x0 val=0xf
1778318248.953000 W  i2c=0x30 reg=0x0 len=1 data=0f
1778318248.954000 R  i2c=0x30 reg=0x11 len=1
1778318248.958000 R= ret=0 data=00
1778318248.958000 W1 i2c=0x30 reg=0x0 val=0x9
1778318248.958000 W  i2c=0x30 reg=0x0 len=1 data=09
1778318248.959000 R  i2c=0x30 reg=0x62 len=1
1778318248.962000 R= ret=0 data=51
1778318248.962000 W1 i2c=0x30 reg=0x0 val=0xd
1778318248.962000 W  i2c=0x30 reg=0x0 len=1 data=0d
1778318248.963000 R  i2c=0x30 reg=0x86 len=1
1778318248.967000 R= ret=0 data=00
1778318248.967000 W1 i2c=0x30 reg=0x0 val=0xd
1778318248.967000 W  i2c=0x30 reg=0x0 len=1 data=0d
1778318248.968000 R  i2c=0x30 reg=0x86 len=1
1778318248.971000 R= ret=0 data=00
1778318248.971000 W1 i2c=0x30 reg=0x0 val=0xd
1778318248.971000 W  i2c=0x30 reg=0x0 len=1 data=0d
1778318248.972000 R  i2c=0x30 reg=0x86 len=1
1778318248.976000 R= ret=0 data=00
1778318248.976000 W1 i2c=0xdc reg=0x8 val=0x1
1778318248.976000 W  i2c=0xdc reg=0x8 len=1 data=01
1778318248.977000 W  i2c=0xc0 reg=0x87 len=2 data=c4 41
1778318248.978000 W  i2c=0xc0 reg=0x59 len=2 data=05 01
1778318248.979000 R  i2c=0xc0 reg=0x5b len=1
1778318248.983000 R= ret=0 data=2f
1778318248.983000 W  i2c=0xc0 reg=0x59 len=2 data=03 01
1778318248.984000 R  i2c=0xc0 reg=0x5b len=1
1778318248.987000 R= ret=0 data=08
1778318248.987000 W1 i2c=0xc0 reg=0x59 val=0x4
1778318248.987000 W  i2c=0xc0 reg=0x59 len=1 data=04
1778318248.988000 W1 i2c=0xc0 reg=0x88 val=0x0
1778318248.988000 W  i2c=0xc0 reg=0x88 len=1 data=00
1778318248.989000 W1 i2c=0xc0 reg=0x87 val=0xc0
1778318248.989000 W  i2c=0xc0 reg=0x87 len=1 data=c0
1778318248.990000 R  i2c=0xc0 reg=0x69 len=1
1778318248.993000 R= ret=0 data=88
1778318248.993000 W1 i2c=0xdc reg=0x8 val=0x0
1778318248.993000 W  i2c=0xdc reg=0x8 len=1 data=00
1778318249.796000 W1 i2c=0x30 reg=0x0 val=0xf
1778318249.796000 W  i2c=0x30 reg=0x0 len=1 data=0f
1778318249.798000 R  i2c=0x30 reg=0x11 len=1
1778318249.801000 R= ret=0 data=00
1778318249.801000 W1 i2c=0x30 reg=0x0 val=0x9
1778318249.801000 W  i2c=0x30 reg=0x0 len=1 data=09
1778318249.802000 R  i2c=0x30 reg=0x62 len=1
1778318249.806000 R= ret=0 data=51
1778318249.806000 W1 i2c=0x30 reg=0x0 val=0xd
1778318249.806000 W  i2c=0x30 reg=0x0 len=1 data=0d
1778318249.808000 R  i2c=0x30 reg=0x86 len=1
1778318249.812000 R= ret=0 data=00
1778318249.812000 W1 i2c=0x30 reg=0x0 val=0xd
1778318249.812000 W  i2c=0x30 reg=0x0 len=1 data=0d
1778318249.813000 R  i2c=0x30 reg=0x86 len=1
1778318249.816000 R= ret=0 data=00
1778318249.816000 W1 i2c=0x30 reg=0x0 val=0xd
1778318249.816000 W  i2c=0x30 reg=0x0 len=1 data=0d
1778318249.817000 R  i2c=0x30 reg=0x86 len=1
1778318249.821000 R= ret=0 data=00
1778318249.821000 W1 i2c=0xdc reg=0x8 val=0x1
1778318249.821000 W  i2c=0xdc reg=0x8 len=1 data=01
1778318249.822000 W  i2c=0xc0 reg=0x87 len=2 data=c4 41
1778318249.823000 W  i2c=0xc0 reg=0x59 len=2 data=05 01
1778318249.824000 R  i2c=0xc0 reg=0x5b len=1
1778318249.827000 R= ret=0 data=2f
1778318249.827000 W  i2c=0xc0 reg=0x59 len=2 data=03 01
1778318249.828000 R  i2c=0xc0 reg=0x5b len=1
1778318249.832000 R= ret=0 data=08
1778318249.832000 W1 i2c=0xc0 reg=0x59 val=0x4
1778318249.832000 W  i2c=0xc0 reg=0x59 len=1 data=04
1778318249.832000 W1 i2c=0xc0 reg=0x88 val=0x0
1778318249.833000 W  i2c=0xc0 reg=0x88 len=1 data=00
1778318249.833000 W1 i2c=0xc0 reg=0x87 val=0xc0
1778318249.833000 W  i2c=0xc0 reg=0x87 len=1 data=c0
1778318249.834000 R  i2c=0xc0 reg=0x69 len=1
1778318249.838000 R= ret=0 data=88
1778318249.838000 W1 i2c=0xdc reg=0x8 val=0x0
1778318249.838000 W  i2c=0xdc reg=0x8 len=1 data=00
1778318250.640000 W1 i2c=0x30 reg=0x0 val=0xf
1778318250.640000 W  i2c=0x30 reg=0x0 len=1 data=0f
1778318250.641000 R  i2c=0x30 reg=0x11 len=1
1778318250.645000 R= ret=0 data=00
1778318250.645000 W1 i2c=0x30 reg=0x0 val=0x9
1778318250.645000 W  i2c=0x30 reg=0x0 len=1 data=09
1778318250.646000 R  i2c=0x30 reg=0x62 len=1
1778318250.650000 R= ret=0 data=51
1778318250.650000 W1 i2c=0x30 reg=0x0 val=0xd
1778318250.650000 W  i2c=0x30 reg=0x0 len=1 data=0d
1778318250.651000 R  i2c=0x30 reg=0x86 len=1
1778318250.654000 R= ret=0 data=00
1778318250.654000 W1 i2c=0x30 reg=0x0 val=0xd
1778318250.654000 W  i2c=0x30 reg=0x0 len=1 data=0d
1778318250.655000 R  i2c=0x30 reg=0x86 len=1
1778318250.658000 R= ret=0 data=00
1778318250.658000 W1 i2c=0x30 reg=0x0 val=0xd
1778318250.658000 W  i2c=0x30 reg=0x0 len=1 data=0d
1778318250.659000 R  i2c=0x30 reg=0x86 len=1
1778318250.676000 R= ret=0 data=00
1778318250.676000 W1 i2c=0xdc reg=0x8 val=0x1
1778318250.676000 W  i2c=0xdc reg=0x8 len=1 data=01
1778318250.676000 W  i2c=0xc0 reg=0x87 len=2 data=c4 41
1778318250.677000 W  i2c=0xc0 reg=0x59 len=2 data=05 01
1778318250.678000 R  i2c=0xc0 reg=0x5b len=1
1778318250.681000 R= ret=0 data=30
1778318250.681000 W  i2c=0xc0 reg=0x59 len=2 data=03 01
1778318250.682000 R  i2c=0xc0 reg=0x5b len=1
1778318250.686000 R= ret=0 data=08
1778318250.686000 W1 i2c=0xc0 reg=0x59 val=0x4
1778318250.686000 W  i2c=0xc0 reg=0x59 len=1 data=04
1778318250.687000 W1 i2c=0xc0 reg=0x88 val=0x0
1778318250.687000 W  i2c=0xc0 reg=0x88 len=1 data=00
1778318250.688000 W1 i2c=0xc0 reg=0x87 val=0xc0
1778318250.688000 W  i2c=0xc0 reg=0x87 len=1 data=c0
1778318250.689000 R  i2c=0xc0 reg=0x69 len=1
1778318250.692000 R= ret=0 data=88
1778318250.692000 W1 i2c=0xdc reg=0x8 val=0x0
1778318250.692000 W  i2c=0xdc reg=0x8 len=1 data=00
1778318250.869000 nativeTune -> 551000
1778318250.869000 DRV_acquire: oldStd=0x5 freq=551000 -> ATSC 1.0
1778318250.869000 >>> sony_cxd6801_integ_atsc_Tune
1778318250.869000 >>> sony_cxd6801_demod_atsc_Tune
1778318250.869000 >>> sony_cxd6801_demod_SetStreamOutput
1778318250.869000 W1 i2c=0xd8 reg=0x0 val=0x0
1778318250.869000 W  i2c=0xd8 reg=0x0 len=1 data=00
1778318250.870000 R  i2c=0xd8 reg=0xa9 len=1
1778318250.874000 R= ret=0 data=00
1778318250.874000 W1 i2c=0xd8 reg=0x0 val=0x0
1778318250.874000 W  i2c=0xd8 reg=0x0 len=1 data=00
1778318250.875000 W1 i2c=0xd8 reg=0xc3 val=0x1
1778318250.875000 W  i2c=0xd8 reg=0xc3 len=1 data=01
1778318250.876000 <<< sony_cxd6801_demod_SetStreamOutput ret=0
1778318250.876000 <<< sony_cxd6801_demod_atsc_Tune ret=0
1778318250.876000 W1 i2c=0xdc reg=0x8 val=0x1
1778318250.876000 W  i2c=0xdc reg=0x8 len=1 data=01
1778318250.877000 B  i2c=0xc0 reg=0x74 val=0x2 mask=0x3
1778318250.877000 R  i2c=0xc0 reg=0x74 len=1
1778318250.881000 R= ret=0 data=11
1778318250.881000 W1 i2c=0xc0 reg=0x74 val=0x12
1778318250.881000 W  i2c=0xc0 reg=0x74 len=1 data=12
1778318250.881000 W  i2c=0xc0 reg=0x87 len=2 data=c4 40
1778318250.882000 W  i2c=0xc0 reg=0x91 len=2 data=10 20
1778318250.883000 W  i2c=0xc0 reg=0x9c len=2 data=00 00
1778318250.884000 W  i2c=0xc0 reg=0x5e len=9 data=ee 02 1e 67 03 b4 78 08
1778318250.885000 B  i2c=0xc0 reg=0x67 val=0x0 mask=0x6
1778318250.886000 R  i2c=0xc0 reg=0x67 len=1
1778318250.889000 R= ret=0 data=00
1778318250.889000 W1 i2c=0xc0 reg=0x67 val=0x0
1778318250.889000 W  i2c=0xc0 reg=0x67 len=1 data=00
1778318250.890000 W  i2c=0xc0 reg=0x68 len=17 data=00 88 00 0b 23 00 1a 1d
1778318250.943000 W1 i2c=0xc0 reg=0x88 val=0x0
1778318250.943000 W  i2c=0xc0 reg=0x88 len=1 data=00
1778318250.944000 W1 i2c=0xc0 reg=0x87 val=0xc0
1778318250.944000 W  i2c=0xc0 reg=0x87 len=1 data=c0
1778318250.945000 W1 i2c=0xdc reg=0x8 val=0x0
1778318250.945000 W  i2c=0xdc reg=0x8 len=1 data=00
1778318250.946000 W1 i2c=0x98 reg=0x0 val=0x1
1778318250.946000 W  i2c=0x98 reg=0x0 len=1 data=01
1778318250.947000 W1 i2c=0x98 reg=0x48 val=0x1
1778318250.947000 W  i2c=0x98 reg=0x48 len=1 data=01
1778318250.948000 W  i2c=0x98 reg=0xa len=6 data=b3 10 00 00 00 00
1778318250.949000 R  i2c=0x98 reg=0xa len=6
1778318250.953000 R= ret=0 data=30 00 00 00 00 b3
1778318250.953000 >>> sony_cxd6801_demod_SetStreamOutput
1778318250.953000 W1 i2c=0xd8 reg=0x0 val=0x0
1778318250.953000 W  i2c=0xd8 reg=0x0 len=1 data=00
1778318250.954000 R  i2c=0xd8 reg=0xa9 len=1
1778318250.958000 R= ret=0 data=00
1778318250.958000 W1 i2c=0xd8 reg=0x0 val=0x0
1778318250.958000 W  i2c=0xd8 reg=0x0 len=1 data=00
1778318250.959000 W1 i2c=0xd8 reg=0xc3 val=0x0
1778318250.959000 W  i2c=0xd8 reg=0xc3 len=1 data=00
1778318250.960000 <<< sony_cxd6801_demod_SetStreamOutput ret=0
1778318250.960000 W1 i2c=0x30 reg=0x0 val=0xf
1778318250.960000 W  i2c=0x30 reg=0x0 len=1 data=0f
1778318250.961000 R  i2c=0x30 reg=0x11 len=1
1778318250.964000 R= ret=0 data=00
1778318250.964000 W1 i2c=0x30 reg=0x0 val=0x9
1778318250.964000 W  i2c=0x30 reg=0x0 len=1 data=09
1778318250.965000 R  i2c=0x30 reg=0x62 len=1
1778318250.969000 R= ret=0 data=51
1778318250.969000 W1 i2c=0x30 reg=0x0 val=0xd
1778318250.969000 W  i2c=0x30 reg=0x0 len=1 data=0d
1778318250.970000 R  i2c=0x30 reg=0x86 len=1
1778318250.973000 R= ret=0 data=00
1778318250.985000 W1 i2c=0x30 reg=0x0 val=0xf
1778318250.985000 W  i2c=0x30 reg=0x0 len=1 data=0f
1778318250.986000 R  i2c=0x30 reg=0x11 len=1
1778318250.990000 R= ret=0 data=00
1778318250.990000 W1 i2c=0x30 reg=0x0 val=0x9
1778318250.990000 W  i2c=0x30 reg=0x0 len=1 data=09
1778318250.991000 R  i2c=0x30 reg=0x62 len=1
1778318250.994000 R= ret=0 data=51
1778318250.994000 W1 i2c=0x30 reg=0x0 val=0xd
1778318250.994000 W  i2c=0x30 reg=0x0 len=1 data=0d
1778318250.995000 R  i2c=0x30 reg=0x86 len=1
1778318250.999000 R= ret=0 data=00
1778318251.009000 W1 i2c=0x30 reg=0x0 val=0xf
1778318251.009000 W  i2c=0x30 reg=0x0 len=1 data=0f
1778318251.010000 R  i2c=0x30 reg=0x11 len=1
1778318251.014000 R= ret=0 data=00
1778318251.014000 W1 i2c=0x30 reg=0x0 val=0x9
1778318251.014000 W  i2c=0x30 reg=0x0 len=1 data=09
1778318251.014000 R  i2c=0x30 reg=0x62 len=1
1778318251.018000 R= ret=0 data=51
1778318251.018000 W1 i2c=0x30 reg=0x0 val=0xd
1778318251.018000 W  i2c=0x30 reg=0x0 len=1 data=0d
1778318251.019000 R  i2c=0x30 reg=0x86 len=1
1778318251.022000 R= ret=0 data=00
1778318251.032000 W1 i2c=0x30 reg=0x0 val=0xf
1778318251.032000 W  i2c=0x30 reg=0x0 len=1 data=0f
1778318251.034000 R  i2c=0x30 reg=0x11 len=1
1778318251.037000 R= ret=0 data=00
1778318251.037000 W1 i2c=0x30 reg=0x0 val=0x9
1778318251.037000 W  i2c=0x30 reg=0x0 len=1 data=09
1778318251.038000 R  i2c=0x30 reg=0x62 len=1
1778318251.041000 R= ret=0 data=51
1778318251.041000 W1 i2c=0x30 reg=0x0 val=0xd
1778318251.041000 W  i2c=0x30 reg=0x0 len=1 data=0d
1778318251.042000 R  i2c=0x30 reg=0x86 len=1
1778318251.046000 R= ret=0 data=00
1778318251.058000 W1 i2c=0x30 reg=0x0 val=0xf
1778318251.058000 W  i2c=0x30 reg=0x0 len=1 data=0f
1778318251.059000 R  i2c=0x30 reg=0x11 len=1
1778318251.062000 R= ret=0 data=00
1778318251.062000 W1 i2c=0x30 reg=0x0 val=0x9
1778318251.062000 W  i2c=0x30 reg=0x0 len=1 data=09
1778318251.063000 R  i2c=0x30 reg=0x62 len=1
1778318251.066000 R= ret=0 data=51
1778318251.066000 W1 i2c=0x30 reg=0x0 val=0xd
1778318251.066000 W  i2c=0x30 reg=0x0 len=1 data=0d
1778318251.067000 R  i2c=0x30 reg=0x86 len=1
1778318251.070000 R= ret=0 data=00
1778318251.080000 W1 i2c=0x30 reg=0x0 val=0xf
1778318251.080000 W  i2c=0x30 reg=0x0 len=1 data=0f
1778318251.081000 R  i2c=0x30 reg=0x11 len=1
1778318251.085000 R= ret=0 data=00
1778318251.085000 W1 i2c=0x30 reg=0x0 val=0x9
1778318251.085000 W  i2c=0x30 reg=0x0 len=1 data=09
1778318251.086000 R  i2c=0x30 reg=0x62 len=1
1778318251.089000 R= ret=0 data=51
1778318251.089000 W1 i2c=0x30 reg=0x0 val=0xd
1778318251.089000 W  i2c=0x30 reg=0x0 len=1 data=0d
1778318251.090000 R  i2c=0x30 reg=0x86 len=1
1778318251.093000 R= ret=0 data=00
1778318251.104000 W1 i2c=0x30 reg=0x0 val=0xf
1778318251.104000 W  i2c=0x30 reg=0x0 len=1 data=0f
1778318251.105000 R  i2c=0x30 reg=0x11 len=1
1778318251.108000 R= ret=0 data=00
1778318251.108000 W1 i2c=0x30 reg=0x0 val=0x9
1778318251.108000 W  i2c=0x30 reg=0x0 len=1 data=09
1778318251.109000 R  i2c=0x30 reg=0x62 len=1
1778318251.113000 R= ret=0 data=51
1778318251.113000 W1 i2c=0x30 reg=0x0 val=0xd
1778318251.113000 W  i2c=0x30 reg=0x0 len=1 data=0d
1778318251.114000 R  i2c=0x30 reg=0x86 len=1
1778318251.118000 R= ret=0 data=00
1778318251.128000 W1 i2c=0x30 reg=0x0 val=0xf
1778318251.128000 W  i2c=0x30 reg=0x0 len=1 data=0f
1778318251.129000 R  i2c=0x30 reg=0x11 len=1
1778318251.132000 R= ret=0 data=00
1778318251.132000 W1 i2c=0x30 reg=0x0 val=0x9
1778318251.132000 W  i2c=0x30 reg=0x0 len=1 data=09
1778318251.133000 R  i2c=0x30 reg=0x62 len=1
1778318251.137000 R= ret=0 data=51
1778318251.137000 W1 i2c=0x30 reg=0x0 val=0xd
1778318251.137000 W  i2c=0x30 reg=0x0 len=1 data=0d
1778318251.138000 R  i2c=0x30 reg=0x86 len=1
1778318251.141000 R= ret=0 data=00
1778318251.152000 W1 i2c=0x30 reg=0x0 val=0xf
1778318251.152000 W  i2c=0x30 reg=0x0 len=1 data=0f
1778318251.153000 R  i2c=0x30 reg=0x11 len=1
1778318251.157000 R= ret=0 data=00
1778318251.157000 W1 i2c=0x30 reg=0x0 val=0x9
1778318251.157000 W  i2c=0x30 reg=0x0 len=1 data=09
1778318251.157000 R  i2c=0x30 reg=0x62 len=1
1778318251.161000 R= ret=0 data=51
1778318251.161000 W1 i2c=0x30 reg=0x0 val=0xd
1778318251.161000 W  i2c=0x30 reg=0x0 len=1 data=0d
1778318251.162000 R  i2c=0x30 reg=0x86 len=1
1778318251.165000 R= ret=0 data=00
1778318251.175000 W1 i2c=0x30 reg=0x0 val=0xf
1778318251.175000 W  i2c=0x30 reg=0x0 len=1 data=0f
1778318251.176000 R  i2c=0x30 reg=0x11 len=1
1778318251.180000 R= ret=0 data=00
1778318251.180000 W1 i2c=0x30 reg=0x0 val=0x9
1778318251.180000 W  i2c=0x30 reg=0x0 len=1 data=09
1778318251.181000 R  i2c=0x30 reg=0x62 len=1
1778318251.184000 R= ret=0 data=51
1778318251.184000 W1 i2c=0x30 reg=0x0 val=0xd
1778318251.184000 W  i2c=0x30 reg=0x0 len=1 data=0d
1778318251.185000 R  i2c=0x30 reg=0x86 len=1
1778318251.189000 R= ret=0 data=00
1778318251.200000 W1 i2c=0x30 reg=0x0 val=0xf
1778318251.200000 W  i2c=0x30 reg=0x0 len=1 data=0f
1778318251.201000 R  i2c=0x30 reg=0x11 len=1
1778318251.205000 R= ret=0 data=00
1778318251.205000 W1 i2c=0x30 reg=0x0 val=0x9
1778318251.205000 W  i2c=0x30 reg=0x0 len=1 data=09
1778318251.206000 R  i2c=0x30 reg=0x62 len=1
1778318251.210000 R= ret=0 data=51
1778318251.210000 W1 i2c=0x30 reg=0x0 val=0xd
1778318251.210000 W  i2c=0x30 reg=0x0 len=1 data=0d
1778318251.211000 R  i2c=0x30 reg=0x86 len=1
1778318251.214000 R= ret=0 data=00
1778318251.224000 W1 i2c=0x30 reg=0x0 val=0xf
1778318251.224000 W  i2c=0x30 reg=0x0 len=1 data=0f
1778318251.225000 R  i2c=0x30 reg=0x11 len=1
1778318251.229000 R= ret=0 data=00
1778318251.229000 W1 i2c=0x30 reg=0x0 val=0x9
1778318251.229000 W  i2c=0x30 reg=0x0 len=1 data=09
1778318251.230000 R  i2c=0x30 reg=0x62 len=1
1778318251.233000 R= ret=0 data=51
1778318251.233000 W1 i2c=0x30 reg=0x0 val=0xd
1778318251.233000 W  i2c=0x30 reg=0x0 len=1 data=0d
1778318251.234000 R  i2c=0x30 reg=0x86 len=1
1778318251.238000 R= ret=0 data=00
1778318251.249000 W1 i2c=0x30 reg=0x0 val=0xf
1778318251.249000 W  i2c=0x30 reg=0x0 len=1 data=0f
1778318251.250000 R  i2c=0x30 reg=0x11 len=1
1778318251.253000 R= ret=0 data=00
1778318251.253000 W1 i2c=0x30 reg=0x0 val=0x9
1778318251.253000 W  i2c=0x30 reg=0x0 len=1 data=09
1778318251.254000 R  i2c=0x30 reg=0x62 len=1
1778318251.258000 R= ret=0 data=51
1778318251.258000 W1 i2c=0x30 reg=0x0 val=0xd
1778318251.258000 W  i2c=0x30 reg=0x0 len=1 data=0d
1778318251.259000 R  i2c=0x30 reg=0x86 len=1
1778318251.262000 R= ret=0 data=00
1778318251.272000 W1 i2c=0x30 reg=0x0 val=0xf
1778318251.272000 W  i2c=0x30 reg=0x0 len=1 data=0f
1778318251.273000 R  i2c=0x30 reg=0x11 len=1
1778318251.277000 R= ret=0 data=00
1778318251.277000 W1 i2c=0x30 reg=0x0 val=0x9
1778318251.277000 W  i2c=0x30 reg=0x0 len=1 data=09
1778318251.277000 R  i2c=0x30 reg=0x62 len=1
1778318251.281000 R= ret=0 data=51
1778318251.281000 W1 i2c=0x30 reg=0x0 val=0xd
1778318251.281000 W  i2c=0x30 reg=0x0 len=1 data=0d
1778318251.282000 R  i2c=0x30 reg=0x86 len=1
1778318251.286000 R= ret=0 data=00
1778318251.298000 W1 i2c=0x30 reg=0x0 val=0xf
1778318251.298000 W  i2c=0x30 reg=0x0 len=1 data=0f
1778318251.299000 R  i2c=0x30 reg=0x11 len=1
1778318251.302000 R= ret=0 data=00
1778318251.302000 W1 i2c=0x30 reg=0x0 val=0x9
1778318251.302000 W  i2c=0x30 reg=0x0 len=1 data=09
1778318251.303000 R  i2c=0x30 reg=0x62 len=1
1778318251.307000 R= ret=0 data=51
1778318251.307000 W1 i2c=0x30 reg=0x0 val=0xd
1778318251.307000 W  i2c=0x30 reg=0x0 len=1 data=0d
1778318251.308000 R  i2c=0x30 reg=0x86 len=1
1778318251.311000 R= ret=0 data=00
1778318251.321000 W1 i2c=0x30 reg=0x0 val=0xf
1778318251.321000 W  i2c=0x30 reg=0x0 len=1 data=0f
1778318251.322000 R  i2c=0x30 reg=0x11 len=1
1778318251.326000 R= ret=0 data=00
1778318251.326000 W1 i2c=0x30 reg=0x0 val=0x9
1778318251.326000 W  i2c=0x30 reg=0x0 len=1 data=09
1778318251.327000 R  i2c=0x30 reg=0x62 len=1
1778318251.330000 R= ret=0 data=51
1778318251.330000 W1 i2c=0x30 reg=0x0 val=0xd
1778318251.330000 W  i2c=0x30 reg=0x0 len=1 data=0d
1778318251.331000 R  i2c=0x30 reg=0x86 len=1
1778318251.335000 R= ret=0 data=00
1778318251.346000 W1 i2c=0x30 reg=0x0 val=0xf
1778318251.346000 W  i2c=0x30 reg=0x0 len=1 data=0f
1778318251.347000 R  i2c=0x30 reg=0x11 len=1
1778318251.350000 R= ret=0 data=00
1778318251.350000 W1 i2c=0x30 reg=0x0 val=0x9
1778318251.350000 W  i2c=0x30 reg=0x0 len=1 data=09
1778318251.351000 R  i2c=0x30 reg=0x62 len=1
1778318251.355000 R= ret=0 data=51
1778318251.355000 W1 i2c=0x30 reg=0x0 val=0xd
1778318251.355000 W  i2c=0x30 reg=0x0 len=1 data=0d
1778318251.356000 R  i2c=0x30 reg=0x86 len=1
1778318251.359000 R= ret=0 data=00
1778318251.371000 W1 i2c=0x30 reg=0x0 val=0xf
1778318251.371000 W  i2c=0x30 reg=0x0 len=1 data=0f
1778318251.372000 R  i2c=0x30 reg=0x11 len=1
1778318251.376000 R= ret=0 data=00
1778318251.376000 W1 i2c=0x30 reg=0x0 val=0x9
1778318251.376000 W  i2c=0x30 reg=0x0 len=1 data=09
1778318251.377000 R  i2c=0x30 reg=0x62 len=1
1778318251.380000 R= ret=0 data=51
1778318251.380000 W1 i2c=0x30 reg=0x0 val=0xd
1778318251.380000 W  i2c=0x30 reg=0x0 len=1 data=0d
1778318251.381000 R  i2c=0x30 reg=0x86 len=1
1778318251.384000 R= ret=0 data=00
1778318251.394000 W1 i2c=0x30 reg=0x0 val=0xf
1778318251.394000 W  i2c=0x30 reg=0x0 len=1 data=0f
1778318251.396000 R  i2c=0x30 reg=0x11 len=1
1778318251.399000 R= ret=0 data=00
1778318251.399000 W1 i2c=0x30 reg=0x0 val=0x9
1778318251.399000 W  i2c=0x30 reg=0x0 len=1 data=09
1778318251.400000 R  i2c=0x30 reg=0x62 len=1
1778318251.403000 R= ret=0 data=51
1778318251.403000 W1 i2c=0x30 reg=0x0 val=0xd
1778318251.403000 W  i2c=0x30 reg=0x0 len=1 data=0d
1778318251.404000 R  i2c=0x30 reg=0x86 len=1
1778318251.408000 R= ret=0 data=00
1778318251.418000 W1 i2c=0x30 reg=0x0 val=0xf
1778318251.418000 W  i2c=0x30 reg=0x0 len=1 data=0f
1778318251.419000 R  i2c=0x30 reg=0x11 len=1
1778318251.422000 R= ret=0 data=00
1778318251.423000 W1 i2c=0x30 reg=0x0 val=0x9
1778318251.423000 W  i2c=0x30 reg=0x0 len=1 data=09
1778318251.423000 R  i2c=0x30 reg=0x62 len=1
1778318251.427000 R= ret=0 data=51
1778318251.427000 W1 i2c=0x30 reg=0x0 val=0xd
1778318251.427000 W  i2c=0x30 reg=0x0 len=1 data=0d
1778318251.428000 R  i2c=0x30 reg=0x86 len=1
1778318251.432000 R= ret=0 data=00
1778318251.443000 W1 i2c=0x30 reg=0x0 val=0xf
1778318251.443000 W  i2c=0x30 reg=0x0 len=1 data=0f
1778318251.444000 R  i2c=0x30 reg=0x11 len=1
1778318251.448000 R= ret=0 data=00
1778318251.448000 W1 i2c=0x30 reg=0x0 val=0x9
1778318251.448000 W  i2c=0x30 reg=0x0 len=1 data=09
1778318251.449000 R  i2c=0x30 reg=0x62 len=1
1778318251.452000 R= ret=0 data=51
1778318251.452000 W1 i2c=0x30 reg=0x0 val=0xd
1778318251.452000 W  i2c=0x30 reg=0x0 len=1 data=0d
1778318251.453000 R  i2c=0x30 reg=0x86 len=1
1778318251.456000 R= ret=0 data=00
1778318251.467000 W1 i2c=0x30 reg=0x0 val=0xf
1778318251.467000 W  i2c=0x30 reg=0x0 len=1 data=0f
1778318251.468000 R  i2c=0x30 reg=0x11 len=1
1778318251.471000 R= ret=0 data=00
1778318251.471000 W1 i2c=0x30 reg=0x0 val=0x9
1778318251.471000 W  i2c=0x30 reg=0x0 len=1 data=09
1778318251.472000 R  i2c=0x30 reg=0x62 len=1
1778318251.475000 R= ret=0 data=51
1778318251.475000 W1 i2c=0x30 reg=0x0 val=0xd
1778318251.475000 W  i2c=0x30 reg=0x0 len=1 data=0d
1778318251.476000 R  i2c=0x30 reg=0x86 len=1
1778318251.480000 R= ret=0 data=00
1778318251.490000 W1 i2c=0x30 reg=0x0 val=0xf
1778318251.490000 W  i2c=0x30 reg=0x0 len=1 data=0f
1778318251.491000 R  i2c=0x30 reg=0x11 len=1
1778318251.493000 W1 i2c=0x30 reg=0x0 val=0xf
1778318251.493000 W  i2c=0x30 reg=0x0 len=1 data=0f
1778318251.494000 R= ret=0 data=00
1778318251.494000 W1 i2c=0x30 reg=0x0 val=0x9
1778318251.494000 W  i2c=0x30 reg=0x0 len=1 data=09
1778318251.495000 R  i2c=0x30 reg=0x11 len=1
1778318251.496000 R  i2c=0x30 reg=0x62 len=1
1778318251.500000 R= ret=0 data=10
1778318251.500000 W1 i2c=0x30 reg=0x0 val=0x9
1778318251.500000 W  i2c=0x30 reg=0x0 len=1 data=09
1778318251.503000 R= ret=0 data=51
1778318251.503000 W1 i2c=0x30 reg=0x0 val=0xd
1778318251.503000 W  i2c=0x30 reg=0x0 len=1 data=0d
1778318251.504000 R  i2c=0x30 reg=0x62 len=1
1778318251.505000 R  i2c=0x30 reg=0x86 len=1
1778318251.508000 R= ret=0 data=00
1778318251.512000 R= ret=0 data=00
1778318251.512000 W1 i2c=0x30 reg=0x0 val=0xd
1778318251.512000 W  i2c=0x30 reg=0x0 len=1 data=0d
1778318251.513000 R  i2c=0x30 reg=0x86 len=1
1778318251.516000 R= ret=0 data=00
1778318251.516000 W1 i2c=0x30 reg=0x0 val=0xd
1778318251.516000 W  i2c=0x30 reg=0x0 len=1 data=0d
1778318251.517000 R  i2c=0x30 reg=0x86 len=1
1778318251.518000 W1 i2c=0x30 reg=0x0 val=0xf
1778318251.518000 W  i2c=0x30 reg=0x0 len=1 data=0f
1778318251.520000 R= ret=0 data=00
1778318251.520000 W1 i2c=0x30 reg=0x0 val=0xd
1778318251.520000 W  i2c=0x30 reg=0x0 len=1 data=0d
1778318251.521000 R  i2c=0x30 reg=0x11 len=1
1778318251.522000 R  i2c=0x30 reg=0x86 len=1
1778318251.526000 R= ret=0 data=00
1778318251.526000 W1 i2c=0x30 reg=0x0 val=0x9
1778318251.526000 W  i2c=0x30 reg=0x0 len=1 data=09
1778318251.529000 R= ret=0 data=00
1778318251.529000 W1 i2c=0xdc reg=0x8 val=0x1
1778318251.529000 W  i2c=0xdc reg=0x8 len=1 data=01
1778318251.530000 R  i2c=0x30 reg=0x62 len=1
1778318251.531000 W  i2c=0xc0 reg=0x87 len=2 data=c4 41
1778318251.534000 R= ret=0 data=51
1778318251.534000 W1 i2c=0x30 reg=0x0 val=0xd
1778318251.534000 W  i2c=0x30 reg=0x0 len=1 data=0d
1778318251.535000 W  i2c=0xc0 reg=0x59 len=2 data=05 01
1778318251.536000 R  i2c=0x30 reg=0x86 len=1
1778318251.537000 R  i2c=0xc0 reg=0x5b len=1
1778318251.540000 R= ret=0 data=00
1778318251.544000 R= ret=0 data=32
1778318251.544000 W  i2c=0xc0 reg=0x59 len=2 data=03 01
1778318251.545000 R  i2c=0xc0 reg=0x5b len=1
1778318251.548000 R= ret=0 data=08
1778318251.548000 W1 i2c=0xc0 reg=0x59 val=0x4
1778318251.548000 W  i2c=0xc0 reg=0x59 len=1 data=04
1778318251.549000 W1 i2c=0xc0 reg=0x88 val=0x0
1778318251.549000 W  i2c=0xc0 reg=0x88 len=1 data=00
1778318251.550000 W1 i2c=0xc0 reg=0x87 val=0xc0
1778318251.550000 W  i2c=0xc0 reg=0x87 len=1 data=c0
1778318251.589000 W1 i2c=0x30 reg=0x0 val=0xf
1778318251.590000 W  i2c=0x30 reg=0x0 len=1 data=0f
1778318251.591000 R  i2c=0xc0 reg=0x69 len=1
1778318251.593000 R  i2c=0x30 reg=0x11 len=1
1778318251.609000 R= ret=0 data=00
1778318251.610000 W1 i2c=0x30 reg=0x0 val=0x9
1778318251.610000 W  i2c=0x30 reg=0x0 len=1 data=09
1778318251.613000 R= ret=0 data=88
1778318251.613000 W1 i2c=0xdc reg=0x8 val=0x0
1778318251.613000 W  i2c=0xdc reg=0x8 len=1 data=00
1778318251.614000 R  i2c=0x30 reg=0x62 len=1
1778318251.619000 R= ret=0 data=51
1778318251.619000 W1 i2c=0x30 reg=0x0 val=0xd
1778318251.619000 W  i2c=0x30 reg=0x0 len=1 data=0d
1778318251.620000 R  i2c=0x30 reg=0x86 len=1
1778318251.624000 R= ret=0 data=00
1778318251.635000 W1 i2c=0x30 reg=0x0 val=0xf
1778318251.635000 W  i2c=0x30 reg=0x0 len=1 data=0f
1778318251.636000 R  i2c=0x30 reg=0x11 len=1
1778318251.640000 R= ret=0 data=00
1778318251.640000 W1 i2c=0x30 reg=0x0 val=0x9
1778318251.640000 W  i2c=0x30 reg=0x0 len=1 data=09
1778318251.642000 R  i2c=0x30 reg=0x62 len=1
1778318251.645000 R= ret=0 data=51
1778318251.645000 W1 i2c=0x30 reg=0x0 val=0xd
1778318251.645000 W  i2c=0x30 reg=0x0 len=1 data=0d
1778318251.646000 R  i2c=0x30 reg=0x86 len=1
1778318251.650000 R= ret=0 data=00
1778318251.660000 W1 i2c=0x30 reg=0x0 val=0xf
1778318251.660000 W  i2c=0x30 reg=0x0 len=1 data=0f
1778318251.661000 R  i2c=0x30 reg=0x11 len=1
1778318251.665000 R= ret=0 data=00
1778318251.665000 W1 i2c=0x30 reg=0x0 val=0x9
1778318251.665000 W  i2c=0x30 reg=0x0 len=1 data=09
1778318251.666000 R  i2c=0x30 reg=0x62 len=1
1778318251.669000 R= ret=0 data=51
1778318251.669000 W1 i2c=0x30 reg=0x0 val=0xd
1778318251.669000 W  i2c=0x30 reg=0x0 len=1 data=0d
1778318251.670000 R  i2c=0x30 reg=0x86 len=1
1778318251.674000 R= ret=0 data=00
1778318251.684000 W1 i2c=0x30 reg=0x0 val=0xf
1778318251.684000 W  i2c=0x30 reg=0x0 len=1 data=0f
1778318251.685000 R  i2c=0x30 reg=0x11 len=1
1778318251.688000 R= ret=0 data=00
1778318251.688000 W1 i2c=0x30 reg=0x0 val=0x9
1778318251.688000 W  i2c=0x30 reg=0x0 len=1 data=09
1778318251.690000 R  i2c=0x30 reg=0x62 len=1
1778318251.693000 R= ret=0 data=51
1778318251.693000 W1 i2c=0x30 reg=0x0 val=0xd
1778318251.693000 W  i2c=0x30 reg=0x0 len=1 data=0d
1778318251.694000 R  i2c=0x30 reg=0x86 len=1
1778318251.698000 R= ret=0 data=00
1778318251.709000 W1 i2c=0x30 reg=0x0 val=0xf
1778318251.709000 W  i2c=0x30 reg=0x0 len=1 data=0f
1778318251.710000 R  i2c=0x30 reg=0x11 len=1
1778318251.714000 R= ret=0 data=00
1778318251.714000 W1 i2c=0x30 reg=0x0 val=0x9
1778318251.714000 W  i2c=0x30 reg=0x0 len=1 data=09
1778318251.715000 R  i2c=0x30 reg=0x62 len=1
1778318251.718000 R= ret=0 data=51
1778318251.718000 W1 i2c=0x30 reg=0x0 val=0xd
1778318251.718000 W  i2c=0x30 reg=0x0 len=1 data=0d
1778318251.719000 R  i2c=0x30 reg=0x86 len=1
1778318251.723000 R= ret=0 data=00
1778318251.736000 W1 i2c=0x30 reg=0x0 val=0xf
1778318251.736000 W  i2c=0x30 reg=0x0 len=1 data=0f
1778318251.737000 R  i2c=0x30 reg=0x11 len=1
1778318251.741000 R= ret=0 data=00
1778318251.741000 W1 i2c=0x30 reg=0x0 val=0x9
1778318251.741000 W  i2c=0x30 reg=0x0 len=1 data=09
1778318251.742000 R  i2c=0x30 reg=0x62 len=1
1778318251.745000 R= ret=0 data=51
1778318251.746000 W1 i2c=0x30 reg=0x0 val=0xd
1778318251.746000 W  i2c=0x30 reg=0x0 len=1 data=0d
1778318251.747000 R  i2c=0x30 reg=0x86 len=1
1778318251.750000 R= ret=0 data=00
1778318251.761000 W1 i2c=0x30 reg=0x0 val=0xf
1778318251.761000 W  i2c=0x30 reg=0x0 len=1 data=0f
1778318251.762000 R  i2c=0x30 reg=0x11 len=1
1778318251.766000 R= ret=0 data=00
1778318251.766000 W1 i2c=0x30 reg=0x0 val=0x9
1778318251.766000 W  i2c=0x30 reg=0x0 len=1 data=09
1778318251.767000 R  i2c=0x30 reg=0x62 len=1
1778318251.770000 R= ret=0 data=51
1778318251.770000 W1 i2c=0x30 reg=0x0 val=0xd
1778318251.770000 W  i2c=0x30 reg=0x0 len=1 data=0d
1778318251.772000 R  i2c=0x30 reg=0x86 len=1
1778318251.776000 R= ret=0 data=00
1778318251.786000 W1 i2c=0x30 reg=0x0 val=0xf
1778318251.786000 W  i2c=0x30 reg=0x0 len=1 data=0f
1778318251.787000 R  i2c=0x30 reg=0x11 len=1
1778318251.791000 R= ret=0 data=00
1778318251.791000 W1 i2c=0x30 reg=0x0 val=0x9
1778318251.791000 W  i2c=0x30 reg=0x0 len=1 data=09
1778318251.792000 R  i2c=0x30 reg=0x62 len=1
1778318251.795000 R= ret=0 data=51
1778318251.795000 W1 i2c=0x30 reg=0x0 val=0xd
1778318251.795000 W  i2c=0x30 reg=0x0 len=1 data=0d
1778318251.796000 R  i2c=0x30 reg=0x86 len=1
1778318251.800000 R= ret=0 data=00
1778318251.811000 W1 i2c=0x30 reg=0x0 val=0xf
1778318251.811000 W  i2c=0x30 reg=0x0 len=1 data=0f
1778318251.812000 R  i2c=0x30 reg=0x11 len=1
1778318251.815000 R= ret=0 data=00
1778318251.815000 W1 i2c=0x30 reg=0x0 val=0x9
1778318251.815000 W  i2c=0x30 reg=0x0 len=1 data=09
1778318251.816000 R  i2c=0x30 reg=0x62 len=1
1778318251.820000 R= ret=0 data=51
1778318251.820000 W1 i2c=0x30 reg=0x0 val=0xd
1778318251.820000 W  i2c=0x30 reg=0x0 len=1 data=0d
1778318251.821000 R  i2c=0x30 reg=0x86 len=1
1778318251.825000 R= ret=0 data=00
1778318251.835000 W1 i2c=0x30 reg=0x0 val=0xf
1778318251.835000 W  i2c=0x30 reg=0x0 len=1 data=0f
1778318251.836000 R  i2c=0x30 reg=0x11 len=1
1778318251.840000 R= ret=0 data=00
1778318251.840000 W1 i2c=0x30 reg=0x0 val=0x9
1778318251.840000 W  i2c=0x30 reg=0x0 len=1 data=09
1778318251.841000 R  i2c=0x30 reg=0x62 len=1
1778318251.845000 R= ret=0 data=51
1778318251.845000 W1 i2c=0x30 reg=0x0 val=0xd
1778318251.845000 W  i2c=0x30 reg=0x0 len=1 data=0d
1778318251.846000 R  i2c=0x30 reg=0x86 len=1
1778318251.849000 R= ret=0 data=00
1778318251.859000 W1 i2c=0x30 reg=0x0 val=0xf
1778318251.859000 W  i2c=0x30 reg=0x0 len=1 data=0f
1778318251.860000 R  i2c=0x30 reg=0x11 len=1
1778318251.863000 R= ret=0 data=00
1778318251.863000 W1 i2c=0x30 reg=0x0 val=0x9
1778318251.863000 W  i2c=0x30 reg=0x0 len=1 data=09
1778318251.864000 R  i2c=0x30 reg=0x62 len=1
1778318251.867000 R= ret=0 data=51
1778318251.867000 W1 i2c=0x30 reg=0x0 val=0xd
1778318251.867000 W  i2c=0x30 reg=0x0 len=1 data=0d
1778318251.868000 R  i2c=0x30 reg=0x86 len=1
1778318251.871000 R= ret=0 data=00
1778318251.882000 W1 i2c=0x30 reg=0x0 val=0xf
1778318251.882000 W  i2c=0x30 reg=0x0 len=1 data=0f
1778318251.883000 R  i2c=0x30 reg=0x11 len=1
1778318251.886000 R= ret=0 data=00
1778318251.886000 W1 i2c=0x30 reg=0x0 val=0x9
1778318251.886000 W  i2c=0x30 reg=0x0 len=1 data=09
1778318251.887000 R  i2c=0x30 reg=0x62 len=1
1778318251.891000 R= ret=0 data=51
1778318251.891000 W1 i2c=0x30 reg=0x0 val=0xd
1778318251.891000 W  i2c=0x30 reg=0x0 len=1 data=0d
1778318251.891000 R  i2c=0x30 reg=0x86 len=1
1778318251.895000 R= ret=0 data=00
1778318251.906000 W1 i2c=0x30 reg=0x0 val=0xf
1778318251.906000 W  i2c=0x30 reg=0x0 len=1 data=0f
1778318251.907000 R  i2c=0x30 reg=0x11 len=1
1778318251.914000 R= ret=0 data=00
1778318251.914000 W1 i2c=0x30 reg=0x0 val=0x9
1778318251.914000 W  i2c=0x30 reg=0x0 len=1 data=09
1778318251.917000 R  i2c=0x30 reg=0x62 len=1
1778318251.922000 R= ret=0 data=51
1778318251.922000 W1 i2c=0x30 reg=0x0 val=0xd
1778318251.922000 W  i2c=0x30 reg=0x0 len=1 data=0d
1778318251.923000 R  i2c=0x30 reg=0x86 len=1
1778318251.927000 R= ret=0 data=00
1778318251.938000 W1 i2c=0x30 reg=0x0 val=0xf
1778318251.938000 W  i2c=0x30 reg=0x0 len=1 data=0f
1778318251.939000 R  i2c=0x30 reg=0x11 len=1
1778318251.942000 R= ret=0 data=00
1778318251.942000 W1 i2c=0x30 reg=0x0 val=0x9
1778318251.942000 W  i2c=0x30 reg=0x0 len=1 data=09
1778318251.943000 R  i2c=0x30 reg=0x62 len=1
1778318251.947000 R= ret=0 data=51
1778318251.947000 W1 i2c=0x30 reg=0x0 val=0xd
1778318251.947000 W  i2c=0x30 reg=0x0 len=1 data=0d
1778318251.948000 R  i2c=0x30 reg=0x86 len=1
1778318251.951000 R= ret=0 data=00
1778318251.963000 W1 i2c=0x30 reg=0x0 val=0xf
1778318251.963000 W  i2c=0x30 reg=0x0 len=1 data=0f
1778318251.964000 R  i2c=0x30 reg=0x11 len=1
1778318251.967000 R= ret=0 data=00
1778318251.967000 W1 i2c=0x30 reg=0x0 val=0x9
1778318251.967000 W  i2c=0x30 reg=0x0 len=1 data=09
1778318251.968000 R  i2c=0x30 reg=0x62 len=1
1778318251.972000 R= ret=0 data=51
1778318251.972000 W1 i2c=0x30 reg=0x0 val=0xd
1778318251.972000 W  i2c=0x30 reg=0x0 len=1 data=0d
1778318251.972000 R  i2c=0x30 reg=0x86 len=1
1778318251.983000 R= ret=0 data=00
1778318251.993000 W1 i2c=0x30 reg=0x0 val=0xf
1778318251.993000 W  i2c=0x30 reg=0x0 len=1 data=0f
1778318251.994000 R  i2c=0x30 reg=0x11 len=1
1778318251.998000 R= ret=0 data=00
1778318251.998000 W1 i2c=0x30 reg=0x0 val=0x9
1778318251.998000 W  i2c=0x30 reg=0x0 len=1 data=09
1778318251.999000 R  i2c=0x30 reg=0x62 len=1
1778318252.002000 R= ret=0 data=51
1778318252.002000 W1 i2c=0x30 reg=0x0 val=0xd
1778318252.002000 W  i2c=0x30 reg=0x0 len=1 data=0d
1778318252.003000 R  i2c=0x30 reg=0x86 len=1
1778318252.007000 R= ret=0 data=00
1778318252.017000 W1 i2c=0x30 reg=0x0 val=0xf
1778318252.017000 W  i2c=0x30 reg=0x0 len=1 data=0f
1778318252.018000 R  i2c=0x30 reg=0x11 len=1
1778318252.021000 R= ret=0 data=00
1778318252.021000 W1 i2c=0x30 reg=0x0 val=0x9
1778318252.021000 W  i2c=0x30 reg=0x0 len=1 data=09
1778318252.022000 R  i2c=0x30 reg=0x62 len=1
1778318252.026000 R= ret=0 data=51
1778318252.026000 W1 i2c=0x30 reg=0x0 val=0xd
1778318252.026000 W  i2c=0x30 reg=0x0 len=1 data=0d
1778318252.027000 R  i2c=0x30 reg=0x86 len=1
1778318252.030000 R= ret=0 data=00
1778318252.041000 W1 i2c=0x30 reg=0x0 val=0xf
1778318252.042000 W  i2c=0x30 reg=0x0 len=1 data=0f
1778318252.043000 R  i2c=0x30 reg=0x11 len=1
1778318252.046000 R= ret=0 data=00
1778318252.046000 W1 i2c=0x30 reg=0x0 val=0x9
1778318252.046000 W  i2c=0x30 reg=0x0 len=1 data=09
1778318252.047000 R  i2c=0x30 reg=0x62 len=1
1778318252.051000 R= ret=0 data=51
1778318252.051000 W1 i2c=0x30 reg=0x0 val=0xd
1778318252.051000 W  i2c=0x30 reg=0x0 len=1 data=0d
1778318252.052000 R  i2c=0x30 reg=0x86 len=1
1778318252.055000 R= ret=0 data=00
1778318252.067000 W1 i2c=0x30 reg=0x0 val=0xf
1778318252.067000 W  i2c=0x30 reg=0x0 len=1 data=0f
1778318252.068000 R  i2c=0x30 reg=0x11 len=1
1778318252.072000 R= ret=0 data=00
1778318252.072000 W1 i2c=0x30 reg=0x0 val=0x9
1778318252.072000 W  i2c=0x30 reg=0x0 len=1 data=09
1778318252.073000 R  i2c=0x30 reg=0x62 len=1
1778318252.076000 R= ret=0 data=51
1778318252.076000 W1 i2c=0x30 reg=0x0 val=0xd
1778318252.076000 W  i2c=0x30 reg=0x0 len=1 data=0d
1778318252.077000 R  i2c=0x30 reg=0x86 len=1
1778318252.081000 R= ret=0 data=00
1778318252.091000 W1 i2c=0x30 reg=0x0 val=0xf
1778318252.091000 W  i2c=0x30 reg=0x0 len=1 data=0f
1778318252.092000 R  i2c=0x30 reg=0x11 len=1
1778318252.096000 R= ret=0 data=00
1778318252.096000 W1 i2c=0x30 reg=0x0 val=0x9
1778318252.096000 W  i2c=0x30 reg=0x0 len=1 data=09
1778318252.097000 R  i2c=0x30 reg=0x62 len=1
1778318252.100000 R= ret=0 data=51
1778318252.100000 W1 i2c=0x30 reg=0x0 val=0xd
1778318252.101000 W  i2c=0x30 reg=0x0 len=1 data=0d
1778318252.101000 R  i2c=0x30 reg=0x86 len=1
1778318252.105000 R= ret=0 data=00
1778318252.116000 W1 i2c=0x30 reg=0x0 val=0xf
1778318252.116000 W  i2c=0x30 reg=0x0 len=1 data=0f
1778318252.117000 R  i2c=0x30 reg=0x11 len=1
1778318252.121000 R= ret=0 data=00
1778318252.121000 W1 i2c=0x30 reg=0x0 val=0x9
1778318252.121000 W  i2c=0x30 reg=0x0 len=1 data=09
1778318252.122000 R  i2c=0x30 reg=0x62 len=1
1778318252.125000 R= ret=0 data=51
1778318252.125000 W1 i2c=0x30 reg=0x0 val=0xd
1778318252.125000 W  i2c=0x30 reg=0x0 len=1 data=0d
1778318252.126000 R  i2c=0x30 reg=0x86 len=1
1778318252.130000 R= ret=0 data=00
1778318252.142000 W1 i2c=0x30 reg=0x0 val=0xf
1778318252.142000 W  i2c=0x30 reg=0x0 len=1 data=0f
1778318252.143000 R  i2c=0x30 reg=0x11 len=1
1778318252.146000 R= ret=0 data=00
1778318252.146000 W1 i2c=0x30 reg=0x0 val=0x9
1778318252.146000 W  i2c=0x30 reg=0x0 len=1 data=09
1778318252.147000 R  i2c=0x30 reg=0x62 len=1
1778318252.151000 R= ret=0 data=51
1778318252.151000 W1 i2c=0x30 reg=0x0 val=0xd
1778318252.151000 W  i2c=0x30 reg=0x0 len=1 data=0d
1778318252.152000 R  i2c=0x30 reg=0x86 len=1
1778318252.155000 R= ret=0 data=00
1778318252.165000 W1 i2c=0x30 reg=0x0 val=0xf
1778318252.165000 W  i2c=0x30 reg=0x0 len=1 data=0f
1778318252.166000 R  i2c=0x30 reg=0x11 len=1
1778318252.170000 R= ret=0 data=00
1778318252.170000 W1 i2c=0x30 reg=0x0 val=0x9
1778318252.170000 W  i2c=0x30 reg=0x0 len=1 data=09
1778318252.171000 R  i2c=0x30 reg=0x62 len=1
1778318252.174000 R= ret=0 data=51
1778318252.174000 W1 i2c=0x30 reg=0x0 val=0xd
1778318252.174000 W  i2c=0x30 reg=0x0 len=1 data=0d
1778318252.175000 R  i2c=0x30 reg=0x86 len=1
1778318252.179000 R= ret=0 data=00
1778318252.179000 <<< sony_cxd6801_integ_atsc_Tune ret=5
1778318252.179000 DRV_acquire ret=5
1778318252.417000 W1 i2c=0x30 reg=0x0 val=0xf
1778318252.417000 W  i2c=0x30 reg=0x0 len=1 data=0f
1778318252.418000 R  i2c=0x30 reg=0x11 len=1
1778318252.423000 R= ret=0 data=00
1778318252.423000 W1 i2c=0x30 reg=0x0 val=0x9
1778318252.423000 W  i2c=0x30 reg=0x0 len=1 data=09
1778318252.424000 R  i2c=0x30 reg=0x62 len=1
1778318252.427000 R= ret=0 data=51
1778318252.427000 W1 i2c=0x30 reg=0x0 val=0xd
1778318252.427000 W  i2c=0x30 reg=0x0 len=1 data=0d
1778318252.429000 R  i2c=0x30 reg=0x86 len=1
1778318252.432000 R= ret=0 data=00
1778318252.432000 W1 i2c=0x30 reg=0x0 val=0xd
1778318252.432000 W  i2c=0x30 reg=0x0 len=1 data=0d
1778318252.433000 R  i2c=0x30 reg=0x86 len=1
1778318252.437000 R= ret=0 data=00
1778318252.437000 W1 i2c=0x30 reg=0x0 val=0xd
1778318252.437000 W  i2c=0x30 reg=0x0 len=1 data=0d
1778318252.438000 R  i2c=0x30 reg=0x86 len=1
1778318252.441000 R= ret=0 data=00
1778318252.441000 W1 i2c=0xdc reg=0x8 val=0x1
1778318252.441000 W  i2c=0xdc reg=0x8 len=1 data=01
1778318252.442000 W  i2c=0xc0 reg=0x87 len=2 data=c4 41
1778318252.443000 W  i2c=0xc0 reg=0x59 len=2 data=05 01
1778318252.444000 R  i2c=0xc0 reg=0x5b len=1
1778318252.448000 R= ret=0 data=2f
1778318252.448000 W  i2c=0xc0 reg=0x59 len=2 data=03 01
1778318252.449000 R  i2c=0xc0 reg=0x5b len=1
1778318252.452000 R= ret=0 data=08
1778318252.452000 W1 i2c=0xc0 reg=0x59 val=0x4
1778318252.452000 W  i2c=0xc0 reg=0x59 len=1 data=04
1778318252.453000 W1 i2c=0xc0 reg=0x88 val=0x0
1778318252.453000 W  i2c=0xc0 reg=0x88 len=1 data=00
1778318252.454000 W1 i2c=0xc0 reg=0x87 val=0xc0
1778318252.454000 W  i2c=0xc0 reg=0x87 len=1 data=c0
1778318252.455000 R  i2c=0xc0 reg=0x69 len=1
1778318252.459000 R= ret=0 data=88
1778318252.459000 W1 i2c=0xdc reg=0x8 val=0x0
1778318252.459000 W  i2c=0xdc reg=0x8 len=1 data=00
1778318253.261000 W1 i2c=0x30 reg=0x0 val=0xf
1778318253.261000 W  i2c=0x30 reg=0x0 len=1 data=0f
1778318253.262000 R  i2c=0x30 reg=0x11 len=1
1778318253.266000 R= ret=0 data=00
1778318253.266000 W1 i2c=0x30 reg=0x0 val=0x9
1778318253.266000 W  i2c=0x30 reg=0x0 len=1 data=09
1778318253.267000 R  i2c=0x30 reg=0x62 len=1
1778318253.271000 R= ret=0 data=51
1778318253.271000 W1 i2c=0x30 reg=0x0 val=0xd
1778318253.271000 W  i2c=0x30 reg=0x0 len=1 data=0d
1778318253.272000 R  i2c=0x30 reg=0x86 len=1
1778318253.275000 R= ret=0 data=00
1778318253.275000 W1 i2c=0x30 reg=0x0 val=0xd
1778318253.275000 W  i2c=0x30 reg=0x0 len=1 data=0d
1778318253.276000 R  i2c=0x30 reg=0x86 len=1
1778318253.280000 R= ret=0 data=00
1778318253.280000 W1 i2c=0x30 reg=0x0 val=0xd
1778318253.280000 W  i2c=0x30 reg=0x0 len=1 data=0d
1778318253.281000 R  i2c=0x30 reg=0x86 len=1
1778318253.284000 R= ret=0 data=00
1778318253.284000 W1 i2c=0xdc reg=0x8 val=0x1
1778318253.284000 W  i2c=0xdc reg=0x8 len=1 data=01
1778318253.285000 W  i2c=0xc0 reg=0x87 len=2 data=c4 41
1778318253.286000 W  i2c=0xc0 reg=0x59 len=2 data=05 01
1778318253.287000 R  i2c=0xc0 reg=0x5b len=1
1778318253.290000 R= ret=0 data=2e
1778318253.290000 W  i2c=0xc0 reg=0x59 len=2 data=03 01
1778318253.292000 R  i2c=0xc0 reg=0x5b len=1
1778318253.295000 R= ret=0 data=08
1778318253.295000 W1 i2c=0xc0 reg=0x59 val=0x4
1778318253.295000 W  i2c=0xc0 reg=0x59 len=1 data=04
1778318253.296000 W1 i2c=0xc0 reg=0x88 val=0x0
1778318253.296000 W  i2c=0xc0 reg=0x88 len=1 data=00
1778318253.297000 W1 i2c=0xc0 reg=0x87 val=0xc0
1778318253.297000 W  i2c=0xc0 reg=0x87 len=1 data=c0
1778318253.298000 R  i2c=0xc0 reg=0x69 len=1
1778318253.301000 R= ret=0 data=88
1778318253.301000 W1 i2c=0xdc reg=0x8 val=0x0
1778318253.301000 W  i2c=0xdc reg=0x8 len=1 data=00
1778318254.103000 W1 i2c=0x30 reg=0x0 val=0xf
1778318254.103000 W  i2c=0x30 reg=0x0 len=1 data=0f
1778318254.104000 R  i2c=0x30 reg=0x11 len=1
1778318254.107000 R= ret=0 data=00
1778318254.107000 W1 i2c=0x30 reg=0x0 val=0x9
1778318254.107000 W  i2c=0x30 reg=0x0 len=1 data=09
1778318254.108000 R  i2c=0x30 reg=0x62 len=1
1778318254.112000 R= ret=0 data=51
1778318254.112000 W1 i2c=0x30 reg=0x0 val=0xd
1778318254.112000 W  i2c=0x30 reg=0x0 len=1 data=0d
1778318254.113000 R  i2c=0x30 reg=0x86 len=1
1778318254.116000 R= ret=0 data=00
1778318254.116000 W1 i2c=0x30 reg=0x0 val=0xd
1778318254.116000 W  i2c=0x30 reg=0x0 len=1 data=0d
1778318254.117000 R  i2c=0x30 reg=0x86 len=1
1778318254.120000 R= ret=0 data=00
1778318254.120000 W1 i2c=0x30 reg=0x0 val=0xd
1778318254.120000 W  i2c=0x30 reg=0x0 len=1 data=0d
1778318254.121000 R  i2c=0x30 reg=0x86 len=1
1778318254.124000 R= ret=0 data=00
1778318254.124000 W1 i2c=0xdc reg=0x8 val=0x1
1778318254.124000 W  i2c=0xdc reg=0x8 len=1 data=01
1778318254.125000 W  i2c=0xc0 reg=0x87 len=2 data=c4 41
1778318254.126000 W  i2c=0xc0 reg=0x59 len=2 data=05 01
1778318254.127000 R  i2c=0xc0 reg=0x5b len=1
1778318254.130000 R= ret=0 data=2e
1778318254.130000 W  i2c=0xc0 reg=0x59 len=2 data=03 01
1778318254.131000 R  i2c=0xc0 reg=0x5b len=1
1778318254.134000 R= ret=0 data=08
1778318254.134000 W1 i2c=0xc0 reg=0x59 val=0x4
1778318254.134000 W  i2c=0xc0 reg=0x59 len=1 data=04
1778318254.135000 W1 i2c=0xc0 reg=0x88 val=0x0
1778318254.135000 W  i2c=0xc0 reg=0x88 len=1 data=00
1778318254.136000 W1 i2c=0xc0 reg=0x87 val=0xc0
1778318254.136000 W  i2c=0xc0 reg=0x87 len=1 data=c0
1778318254.137000 R  i2c=0xc0 reg=0x69 len=1
1778318254.140000 R= ret=0 data=88
1778318254.140000 W1 i2c=0xdc reg=0x8 val=0x0
1778318254.140000 W  i2c=0xdc reg=0x8 len=1 data=00
1778318254.943000 W1 i2c=0x30 reg=0x0 val=0xf
1778318254.943000 W  i2c=0x30 reg=0x0 len=1 data=0f
1778318254.944000 R  i2c=0x30 reg=0x11 len=1
1778318254.948000 R= ret=0 data=00
1778318254.948000 W1 i2c=0x30 reg=0x0 val=0x9
1778318254.948000 W  i2c=0x30 reg=0x0 len=1 data=09
1778318254.949000 R  i2c=0x30 reg=0x62 len=1
1778318254.953000 R= ret=0 data=51
1778318254.953000 W1 i2c=0x30 reg=0x0 val=0xd
1778318254.953000 W  i2c=0x30 reg=0x0 len=1 data=0d
1778318254.954000 R  i2c=0x30 reg=0x86 len=1
1778318254.957000 R= ret=0 data=00
1778318254.957000 W1 i2c=0x30 reg=0x0 val=0xd
1778318254.957000 W  i2c=0x30 reg=0x0 len=1 data=0d
1778318254.958000 R  i2c=0x30 reg=0x86 len=1
1778318254.962000 R= ret=0 data=00
1778318254.962000 W1 i2c=0x30 reg=0x0 val=0xd
1778318254.962000 W  i2c=0x30 reg=0x0 len=1 data=0d
1778318254.963000 R  i2c=0x30 reg=0x86 len=1
1778318254.966000 R= ret=0 data=00
1778318254.966000 W1 i2c=0xdc reg=0x8 val=0x1
1778318254.966000 W  i2c=0xdc reg=0x8 len=1 data=01
1778318254.967000 W  i2c=0xc0 reg=0x87 len=2 data=c4 41
1778318254.968000 W  i2c=0xc0 reg=0x59 len=2 data=05 01
1778318254.969000 R  i2c=0xc0 reg=0x5b len=1
1778318254.972000 R= ret=0 data=2f
1778318254.972000 W  i2c=0xc0 reg=0x59 len=2 data=03 01
1778318254.973000 R  i2c=0xc0 reg=0x5b len=1
1778318254.977000 R= ret=0 data=08
1778318254.977000 W1 i2c=0xc0 reg=0x59 val=0x4
1778318254.977000 W  i2c=0xc0 reg=0x59 len=1 data=04
1778318254.978000 W1 i2c=0xc0 reg=0x88 val=0x0
1778318254.978000 W  i2c=0xc0 reg=0x88 len=1 data=00
1778318254.979000 W1 i2c=0xc0 reg=0x87 val=0xc0
1778318254.979000 W  i2c=0xc0 reg=0x87 len=1 data=c0
1778318254.980000 R  i2c=0xc0 reg=0x69 len=1
1778318254.983000 R= ret=0 data=88
1778318254.983000 W1 i2c=0xdc reg=0x8 val=0x0
1778318254.983000 W  i2c=0xdc reg=0x8 len=1 data=00
1778318255.786000 W1 i2c=0x30 reg=0x0 val=0xf
1778318255.786000 W  i2c=0x30 reg=0x0 len=1 data=0f
1778318255.787000 R  i2c=0x30 reg=0x11 len=1
1778318255.791000 R= ret=0 data=00
1778318255.791000 W1 i2c=0x30 reg=0x0 val=0x9
1778318255.791000 W  i2c=0x30 reg=0x0 len=1 data=09
1778318255.792000 R  i2c=0x30 reg=0x62 len=1
1778318255.796000 R= ret=0 data=51
1778318255.796000 W1 i2c=0x30 reg=0x0 val=0xd
1778318255.796000 W  i2c=0x30 reg=0x0 len=1 data=0d
1778318255.797000 R  i2c=0x30 reg=0x86 len=1
1778318255.800000 R= ret=0 data=00
1778318255.800000 W1 i2c=0x30 reg=0x0 val=0xd
1778318255.800000 W  i2c=0x30 reg=0x0 len=1 data=0d
1778318255.801000 R  i2c=0x30 reg=0x86 len=1
1778318255.805000 R= ret=0 data=00
1778318255.805000 W1 i2c=0x30 reg=0x0 val=0xd
1778318255.805000 W  i2c=0x30 reg=0x0 len=1 data=0d
1778318255.806000 R  i2c=0x30 reg=0x86 len=1
1778318255.809000 R= ret=0 data=00
1778318255.809000 W1 i2c=0xdc reg=0x8 val=0x1
1778318255.809000 W  i2c=0xdc reg=0x8 len=1 data=01
1778318255.810000 W  i2c=0xc0 reg=0x87 len=2 data=c4 41
1778318255.811000 W  i2c=0xc0 reg=0x59 len=2 data=05 01
1778318255.812000 R  i2c=0xc0 reg=0x5b len=1
1778318255.815000 R= ret=0 data=32
1778318255.816000 W  i2c=0xc0 reg=0x59 len=2 data=03 01
1778318255.817000 R  i2c=0xc0 reg=0x5b len=1
1778318255.821000 R= ret=0 data=08
1778318255.821000 W1 i2c=0xc0 reg=0x59 val=0x4
1778318255.821000 W  i2c=0xc0 reg=0x59 len=1 data=04
1778318255.822000 W1 i2c=0xc0 reg=0x88 val=0x0
1778318255.822000 W  i2c=0xc0 reg=0x88 len=1 data=00
1778318255.823000 W1 i2c=0xc0 reg=0x87 val=0xc0
1778318255.823000 W  i2c=0xc0 reg=0x87 len=1 data=c0
1778318255.824000 R  i2c=0xc0 reg=0x69 len=1
1778318255.827000 R= ret=0 data=88
1778318255.827000 W1 i2c=0xdc reg=0x8 val=0x0
1778318255.827000 W  i2c=0xdc reg=0x8 len=1 data=00
1778318256.631000 W1 i2c=0x30 reg=0x0 val=0xf
1778318256.631000 W  i2c=0x30 reg=0x0 len=1 data=0f
1778318256.632000 R  i2c=0x30 reg=0x11 len=1
1778318256.635000 R= ret=0 data=00
1778318256.636000 W1 i2c=0x30 reg=0x0 val=0x9
1778318256.636000 W  i2c=0x30 reg=0x0 len=1 data=09
1778318256.637000 R  i2c=0x30 reg=0x62 len=1
1778318256.640000 R= ret=0 data=51
1778318256.640000 W1 i2c=0x30 reg=0x0 val=0xd
1778318256.640000 W  i2c=0x30 reg=0x0 len=1 data=0d
1778318256.641000 R  i2c=0x30 reg=0x86 len=1
1778318256.645000 R= ret=0 data=00
1778318256.645000 W1 i2c=0x30 reg=0x0 val=0xd
1778318256.645000 W  i2c=0x30 reg=0x0 len=1 data=0d
1778318256.646000 R  i2c=0x30 reg=0x86 len=1
1778318256.665000 R= ret=0 data=00
1778318256.665000 W1 i2c=0x30 reg=0x0 val=0xd
1778318256.665000 W  i2c=0x30 reg=0x0 len=1 data=0d
1778318256.666000 R  i2c=0x30 reg=0x86 len=1
1778318256.670000 R= ret=0 data=00
1778318256.670000 W1 i2c=0xdc reg=0x8 val=0x1
1778318256.670000 W  i2c=0xdc reg=0x8 len=1 data=01
1778318256.671000 W  i2c=0xc0 reg=0x87 len=2 data=c4 41
1778318256.672000 W  i2c=0xc0 reg=0x59 len=2 data=05 01
1778318256.672000 R  i2c=0xc0 reg=0x5b len=1
1778318256.676000 R= ret=0 data=2f
1778318256.676000 W  i2c=0xc0 reg=0x59 len=2 data=03 01
1778318256.677000 R  i2c=0xc0 reg=0x5b len=1
1778318256.680000 R= ret=0 data=08
1778318256.680000 W1 i2c=0xc0 reg=0x59 val=0x4
1778318256.680000 W  i2c=0xc0 reg=0x59 len=1 data=04
1778318256.681000 W1 i2c=0xc0 reg=0x88 val=0x0
1778318256.681000 W  i2c=0xc0 reg=0x88 len=1 data=00
1778318256.682000 W1 i2c=0xc0 reg=0x87 val=0xc0
1778318256.682000 W  i2c=0xc0 reg=0x87 len=1 data=c0
1778318256.683000 R  i2c=0xc0 reg=0x69 len=1
1778318256.686000 R= ret=0 data=88
1778318256.686000 W1 i2c=0xdc reg=0x8 val=0x0
1778318256.686000 W  i2c=0xdc reg=0x8 len=1 data=00
1778318257.489000 W1 i2c=0x30 reg=0x0 val=0xf
1778318257.489000 W  i2c=0x30 reg=0x0 len=1 data=0f
1778318257.490000 R  i2c=0x30 reg=0x11 len=1
1778318257.493000 R= ret=0 data=00
1778318257.494000 W1 i2c=0x30 reg=0x0 val=0x9
1778318257.494000 W  i2c=0x30 reg=0x0 len=1 data=09
1778318257.495000 R  i2c=0x30 reg=0x62 len=1
1778318257.498000 R= ret=0 data=51
1778318257.498000 W1 i2c=0x30 reg=0x0 val=0xd
1778318257.498000 W  i2c=0x30 reg=0x0 len=1 data=0d
1778318257.499000 R  i2c=0x30 reg=0x86 len=1
1778318257.503000 R= ret=0 data=00
1778318257.503000 W1 i2c=0x30 reg=0x0 val=0xd
1778318257.503000 W  i2c=0x30 reg=0x0 len=1 data=0d
1778318257.504000 R  i2c=0x30 reg=0x86 len=1
1778318257.507000 R= ret=0 data=00
1778318257.507000 W1 i2c=0x30 reg=0x0 val=0xd
1778318257.507000 W  i2c=0x30 reg=0x0 len=1 data=0d
1778318257.508000 R  i2c=0x30 reg=0x86 len=1
1778318257.512000 R= ret=0 data=00
1778318257.512000 W1 i2c=0xdc reg=0x8 val=0x1
1778318257.512000 W  i2c=0xdc reg=0x8 len=1 data=01
1778318257.513000 W  i2c=0xc0 reg=0x87 len=2 data=c4 41
1778318257.514000 W  i2c=0xc0 reg=0x59 len=2 data=05 01
1778318257.514000 R  i2c=0xc0 reg=0x5b len=1
1778318257.518000 R= ret=0 data=2f
1778318257.518000 W  i2c=0xc0 reg=0x59 len=2 data=03 01
1778318257.519000 R  i2c=0xc0 reg=0x5b len=1
1778318257.522000 R= ret=0 data=08
1778318257.522000 W1 i2c=0xc0 reg=0x59 val=0x4
1778318257.522000 W  i2c=0xc0 reg=0x59 len=1 data=04
1778318257.523000 W1 i2c=0xc0 reg=0x88 val=0x0
1778318257.523000 W  i2c=0xc0 reg=0x88 len=1 data=00
1778318257.524000 W1 i2c=0xc0 reg=0x87 val=0xc0
1778318257.524000 W  i2c=0xc0 reg=0x87 len=1 data=c0
1778318257.525000 R  i2c=0xc0 reg=0x69 len=1
1778318257.528000 R= ret=0 data=88
1778318257.528000 W1 i2c=0xdc reg=0x8 val=0x0
1778318257.528000 W  i2c=0xdc reg=0x8 len=1 data=00
1778318258.183000 nativeTune -> 557000
1778318258.183000 DRV_acquire: oldStd=0x5 freq=557000 -> ATSC 1.0
1778318258.183000 >>> sony_cxd6801_integ_atsc_Tune
1778318258.183000 >>> sony_cxd6801_demod_atsc_Tune
1778318258.183000 >>> sony_cxd6801_demod_SetStreamOutput
1778318258.183000 W1 i2c=0xd8 reg=0x0 val=0x0
1778318258.183000 W  i2c=0xd8 reg=0x0 len=1 data=00
1778318258.184000 R  i2c=0xd8 reg=0xa9 len=1
1778318258.187000 R= ret=0 data=00
1778318258.187000 W1 i2c=0xd8 reg=0x0 val=0x0
1778318258.187000 W  i2c=0xd8 reg=0x0 len=1 data=00
1778318258.188000 W1 i2c=0xd8 reg=0xc3 val=0x1
1778318258.188000 W  i2c=0xd8 reg=0xc3 len=1 data=01
1778318258.189000 <<< sony_cxd6801_demod_SetStreamOutput ret=0
1778318258.189000 <<< sony_cxd6801_demod_atsc_Tune ret=0
1778318258.189000 W1 i2c=0xdc reg=0x8 val=0x1
1778318258.189000 W  i2c=0xdc reg=0x8 len=1 data=01
1778318258.190000 B  i2c=0xc0 reg=0x74 val=0x2 mask=0x3
1778318258.190000 R  i2c=0xc0 reg=0x74 len=1
1778318258.193000 R= ret=0 data=11
1778318258.193000 W1 i2c=0xc0 reg=0x74 val=0x12
1778318258.193000 W  i2c=0xc0 reg=0x74 len=1 data=12
1778318258.194000 W  i2c=0xc0 reg=0x87 len=2 data=c4 40
1778318258.195000 W  i2c=0xc0 reg=0x91 len=2 data=10 20
1778318258.196000 W  i2c=0xc0 reg=0x9c len=2 data=00 00
1778318258.197000 W  i2c=0xc0 reg=0x5e len=9 data=ee 02 1e 67 03 b4 78 08
1778318258.198000 B  i2c=0xc0 reg=0x67 val=0x0 mask=0x6
1778318258.198000 R  i2c=0xc0 reg=0x67 len=1
1778318258.201000 R= ret=0 data=00
1778318258.201000 W1 i2c=0xc0 reg=0x67 val=0x0
1778318258.201000 W  i2c=0xc0 reg=0x67 len=1 data=00
1778318258.202000 W  i2c=0xc0 reg=0x68 len=17 data=00 88 00 0b 23 00 1a 1d
1778318258.255000 W1 i2c=0xc0 reg=0x88 val=0x0
1778318258.255000 W  i2c=0xc0 reg=0x88 len=1 data=00
1778318258.257000 W1 i2c=0xc0 reg=0x87 val=0xc0
1778318258.257000 W  i2c=0xc0 reg=0x87 len=1 data=c0
1778318258.257000 W1 i2c=0xdc reg=0x8 val=0x0
1778318258.258000 W  i2c=0xdc reg=0x8 len=1 data=00
1778318258.259000 W1 i2c=0x98 reg=0x0 val=0x1
1778318258.259000 W  i2c=0x98 reg=0x0 len=1 data=01
1778318258.260000 W1 i2c=0x98 reg=0x48 val=0x1
1778318258.260000 W  i2c=0x98 reg=0x48 len=1 data=01
1778318258.261000 W  i2c=0x98 reg=0xa len=6 data=b3 10 00 00 00 00
1778318258.262000 R  i2c=0x98 reg=0xa len=6
1778318258.266000 R= ret=0 data=30 00 00 00 00 b3
1778318258.266000 >>> sony_cxd6801_demod_SetStreamOutput
1778318258.266000 W1 i2c=0xd8 reg=0x0 val=0x0
1778318258.266000 W  i2c=0xd8 reg=0x0 len=1 data=00
1778318258.267000 R  i2c=0xd8 reg=0xa9 len=1
1778318258.271000 R= ret=0 data=00
1778318258.271000 W1 i2c=0xd8 reg=0x0 val=0x0
1778318258.271000 W  i2c=0xd8 reg=0x0 len=1 data=00
1778318258.272000 W1 i2c=0xd8 reg=0xc3 val=0x0
1778318258.272000 W  i2c=0xd8 reg=0xc3 len=1 data=00
1778318258.273000 <<< sony_cxd6801_demod_SetStreamOutput ret=0
1778318258.273000 W1 i2c=0x30 reg=0x0 val=0xf
1778318258.273000 W  i2c=0x30 reg=0x0 len=1 data=0f
1778318258.273000 R  i2c=0x30 reg=0x11 len=1
1778318258.277000 R= ret=0 data=00
1778318258.277000 W1 i2c=0x30 reg=0x0 val=0x9
1778318258.277000 W  i2c=0x30 reg=0x0 len=1 data=09
1778318258.278000 R  i2c=0x30 reg=0x62 len=1
1778318258.282000 R= ret=0 data=51
1778318258.282000 W1 i2c=0x30 reg=0x0 val=0xd
1778318258.282000 W  i2c=0x30 reg=0x0 len=1 data=0d
1778318258.283000 R  i2c=0x30 reg=0x86 len=1
1778318258.286000 R= ret=0 data=00
1778318258.296000 W1 i2c=0x30 reg=0x0 val=0xf
1778318258.296000 W  i2c=0x30 reg=0x0 len=1 data=0f
1778318258.297000 R  i2c=0x30 reg=0x11 len=1
1778318258.301000 R= ret=0 data=00
1778318258.301000 W1 i2c=0x30 reg=0x0 val=0x9
1778318258.301000 W  i2c=0x30 reg=0x0 len=1 data=09
1778318258.302000 R  i2c=0x30 reg=0x62 len=1
1778318258.305000 R= ret=0 data=51
1778318258.305000 W1 i2c=0x30 reg=0x0 val=0xd
1778318258.305000 W  i2c=0x30 reg=0x0 len=1 data=0d
1778318258.306000 R  i2c=0x30 reg=0x86 len=1
1778318258.310000 R= ret=0 data=00
1778318258.320000 W1 i2c=0x30 reg=0x0 val=0xf
1778318258.320000 W  i2c=0x30 reg=0x0 len=1 data=0f
1778318258.321000 R  i2c=0x30 reg=0x11 len=1
1778318258.325000 R= ret=0 data=00
1778318258.325000 W1 i2c=0x30 reg=0x0 val=0x9
1778318258.325000 W  i2c=0x30 reg=0x0 len=1 data=09
1778318258.326000 R  i2c=0x30 reg=0x62 len=1
1778318258.329000 R= ret=0 data=51
1778318258.329000 W1 i2c=0x30 reg=0x0 val=0xd
1778318258.329000 W  i2c=0x30 reg=0x0 len=1 data=0d
1778318258.330000 R  i2c=0x30 reg=0x86 len=1
1778318258.331000 W1 i2c=0x30 reg=0x0 val=0xf
1778318258.331000 W  i2c=0x30 reg=0x0 len=1 data=0f
1778318258.334000 R= ret=0 data=00
1778318258.335000 R  i2c=0x30 reg=0x11 len=1
1778318258.338000 R= ret=0 data=00
1778318258.338000 W1 i2c=0x30 reg=0x0 val=0x9
1778318258.338000 W  i2c=0x30 reg=0x0 len=1 data=09
1778318258.339000 R  i2c=0x30 reg=0x62 len=1
1778318258.342000 R= ret=0 data=51
1778318258.342000 W1 i2c=0x30 reg=0x0 val=0xd
1778318258.342000 W  i2c=0x30 reg=0x0 len=1 data=0d
1778318258.343000 R  i2c=0x30 reg=0x86 len=1
1778318258.344000 W1 i2c=0x30 reg=0x0 val=0xf
1778318258.344000 W  i2c=0x30 reg=0x0 len=1 data=0f
1778318258.347000 R= ret=0 data=00
1778318258.347000 W1 i2c=0x30 reg=0x0 val=0xd
1778318258.347000 W  i2c=0x30 reg=0x0 len=1 data=0d
1778318258.348000 R  i2c=0x30 reg=0x11 len=1
1778318258.349000 R  i2c=0x30 reg=0x86 len=1
1778318258.352000 R= ret=0 data=00
1778318258.352000 W1 i2c=0x30 reg=0x0 val=0x9
1778318258.352000 W  i2c=0x30 reg=0x0 len=1 data=09
1778318258.356000 R= ret=0 data=00
1778318258.356000 W1 i2c=0x30 reg=0x0 val=0xd
1778318258.356000 W  i2c=0x30 reg=0x0 len=1 data=0d
1778318258.357000 R  i2c=0x30 reg=0x62 len=1
1778318258.358000 R  i2c=0x30 reg=0x86 len=1
1778318258.361000 R= ret=0 data=00
1778318258.361000 W1 i2c=0xdc reg=0x8 val=0x1
1778318258.361000 W  i2c=0xdc reg=0x8 len=1 data=01
1778318258.365000 R= ret=0 data=00
1778318258.365000 W1 i2c=0x30 reg=0x0 val=0xd
1778318258.365000 W  i2c=0x30 reg=0x0 len=1 data=0d
1778318258.366000 W  i2c=0xc0 reg=0x87 len=2 data=c4 41
1778318258.366000 R  i2c=0x30 reg=0x86 len=1
1778318258.367000 W  i2c=0xc0 reg=0x59 len=2 data=05 01
1778318258.371000 R= ret=0 data=00
1778318258.372000 R  i2c=0xc0 reg=0x5b len=1
1778318258.375000 R= ret=0 data=2b
1778318258.375000 W  i2c=0xc0 reg=0x59 len=2 data=03 01
1778318258.376000 R  i2c=0xc0 reg=0x5b len=1
1778318258.380000 R= ret=0 data=08
1778318258.380000 W1 i2c=0xc0 reg=0x59 val=0x4
1778318258.380000 W  i2c=0xc0 reg=0x59 len=1 data=04
1778318258.381000 W1 i2c=0xc0 reg=0x88 val=0x0
1778318258.381000 W  i2c=0xc0 reg=0x88 len=1 data=00
1778318258.381000 W1 i2c=0x30 reg=0x0 val=0xf
1778318258.381000 W  i2c=0x30 reg=0x0 len=1 data=0f
1778318258.382000 W1 i2c=0xc0 reg=0x87 val=0xc0
1778318258.382000 W  i2c=0xc0 reg=0x87 len=1 data=c0
1778318258.383000 R  i2c=0xc0 reg=0x69 len=1
1778318258.383000 R  i2c=0x30 reg=0x11 len=1
1778318258.387000 R= ret=0 data=88
1778318258.387000 W1 i2c=0xdc reg=0x8 val=0x0
1778318258.387000 W  i2c=0xdc reg=0x8 len=1 data=00
1778318258.390000 R= ret=0 data=00
1778318258.390000 W1 i2c=0x30 reg=0x0 val=0x9
1778318258.390000 W  i2c=0x30 reg=0x0 len=1 data=09
1778318258.392000 R  i2c=0x30 reg=0x62 len=1
1778318258.395000 R= ret=0 data=51
1778318258.395000 W1 i2c=0x30 reg=0x0 val=0xd
1778318258.395000 W  i2c=0x30 reg=0x0 len=1 data=0d
1778318258.396000 R  i2c=0x30 reg=0x86 len=1
1778318258.400000 R= ret=0 data=00
1778318258.412000 W1 i2c=0x30 reg=0x0 val=0xf
1778318258.412000 W  i2c=0x30 reg=0x0 len=1 data=0f
1778318258.413000 R  i2c=0x30 reg=0x11 len=1
1778318258.416000 R= ret=0 data=00
1778318258.416000 W1 i2c=0x30 reg=0x0 val=0x9
1778318258.416000 W  i2c=0x30 reg=0x0 len=1 data=09
1778318258.417000 R  i2c=0x30 reg=0x62 len=1
1778318258.420000 R= ret=0 data=51
1778318258.420000 W1 i2c=0x30 reg=0x0 val=0xd
1778318258.420000 W  i2c=0x30 reg=0x0 len=1 data=0d
1778318258.421000 R  i2c=0x30 reg=0x86 len=1
1778318258.425000 R= ret=0 data=00
1778318258.435000 W1 i2c=0x30 reg=0x0 val=0xf
1778318258.435000 W  i2c=0x30 reg=0x0 len=1 data=0f
1778318258.436000 R  i2c=0x30 reg=0x11 len=1
1778318258.440000 R= ret=0 data=00
1778318258.440000 W1 i2c=0x30 reg=0x0 val=0x9
1778318258.440000 W  i2c=0x30 reg=0x0 len=1 data=09
1778318258.440000 R  i2c=0x30 reg=0x62 len=1
1778318258.444000 R= ret=0 data=51
1778318258.444000 W1 i2c=0x30 reg=0x0 val=0xd
1778318258.444000 W  i2c=0x30 reg=0x0 len=1 data=0d
1778318258.445000 R  i2c=0x30 reg=0x86 len=1
1778318258.448000 R= ret=0 data=00
1778318258.458000 W1 i2c=0x30 reg=0x0 val=0xf
1778318258.458000 W  i2c=0x30 reg=0x0 len=1 data=0f
1778318258.460000 R  i2c=0x30 reg=0x11 len=1
1778318258.463000 R= ret=0 data=00
1778318258.463000 W1 i2c=0x30 reg=0x0 val=0x9
1778318258.463000 W  i2c=0x30 reg=0x0 len=1 data=09
1778318258.464000 R  i2c=0x30 reg=0x62 len=1
1778318258.468000 R= ret=0 data=51
1778318258.468000 W1 i2c=0x30 reg=0x0 val=0xd
1778318258.468000 W  i2c=0x30 reg=0x0 len=1 data=0d
1778318258.469000 R  i2c=0x30 reg=0x86 len=1
1778318258.472000 R= ret=0 data=00
1778318258.484000 W1 i2c=0x30 reg=0x0 val=0xf
1778318258.484000 W  i2c=0x30 reg=0x0 len=1 data=0f
1778318258.485000 R  i2c=0x30 reg=0x11 len=1
1778318258.488000 R= ret=0 data=00
1778318258.488000 W1 i2c=0x30 reg=0x0 val=0x9
1778318258.488000 W  i2c=0x30 reg=0x0 len=1 data=09
1778318258.489000 R  i2c=0x30 reg=0x62 len=1
1778318258.492000 R= ret=0 data=51
1778318258.492000 W1 i2c=0x30 reg=0x0 val=0xd
1778318258.492000 W  i2c=0x30 reg=0x0 len=1 data=0d
1778318258.493000 R  i2c=0x30 reg=0x86 len=1
1778318258.497000 R= ret=0 data=00
1778318258.507000 W1 i2c=0x30 reg=0x0 val=0xf
1778318258.507000 W  i2c=0x30 reg=0x0 len=1 data=0f
1778318258.508000 R  i2c=0x30 reg=0x11 len=1
1778318258.511000 R= ret=0 data=00
1778318258.511000 W1 i2c=0x30 reg=0x0 val=0x9
1778318258.511000 W  i2c=0x30 reg=0x0 len=1 data=09
1778318258.512000 R  i2c=0x30 reg=0x62 len=1
1778318258.515000 R= ret=0 data=51
1778318258.515000 W1 i2c=0x30 reg=0x0 val=0xd
1778318258.515000 W  i2c=0x30 reg=0x0 len=1 data=0d
1778318258.516000 R  i2c=0x30 reg=0x86 len=1
1778318258.519000 R= ret=0 data=00
1778318258.530000 W1 i2c=0x30 reg=0x0 val=0xf
1778318258.530000 W  i2c=0x30 reg=0x0 len=1 data=0f
1778318258.531000 R  i2c=0x30 reg=0x11 len=1
1778318258.534000 R= ret=0 data=00
1778318258.534000 W1 i2c=0x30 reg=0x0 val=0x9
1778318258.534000 W  i2c=0x30 reg=0x0 len=1 data=09
1778318258.535000 R  i2c=0x30 reg=0x62 len=1
1778318258.539000 R= ret=0 data=51
1778318258.539000 W1 i2c=0x30 reg=0x0 val=0xd
1778318258.539000 W  i2c=0x30 reg=0x0 len=1 data=0d
1778318258.540000 R  i2c=0x30 reg=0x86 len=1
1778318258.543000 R= ret=0 data=00
1778318258.554000 W1 i2c=0x30 reg=0x0 val=0xf
1778318258.554000 W  i2c=0x30 reg=0x0 len=1 data=0f
1778318258.555000 R  i2c=0x30 reg=0x11 len=1
1778318258.558000 R= ret=0 data=00
1778318258.558000 W1 i2c=0x30 reg=0x0 val=0x9
1778318258.558000 W  i2c=0x30 reg=0x0 len=1 data=09
1778318258.559000 R  i2c=0x30 reg=0x62 len=1
1778318258.562000 R= ret=0 data=51
1778318258.562000 W1 i2c=0x30 reg=0x0 val=0xd
1778318258.562000 W  i2c=0x30 reg=0x0 len=1 data=0d
1778318258.563000 R  i2c=0x30 reg=0x86 len=1
1778318258.566000 R= ret=0 data=00
1778318258.577000 W1 i2c=0x30 reg=0x0 val=0xf
1778318258.577000 W  i2c=0x30 reg=0x0 len=1 data=0f
1778318258.578000 R  i2c=0x30 reg=0x11 len=1
1778318258.581000 R= ret=0 data=00
1778318258.581000 W1 i2c=0x30 reg=0x0 val=0x9
1778318258.581000 W  i2c=0x30 reg=0x0 len=1 data=09
1778318258.582000 R  i2c=0x30 reg=0x62 len=1
1778318258.586000 R= ret=0 data=51
1778318258.586000 W1 i2c=0x30 reg=0x0 val=0xd
1778318258.586000 W  i2c=0x30 reg=0x0 len=1 data=0d
1778318258.587000 R  i2c=0x30 reg=0x86 len=1
1778318258.590000 R= ret=0 data=00
1778318258.600000 W1 i2c=0x30 reg=0x0 val=0xf
1778318258.600000 W  i2c=0x30 reg=0x0 len=1 data=0f
1778318258.601000 R  i2c=0x30 reg=0x11 len=1
1778318258.604000 R= ret=0 data=00
1778318258.604000 W1 i2c=0x30 reg=0x0 val=0x9
1778318258.604000 W  i2c=0x30 reg=0x0 len=1 data=09
1778318258.605000 R  i2c=0x30 reg=0x62 len=1
1778318258.608000 R= ret=0 data=51
1778318258.608000 W1 i2c=0x30 reg=0x0 val=0xd
1778318258.608000 W  i2c=0x30 reg=0x0 len=1 data=0d
1778318258.609000 R  i2c=0x30 reg=0x86 len=1
1778318258.613000 R= ret=0 data=00
1778318258.623000 W1 i2c=0x30 reg=0x0 val=0xf
1778318258.623000 W  i2c=0x30 reg=0x0 len=1 data=0f
1778318258.624000 R  i2c=0x30 reg=0x11 len=1
1778318258.628000 R= ret=0 data=00
1778318258.628000 W1 i2c=0x30 reg=0x0 val=0x9
1778318258.628000 W  i2c=0x30 reg=0x0 len=1 data=09
1778318258.629000 R  i2c=0x30 reg=0x62 len=1
1778318258.632000 R= ret=0 data=51
1778318258.632000 W1 i2c=0x30 reg=0x0 val=0xd
1778318258.632000 W  i2c=0x30 reg=0x0 len=1 data=0d
1778318258.634000 R  i2c=0x30 reg=0x86 len=1
1778318258.637000 R= ret=0 data=00
1778318258.647000 W1 i2c=0x30 reg=0x0 val=0xf
1778318258.647000 W  i2c=0x30 reg=0x0 len=1 data=0f
1778318258.648000 R  i2c=0x30 reg=0x11 len=1
1778318258.652000 R= ret=0 data=00
1778318258.652000 W1 i2c=0x30 reg=0x0 val=0x9
1778318258.652000 W  i2c=0x30 reg=0x0 len=1 data=09
1778318258.653000 R  i2c=0x30 reg=0x62 len=1
1778318258.656000 R= ret=0 data=51
1778318258.656000 W1 i2c=0x30 reg=0x0 val=0xd
1778318258.656000 W  i2c=0x30 reg=0x0 len=1 data=0d
1778318258.657000 R  i2c=0x30 reg=0x86 len=1
1778318258.661000 R= ret=0 data=00
1778318258.671000 W1 i2c=0x30 reg=0x0 val=0xf
1778318258.672000 W  i2c=0x30 reg=0x0 len=1 data=0f
1778318258.673000 R  i2c=0x30 reg=0x11 len=1
1778318258.681000 R= ret=0 data=00
1778318258.681000 W1 i2c=0x30 reg=0x0 val=0x9
1778318258.681000 W  i2c=0x30 reg=0x0 len=1 data=09
1778318258.682000 R  i2c=0x30 reg=0x62 len=1
1778318258.685000 R= ret=0 data=51
1778318258.685000 W1 i2c=0x30 reg=0x0 val=0xd
1778318258.685000 W  i2c=0x30 reg=0x0 len=1 data=0d
1778318258.686000 R  i2c=0x30 reg=0x86 len=1
1778318258.689000 R= ret=0 data=00
1778318258.699000 W1 i2c=0x30 reg=0x0 val=0xf
1778318258.699000 W  i2c=0x30 reg=0x0 len=1 data=0f
1778318258.700000 R  i2c=0x30 reg=0x11 len=1
1778318258.703000 R= ret=0 data=00
1778318258.703000 W1 i2c=0x30 reg=0x0 val=0x9
1778318258.703000 W  i2c=0x30 reg=0x0 len=1 data=09
1778318258.704000 R  i2c=0x30 reg=0x62 len=1
1778318258.708000 R= ret=0 data=51
1778318258.708000 W1 i2c=0x30 reg=0x0 val=0xd
1778318258.708000 W  i2c=0x30 reg=0x0 len=1 data=0d
1778318258.709000 R  i2c=0x30 reg=0x86 len=1
1778318258.712000 R= ret=0 data=00
1778318258.724000 W1 i2c=0x30 reg=0x0 val=0xf
1778318258.724000 W  i2c=0x30 reg=0x0 len=1 data=0f
1778318258.725000 R  i2c=0x30 reg=0x11 len=1
1778318258.728000 R= ret=0 data=00
1778318258.728000 W1 i2c=0x30 reg=0x0 val=0x9
1778318258.728000 W  i2c=0x30 reg=0x0 len=1 data=09
1778318258.728000 R  i2c=0x30 reg=0x62 len=1
1778318258.732000 R= ret=0 data=51
1778318258.732000 W1 i2c=0x30 reg=0x0 val=0xd
1778318258.732000 W  i2c=0x30 reg=0x0 len=1 data=0d
1778318258.732000 R  i2c=0x30 reg=0x86 len=1
1778318258.736000 R= ret=0 data=00
1778318258.746000 W1 i2c=0x30 reg=0x0 val=0xf
1778318258.746000 W  i2c=0x30 reg=0x0 len=1 data=0f
1778318258.747000 R  i2c=0x30 reg=0x11 len=1
1778318258.750000 R= ret=0 data=00
1778318258.750000 W1 i2c=0x30 reg=0x0 val=0x9
1778318258.750000 W  i2c=0x30 reg=0x0 len=1 data=09
1778318258.751000 R  i2c=0x30 reg=0x62 len=1
1778318258.754000 R= ret=0 data=51
1778318258.754000 W1 i2c=0x30 reg=0x0 val=0xd
1778318258.754000 W  i2c=0x30 reg=0x0 len=1 data=0d
1778318258.756000 R  i2c=0x30 reg=0x86 len=1
1778318258.759000 R= ret=0 data=00
1778318258.770000 W1 i2c=0x30 reg=0x0 val=0xf
1778318258.770000 W  i2c=0x30 reg=0x0 len=1 data=0f
1778318258.771000 R  i2c=0x30 reg=0x11 len=1
1778318258.774000 R= ret=0 data=00
1778318258.774000 W1 i2c=0x30 reg=0x0 val=0x9
1778318258.774000 W  i2c=0x30 reg=0x0 len=1 data=09
1778318258.775000 R  i2c=0x30 reg=0x62 len=1
1778318258.778000 R= ret=0 data=51
1778318258.778000 W1 i2c=0x30 reg=0x0 val=0xd
1778318258.778000 W  i2c=0x30 reg=0x0 len=1 data=0d
1778318258.779000 R  i2c=0x30 reg=0x86 len=1
1778318258.782000 R= ret=0 data=00
1778318258.792000 W1 i2c=0x30 reg=0x0 val=0xf
1778318258.793000 W  i2c=0x30 reg=0x0 len=1 data=0f
1778318258.794000 R  i2c=0x30 reg=0x11 len=1
1778318258.797000 R= ret=0 data=00
1778318258.797000 W1 i2c=0x30 reg=0x0 val=0x9
1778318258.797000 W  i2c=0x30 reg=0x0 len=1 data=09
1778318258.798000 R  i2c=0x30 reg=0x62 len=1
1778318258.801000 R= ret=0 data=51
1778318258.802000 W1 i2c=0x30 reg=0x0 val=0xd
1778318258.802000 W  i2c=0x30 reg=0x0 len=1 data=0d
1778318258.802000 R  i2c=0x30 reg=0x86 len=1
1778318258.806000 R= ret=0 data=00
1778318258.818000 W1 i2c=0x30 reg=0x0 val=0xf
1778318258.818000 W  i2c=0x30 reg=0x0 len=1 data=0f
1778318258.819000 R  i2c=0x30 reg=0x11 len=1
1778318258.822000 R= ret=0 data=00
1778318258.822000 W1 i2c=0x30 reg=0x0 val=0x9
1778318258.823000 W  i2c=0x30 reg=0x0 len=1 data=09
1778318258.823000 R  i2c=0x30 reg=0x62 len=1
1778318258.827000 R= ret=0 data=51
1778318258.827000 W1 i2c=0x30 reg=0x0 val=0xd
1778318258.827000 W  i2c=0x30 reg=0x0 len=1 data=0d
1778318258.828000 R  i2c=0x30 reg=0x86 len=1
1778318258.831000 R= ret=0 data=00
1778318258.842000 W1 i2c=0x30 reg=0x0 val=0xf
1778318258.842000 W  i2c=0x30 reg=0x0 len=1 data=0f
1778318258.843000 R  i2c=0x30 reg=0x11 len=1
1778318258.847000 R= ret=0 data=00
1778318258.847000 W1 i2c=0x30 reg=0x0 val=0x9
1778318258.847000 W  i2c=0x30 reg=0x0 len=1 data=09
1778318258.848000 R  i2c=0x30 reg=0x62 len=1
1778318258.851000 R= ret=0 data=51
1778318258.851000 W1 i2c=0x30 reg=0x0 val=0xd
1778318258.851000 W  i2c=0x30 reg=0x0 len=1 data=0d
1778318258.852000 R  i2c=0x30 reg=0x86 len=1
1778318258.856000 R= ret=0 data=00
1778318258.866000 W1 i2c=0x30 reg=0x0 val=0xf
1778318258.866000 W  i2c=0x30 reg=0x0 len=1 data=0f
1778318258.867000 R  i2c=0x30 reg=0x11 len=1
1778318258.871000 R= ret=0 data=00
1778318258.871000 W1 i2c=0x30 reg=0x0 val=0x9
1778318258.871000 W  i2c=0x30 reg=0x0 len=1 data=09
1778318258.872000 R  i2c=0x30 reg=0x62 len=1
1778318258.876000 R= ret=0 data=51
1778318258.876000 W1 i2c=0x30 reg=0x0 val=0xd
1778318258.876000 W  i2c=0x30 reg=0x0 len=1 data=0d
1778318258.877000 R  i2c=0x30 reg=0x86 len=1
1778318258.880000 R= ret=0 data=00
1778318258.891000 W1 i2c=0x30 reg=0x0 val=0xf
1778318258.891000 W  i2c=0x30 reg=0x0 len=1 data=0f
1778318258.892000 R  i2c=0x30 reg=0x11 len=1
1778318258.895000 R= ret=0 data=00
1778318258.895000 W1 i2c=0x30 reg=0x0 val=0x9
1778318258.895000 W  i2c=0x30 reg=0x0 len=1 data=09
1778318258.896000 R  i2c=0x30 reg=0x62 len=1
1778318258.900000 R= ret=0 data=51
1778318258.900000 W1 i2c=0x30 reg=0x0 val=0xd
1778318258.900000 W  i2c=0x30 reg=0x0 len=1 data=0d
1778318258.901000 R  i2c=0x30 reg=0x86 len=1
1778318258.904000 R= ret=0 data=00
1778318258.915000 W1 i2c=0x30 reg=0x0 val=0xf
1778318258.915000 W  i2c=0x30 reg=0x0 len=1 data=0f
1778318258.916000 R  i2c=0x30 reg=0x11 len=1
1778318258.919000 R= ret=0 data=00
1778318258.919000 W1 i2c=0x30 reg=0x0 val=0x9
1778318258.919000 W  i2c=0x30 reg=0x0 len=1 data=09
1778318258.920000 R  i2c=0x30 reg=0x62 len=1
1778318258.923000 R= ret=0 data=51
1778318258.923000 W1 i2c=0x30 reg=0x0 val=0xd
1778318258.923000 W  i2c=0x30 reg=0x0 len=1 data=0d
1778318258.924000 R  i2c=0x30 reg=0x86 len=1
1778318258.927000 R= ret=0 data=00
1778318258.938000 W1 i2c=0x30 reg=0x0 val=0xf
1778318258.938000 W  i2c=0x30 reg=0x0 len=1 data=0f
1778318258.939000 R  i2c=0x30 reg=0x11 len=1
1778318258.942000 R= ret=0 data=00
1778318258.942000 W1 i2c=0x30 reg=0x0 val=0x9
1778318258.942000 W  i2c=0x30 reg=0x0 len=1 data=09
1778318258.943000 R  i2c=0x30 reg=0x62 len=1
1778318258.946000 R= ret=0 data=51
1778318258.946000 W1 i2c=0x30 reg=0x0 val=0xd
1778318258.946000 W  i2c=0x30 reg=0x0 len=1 data=0d
1778318258.947000 R  i2c=0x30 reg=0x86 len=1
1778318258.950000 R= ret=0 data=00
1778318258.962000 W1 i2c=0x30 reg=0x0 val=0xf
1778318258.962000 W  i2c=0x30 reg=0x0 len=1 data=0f
1778318258.963000 R  i2c=0x30 reg=0x11 len=1
1778318258.967000 R= ret=0 data=00
1778318258.967000 W1 i2c=0x30 reg=0x0 val=0x9
1778318258.967000 W  i2c=0x30 reg=0x0 len=1 data=09
1778318258.968000 R  i2c=0x30 reg=0x62 len=1
1778318258.971000 R= ret=0 data=51
1778318258.971000 W1 i2c=0x30 reg=0x0 val=0xd
1778318258.971000 W  i2c=0x30 reg=0x0 len=1 data=0d
1778318258.972000 R  i2c=0x30 reg=0x86 len=1
1778318258.976000 R= ret=0 data=00
1778318258.986000 W1 i2c=0x30 reg=0x0 val=0xf
1778318258.986000 W  i2c=0x30 reg=0x0 len=1 data=0f
1778318258.987000 R  i2c=0x30 reg=0x11 len=1
1778318258.990000 R= ret=0 data=00
1778318258.990000 W1 i2c=0x30 reg=0x0 val=0x9
1778318258.990000 W  i2c=0x30 reg=0x0 len=1 data=09
1778318258.991000 R  i2c=0x30 reg=0x62 len=1
1778318258.995000 R= ret=0 data=51
1778318258.995000 W1 i2c=0x30 reg=0x0 val=0xd
1778318258.995000 W  i2c=0x30 reg=0x0 len=1 data=0d
1778318258.995000 R  i2c=0x30 reg=0x86 len=1
1778318258.999000 R= ret=0 data=00
1778318259.010000 W1 i2c=0x30 reg=0x0 val=0xf
1778318259.010000 W  i2c=0x30 reg=0x0 len=1 data=0f
1778318259.011000 R  i2c=0x30 reg=0x11 len=1
1778318259.014000 R= ret=0 data=00
1778318259.014000 W1 i2c=0x30 reg=0x0 val=0x9
1778318259.014000 W  i2c=0x30 reg=0x0 len=1 data=09
1778318259.015000 R  i2c=0x30 reg=0x62 len=1
1778318259.018000 R= ret=0 data=51
1778318259.018000 W1 i2c=0x30 reg=0x0 val=0xd
1778318259.018000 W  i2c=0x30 reg=0x0 len=1 data=0d
1778318259.019000 R  i2c=0x30 reg=0x86 len=1
1778318259.023000 R= ret=0 data=00
1778318259.033000 W1 i2c=0x30 reg=0x0 val=0xf
1778318259.033000 W  i2c=0x30 reg=0x0 len=1 data=0f
1778318259.034000 R  i2c=0x30 reg=0x11 len=1
1778318259.037000 R= ret=0 data=00
1778318259.037000 W1 i2c=0x30 reg=0x0 val=0x9
1778318259.037000 W  i2c=0x30 reg=0x0 len=1 data=09
1778318259.038000 R  i2c=0x30 reg=0x62 len=1
1778318259.042000 R= ret=0 data=51
1778318259.042000 W1 i2c=0x30 reg=0x0 val=0xd
1778318259.042000 W  i2c=0x30 reg=0x0 len=1 data=0d
1778318259.043000 R  i2c=0x30 reg=0x86 len=1
1778318259.047000 R= ret=0 data=00
1778318259.057000 W1 i2c=0x30 reg=0x0 val=0xf
1778318259.057000 W  i2c=0x30 reg=0x0 len=1 data=0f
1778318259.058000 R  i2c=0x30 reg=0x11 len=1
1778318259.062000 R= ret=0 data=00
1778318259.062000 W1 i2c=0x30 reg=0x0 val=0x9
1778318259.062000 W  i2c=0x30 reg=0x0 len=1 data=09
1778318259.063000 R  i2c=0x30 reg=0x62 len=1
1778318259.066000 R= ret=0 data=51
1778318259.066000 W1 i2c=0x30 reg=0x0 val=0xd
1778318259.066000 W  i2c=0x30 reg=0x0 len=1 data=0d
1778318259.067000 R  i2c=0x30 reg=0x86 len=1
1778318259.070000 R= ret=0 data=00
1778318259.081000 W1 i2c=0x30 reg=0x0 val=0xf
1778318259.081000 W  i2c=0x30 reg=0x0 len=1 data=0f
1778318259.081000 R  i2c=0x30 reg=0x11 len=1
1778318259.085000 R= ret=0 data=00
1778318259.085000 W1 i2c=0x30 reg=0x0 val=0x9
1778318259.085000 W  i2c=0x30 reg=0x0 len=1 data=09
1778318259.086000 R  i2c=0x30 reg=0x62 len=1
1778318259.089000 R= ret=0 data=51
1778318259.089000 W1 i2c=0x30 reg=0x0 val=0xd
1778318259.089000 W  i2c=0x30 reg=0x0 len=1 data=0d
1778318259.090000 R  i2c=0x30 reg=0x86 len=1
1778318259.093000 R= ret=0 data=00
1778318259.104000 W1 i2c=0x30 reg=0x0 val=0xf
1778318259.104000 W  i2c=0x30 reg=0x0 len=1 data=0f
1778318259.105000 R  i2c=0x30 reg=0x11 len=1
1778318259.108000 R= ret=0 data=00
1778318259.108000 W1 i2c=0x30 reg=0x0 val=0x9
1778318259.108000 W  i2c=0x30 reg=0x0 len=1 data=09
1778318259.109000 R  i2c=0x30 reg=0x62 len=1
1778318259.113000 R= ret=0 data=51
1778318259.113000 W1 i2c=0x30 reg=0x0 val=0xd
1778318259.113000 W  i2c=0x30 reg=0x0 len=1 data=0d
1778318259.114000 R  i2c=0x30 reg=0x86 len=1
1778318259.117000 R= ret=0 data=00
1778318259.128000 W1 i2c=0x30 reg=0x0 val=0xf
1778318259.128000 W  i2c=0x30 reg=0x0 len=1 data=0f
1778318259.129000 R  i2c=0x30 reg=0x11 len=1
1778318259.132000 R= ret=0 data=00
1778318259.133000 W1 i2c=0x30 reg=0x0 val=0x9
1778318259.133000 W  i2c=0x30 reg=0x0 len=1 data=09
1778318259.133000 R  i2c=0x30 reg=0x62 len=1
1778318259.137000 R= ret=0 data=51
1778318259.137000 W1 i2c=0x30 reg=0x0 val=0xd
1778318259.137000 W  i2c=0x30 reg=0x0 len=1 data=0d
1778318259.138000 R  i2c=0x30 reg=0x86 len=1
1778318259.141000 R= ret=0 data=00
1778318259.152000 W1 i2c=0x30 reg=0x0 val=0xf
1778318259.152000 W  i2c=0x30 reg=0x0 len=1 data=0f
1778318259.153000 R  i2c=0x30 reg=0x11 len=1
1778318259.156000 R= ret=0 data=00
1778318259.156000 W1 i2c=0x30 reg=0x0 val=0x9
1778318259.156000 W  i2c=0x30 reg=0x0 len=1 data=09
1778318259.157000 R  i2c=0x30 reg=0x62 len=1
1778318259.160000 R= ret=0 data=51
1778318259.160000 W1 i2c=0x30 reg=0x0 val=0xd
1778318259.160000 W  i2c=0x30 reg=0x0 len=1 data=0d
1778318259.161000 R  i2c=0x30 reg=0x86 len=1
1778318259.164000 R= ret=0 data=00
1778318259.174000 W1 i2c=0x30 reg=0x0 val=0xf
1778318259.174000 W  i2c=0x30 reg=0x0 len=1 data=0f
1778318259.175000 R  i2c=0x30 reg=0x11 len=1
1778318259.179000 R= ret=0 data=00
1778318259.179000 W1 i2c=0x30 reg=0x0 val=0x9
1778318259.179000 W  i2c=0x30 reg=0x0 len=1 data=09
1778318259.180000 R  i2c=0x30 reg=0x62 len=1
1778318259.183000 R= ret=0 data=51
1778318259.183000 W1 i2c=0x30 reg=0x0 val=0xd
1778318259.183000 W  i2c=0x30 reg=0x0 len=1 data=0d
1778318259.184000 R  i2c=0x30 reg=0x86 len=1
1778318259.187000 R= ret=0 data=00
1778318259.191000 W1 i2c=0x30 reg=0x0 val=0xf
1778318259.191000 W  i2c=0x30 reg=0x0 len=1 data=0f
1778318259.192000 R  i2c=0x30 reg=0x11 len=1
1778318259.196000 R= ret=0 data=00
1778318259.196000 W1 i2c=0x30 reg=0x0 val=0x9
1778318259.196000 W  i2c=0x30 reg=0x0 len=1 data=09
1778318259.197000 R  i2c=0x30 reg=0x62 len=1
1778318259.197000 W1 i2c=0x30 reg=0x0 val=0xf
1778318259.197000 W  i2c=0x30 reg=0x0 len=1 data=0f
1778318259.200000 R= ret=0 data=51
1778318259.200000 W1 i2c=0x30 reg=0x0 val=0xd
1778318259.200000 W  i2c=0x30 reg=0x0 len=1 data=0d
1778318259.201000 R  i2c=0x30 reg=0x11 len=1
1778318259.202000 R  i2c=0x30 reg=0x86 len=1
1778318259.205000 R= ret=0 data=00
1778318259.205000 W1 i2c=0x30 reg=0x0 val=0xd
1778318259.205000 W  i2c=0x30 reg=0x0 len=1 data=0d
1778318259.209000 R= ret=0 data=00
1778318259.209000 W1 i2c=0x30 reg=0x0 val=0x9
1778318259.209000 W  i2c=0x30 reg=0x0 len=1 data=09
1778318259.209000 R  i2c=0x30 reg=0x86 len=1
1778318259.210000 R  i2c=0x30 reg=0x62 len=1
1778318259.214000 R= ret=0 data=00
1778318259.214000 W1 i2c=0x30 reg=0x0 val=0xd
1778318259.214000 W  i2c=0x30 reg=0x0 len=1 data=0d
1778318259.217000 R= ret=0 data=51
1778318259.217000 W1 i2c=0x30 reg=0x0 val=0xd
1778318259.217000 W  i2c=0x30 reg=0x0 len=1 data=0d
1778318259.218000 R  i2c=0x30 reg=0x86 len=1
1778318259.219000 R  i2c=0x30 reg=0x86 len=1
1778318259.222000 R= ret=0 data=00
1778318259.222000 W1 i2c=0xdc reg=0x8 val=0x1
1778318259.222000 W  i2c=0xdc reg=0x8 len=1 data=01
1778318259.226000 R= ret=0 data=00
1778318259.226000 W  i2c=0xc0 reg=0x87 len=2 data=c4 41
1778318259.227000 W  i2c=0xc0 reg=0x59 len=2 data=05 01
1778318259.228000 R  i2c=0xc0 reg=0x5b len=1
1778318259.231000 R= ret=0 data=2a
1778318259.231000 W  i2c=0xc0 reg=0x59 len=2 data=03 01
1778318259.233000 R  i2c=0xc0 reg=0x5b len=1
1778318259.236000 W1 i2c=0x30 reg=0x0 val=0xf
1778318259.236000 W  i2c=0x30 reg=0x0 len=1 data=0f
1778318259.237000 R= ret=0 data=08
1778318259.237000 W1 i2c=0xc0 reg=0x59 val=0x4
1778318259.237000 W  i2c=0xc0 reg=0x59 len=1 data=04
1778318259.238000 R  i2c=0x30 reg=0x11 len=1
1778318259.238000 W1 i2c=0xc0 reg=0x88 val=0x0
1778318259.238000 W  i2c=0xc0 reg=0x88 len=1 data=00
1778318259.242000 R= ret=0 data=00
1778318259.242000 W1 i2c=0x30 reg=0x0 val=0x9
1778318259.242000 W  i2c=0x30 reg=0x0 len=1 data=09
1778318259.243000 W1 i2c=0xc0 reg=0x87 val=0xc0
1778318259.243000 W  i2c=0xc0 reg=0x87 len=1 data=c0
1778318259.244000 R  i2c=0x30 reg=0x62 len=1
1778318259.245000 R  i2c=0xc0 reg=0x69 len=1
1778318259.248000 R= ret=0 data=88
1778318259.248000 W1 i2c=0xdc reg=0x8 val=0x0
1778318259.248000 W  i2c=0xdc reg=0x8 len=1 data=00
1778318259.252000 R= ret=0 data=51
1778318259.252000 W1 i2c=0x30 reg=0x0 val=0xd
1778318259.252000 W  i2c=0x30 reg=0x0 len=1 data=0d
1778318259.253000 R  i2c=0x30 reg=0x86 len=1
1778318259.257000 R= ret=0 data=00
1778318259.267000 W1 i2c=0x30 reg=0x0 val=0xf
1778318259.267000 W  i2c=0x30 reg=0x0 len=1 data=0f
1778318259.268000 R  i2c=0x30 reg=0x11 len=1
1778318259.272000 R= ret=0 data=00
1778318259.272000 W1 i2c=0x30 reg=0x0 val=0x9
1778318259.272000 W  i2c=0x30 reg=0x0 len=1 data=09
1778318259.272000 R  i2c=0x30 reg=0x62 len=1
1778318259.276000 R= ret=0 data=51
1778318259.276000 W1 i2c=0x30 reg=0x0 val=0xd
1778318259.276000 W  i2c=0x30 reg=0x0 len=1 data=0d
1778318259.276000 R  i2c=0x30 reg=0x86 len=1
1778318259.280000 R= ret=0 data=00
1778318259.291000 W1 i2c=0x30 reg=0x0 val=0xf
1778318259.291000 W  i2c=0x30 reg=0x0 len=1 data=0f
1778318259.292000 R  i2c=0x30 reg=0x11 len=1
1778318259.295000 R= ret=0 data=00
1778318259.295000 W1 i2c=0x30 reg=0x0 val=0x9
1778318259.295000 W  i2c=0x30 reg=0x0 len=1 data=09
1778318259.296000 R  i2c=0x30 reg=0x62 len=1
1778318259.300000 R= ret=0 data=51
1778318259.300000 W1 i2c=0x30 reg=0x0 val=0xd
1778318259.300000 W  i2c=0x30 reg=0x0 len=1 data=0d
1778318259.300000 R  i2c=0x30 reg=0x86 len=1
1778318259.304000 R= ret=0 data=00
1778318259.315000 W1 i2c=0x30 reg=0x0 val=0xf
1778318259.315000 W  i2c=0x30 reg=0x0 len=1 data=0f
1778318259.316000 R  i2c=0x30 reg=0x11 len=1
1778318259.320000 R= ret=0 data=00
1778318259.320000 W1 i2c=0x30 reg=0x0 val=0x9
1778318259.320000 W  i2c=0x30 reg=0x0 len=1 data=09
1778318259.320000 R  i2c=0x30 reg=0x62 len=1
1778318259.324000 R= ret=0 data=51
1778318259.324000 W1 i2c=0x30 reg=0x0 val=0xd
1778318259.324000 W  i2c=0x30 reg=0x0 len=1 data=0d
1778318259.325000 R  i2c=0x30 reg=0x86 len=1
1778318259.328000 R= ret=0 data=00
1778318259.339000 W1 i2c=0x30 reg=0x0 val=0xf
1778318259.339000 W  i2c=0x30 reg=0x0 len=1 data=0f
1778318259.340000 R  i2c=0x30 reg=0x11 len=1
1778318259.344000 R= ret=0 data=00
1778318259.344000 W1 i2c=0x30 reg=0x0 val=0x9
1778318259.344000 W  i2c=0x30 reg=0x0 len=1 data=09
1778318259.345000 R  i2c=0x30 reg=0x62 len=1
1778318259.348000 R= ret=0 data=51
1778318259.348000 W1 i2c=0x30 reg=0x0 val=0xd
1778318259.348000 W  i2c=0x30 reg=0x0 len=1 data=0d
1778318259.349000 R  i2c=0x30 reg=0x86 len=1
1778318259.352000 R= ret=0 data=00
1778318259.362000 W1 i2c=0x30 reg=0x0 val=0xf
1778318259.362000 W  i2c=0x30 reg=0x0 len=1 data=0f
1778318259.363000 R  i2c=0x30 reg=0x11 len=1
1778318259.367000 R= ret=0 data=00
1778318259.367000 W1 i2c=0x30 reg=0x0 val=0x9
1778318259.367000 W  i2c=0x30 reg=0x0 len=1 data=09
1778318259.368000 R  i2c=0x30 reg=0x62 len=1
1778318259.372000 R= ret=0 data=51
1778318259.372000 W1 i2c=0x30 reg=0x0 val=0xd
1778318259.372000 W  i2c=0x30 reg=0x0 len=1 data=0d
1778318259.373000 R  i2c=0x30 reg=0x86 len=1
1778318259.376000 R= ret=0 data=00
1778318259.387000 W1 i2c=0x30 reg=0x0 val=0xf
1778318259.387000 W  i2c=0x30 reg=0x0 len=1 data=0f
1778318259.388000 R  i2c=0x30 reg=0x11 len=1
1778318259.392000 R= ret=0 data=00
1778318259.392000 W1 i2c=0x30 reg=0x0 val=0x9
1778318259.392000 W  i2c=0x30 reg=0x0 len=1 data=09
1778318259.392000 R  i2c=0x30 reg=0x62 len=1
1778318259.396000 R= ret=0 data=51
1778318259.396000 W1 i2c=0x30 reg=0x0 val=0xd
1778318259.396000 W  i2c=0x30 reg=0x0 len=1 data=0d
1778318259.397000 R  i2c=0x30 reg=0x86 len=1
1778318259.400000 R= ret=0 data=00
1778318259.412000 W1 i2c=0x30 reg=0x0 val=0xf
1778318259.412000 W  i2c=0x30 reg=0x0 len=1 data=0f
1778318259.413000 R  i2c=0x30 reg=0x11 len=1
1778318259.416000 R= ret=0 data=00
1778318259.417000 W1 i2c=0x30 reg=0x0 val=0x9
1778318259.417000 W  i2c=0x30 reg=0x0 len=1 data=09
1778318259.417000 R  i2c=0x30 reg=0x62 len=1
1778318259.421000 R= ret=0 data=51
1778318259.421000 W1 i2c=0x30 reg=0x0 val=0xd
1778318259.421000 W  i2c=0x30 reg=0x0 len=1 data=0d
1778318259.422000 R  i2c=0x30 reg=0x86 len=1
1778318259.425000 R= ret=0 data=00
1778318259.435000 W1 i2c=0x30 reg=0x0 val=0xf
1778318259.435000 W  i2c=0x30 reg=0x0 len=1 data=0f
1778318259.436000 R  i2c=0x30 reg=0x11 len=1
1778318259.440000 R= ret=0 data=00
1778318259.440000 W1 i2c=0x30 reg=0x0 val=0x9
1778318259.440000 W  i2c=0x30 reg=0x0 len=1 data=09
1778318259.441000 R  i2c=0x30 reg=0x62 len=1
1778318259.444000 R= ret=0 data=51
1778318259.444000 W1 i2c=0x30 reg=0x0 val=0xd
1778318259.444000 W  i2c=0x30 reg=0x0 len=1 data=0d
1778318259.445000 R  i2c=0x30 reg=0x86 len=1
1778318259.449000 R= ret=0 data=00
1778318259.459000 W1 i2c=0x30 reg=0x0 val=0xf
1778318259.459000 W  i2c=0x30 reg=0x0 len=1 data=0f
1778318259.460000 R  i2c=0x30 reg=0x11 len=1
1778318259.464000 R= ret=0 data=00
1778318259.464000 W1 i2c=0x30 reg=0x0 val=0x9
1778318259.464000 W  i2c=0x30 reg=0x0 len=1 data=09
1778318259.465000 R  i2c=0x30 reg=0x62 len=1
1778318259.468000 R= ret=0 data=51
1778318259.468000 W1 i2c=0x30 reg=0x0 val=0xd
1778318259.468000 W  i2c=0x30 reg=0x0 len=1 data=0d
1778318259.469000 R  i2c=0x30 reg=0x86 len=1
1778318259.473000 R= ret=0 data=00
1778318259.483000 W1 i2c=0x30 reg=0x0 val=0xf
1778318259.483000 W  i2c=0x30 reg=0x0 len=1 data=0f
1778318259.484000 R  i2c=0x30 reg=0x11 len=1
1778318259.488000 R= ret=0 data=00
1778318259.488000 W1 i2c=0x30 reg=0x0 val=0x9
1778318259.488000 W  i2c=0x30 reg=0x0 len=1 data=09
1778318259.489000 R  i2c=0x30 reg=0x62 len=1
1778318259.492000 R= ret=0 data=51
1778318259.492000 W1 i2c=0x30 reg=0x0 val=0xd
1778318259.492000 W  i2c=0x30 reg=0x0 len=1 data=0d
1778318259.493000 R  i2c=0x30 reg=0x86 len=1
1778318259.496000 R= ret=0 data=00
1778318259.496000 <<< sony_cxd6801_integ_atsc_Tune ret=5
1778318259.496000 DRV_acquire ret=5
1778318260.053000 W1 i2c=0x30 reg=0x0 val=0xf
1778318260.053000 W  i2c=0x30 reg=0x0 len=1 data=0f
1778318260.054000 R  i2c=0x30 reg=0x11 len=1
1778318260.058000 R= ret=0 data=00
1778318260.058000 W1 i2c=0x30 reg=0x0 val=0x9
1778318260.058000 W  i2c=0x30 reg=0x0 len=1 data=09
1778318260.059000 R  i2c=0x30 reg=0x62 len=1
1778318260.063000 R= ret=0 data=51
1778318260.063000 W1 i2c=0x30 reg=0x0 val=0xd
1778318260.063000 W  i2c=0x30 reg=0x0 len=1 data=0d
1778318260.064000 R  i2c=0x30 reg=0x86 len=1
1778318260.067000 R= ret=0 data=00
1778318260.067000 W1 i2c=0x30 reg=0x0 val=0xd
1778318260.067000 W  i2c=0x30 reg=0x0 len=1 data=0d
1778318260.068000 R  i2c=0x30 reg=0x86 len=1
1778318260.072000 R= ret=0 data=00
1778318260.072000 W1 i2c=0x30 reg=0x0 val=0xd
1778318260.072000 W  i2c=0x30 reg=0x0 len=1 data=0d
1778318260.073000 R  i2c=0x30 reg=0x86 len=1
1778318260.077000 R= ret=0 data=00
1778318260.077000 W1 i2c=0xdc reg=0x8 val=0x1
1778318260.077000 W  i2c=0xdc reg=0x8 len=1 data=01
1778318260.078000 W  i2c=0xc0 reg=0x87 len=2 data=c4 41
1778318260.079000 W  i2c=0xc0 reg=0x59 len=2 data=05 01
1778318260.080000 R  i2c=0xc0 reg=0x5b len=1
1778318260.083000 R= ret=0 data=2e
1778318260.083000 W  i2c=0xc0 reg=0x59 len=2 data=03 01
1778318260.084000 R  i2c=0xc0 reg=0x5b len=1
1778318260.087000 R= ret=0 data=08
1778318260.087000 W1 i2c=0xc0 reg=0x59 val=0x4
1778318260.087000 W  i2c=0xc0 reg=0x59 len=1 data=04
1778318260.088000 W1 i2c=0xc0 reg=0x88 val=0x0
1778318260.088000 W  i2c=0xc0 reg=0x88 len=1 data=00
1778318260.089000 W1 i2c=0xc0 reg=0x87 val=0xc0
1778318260.089000 W  i2c=0xc0 reg=0x87 len=1 data=c0
1778318260.090000 R  i2c=0xc0 reg=0x69 len=1
1778318260.093000 R= ret=0 data=88
1778318260.093000 W1 i2c=0xdc reg=0x8 val=0x0
1778318260.093000 W  i2c=0xdc reg=0x8 len=1 data=00
1778318260.894000 W1 i2c=0x30 reg=0x0 val=0xf
1778318260.894000 W  i2c=0x30 reg=0x0 len=1 data=0f
1778318260.896000 R  i2c=0x30 reg=0x11 len=1
1778318260.899000 R= ret=0 data=00
1778318260.899000 W1 i2c=0x30 reg=0x0 val=0x9
1778318260.900000 W  i2c=0x30 reg=0x0 len=1 data=09
1778318260.900000 R  i2c=0x30 reg=0x62 len=1
1778318260.904000 R= ret=0 data=51
1778318260.904000 W1 i2c=0x30 reg=0x0 val=0xd
1778318260.904000 W  i2c=0x30 reg=0x0 len=1 data=0d
1778318260.905000 R  i2c=0x30 reg=0x86 len=1
1778318260.908000 R= ret=0 data=00
1778318260.909000 W1 i2c=0x30 reg=0x0 val=0xd
1778318260.909000 W  i2c=0x30 reg=0x0 len=1 data=0d
1778318260.909000 R  i2c=0x30 reg=0x86 len=1
1778318260.913000 R= ret=0 data=00
1778318260.913000 W1 i2c=0x30 reg=0x0 val=0xd
1778318260.913000 W  i2c=0x30 reg=0x0 len=1 data=0d
1778318260.914000 R  i2c=0x30 reg=0x86 len=1
1778318260.917000 R= ret=0 data=00
1778318260.917000 W1 i2c=0xdc reg=0x8 val=0x1
1778318260.917000 W  i2c=0xdc reg=0x8 len=1 data=01
1778318260.918000 W  i2c=0xc0 reg=0x87 len=2 data=c4 41
1778318260.919000 W  i2c=0xc0 reg=0x59 len=2 data=05 01
1778318260.920000 R  i2c=0xc0 reg=0x5b len=1
1778318260.923000 R= ret=0 data=2b
1778318260.923000 W  i2c=0xc0 reg=0x59 len=2 data=03 01
1778318260.924000 R  i2c=0xc0 reg=0x5b len=1
1778318260.928000 R= ret=0 data=08
1778318260.928000 W1 i2c=0xc0 reg=0x59 val=0x4
1778318260.928000 W  i2c=0xc0 reg=0x59 len=1 data=04
1778318260.929000 W1 i2c=0xc0 reg=0x88 val=0x0
1778318260.929000 W  i2c=0xc0 reg=0x88 len=1 data=00
1778318260.930000 W1 i2c=0xc0 reg=0x87 val=0xc0
1778318260.930000 W  i2c=0xc0 reg=0x87 len=1 data=c0
1778318260.931000 R  i2c=0xc0 reg=0x69 len=1
1778318260.934000 R= ret=0 data=88
1778318260.934000 W1 i2c=0xdc reg=0x8 val=0x0
1778318260.934000 W  i2c=0xdc reg=0x8 len=1 data=00
1778318261.737000 W1 i2c=0x30 reg=0x0 val=0xf
1778318261.737000 W  i2c=0x30 reg=0x0 len=1 data=0f
1778318261.738000 R  i2c=0x30 reg=0x11 len=1
1778318261.742000 R= ret=0 data=00
1778318261.742000 W1 i2c=0x30 reg=0x0 val=0x9
1778318261.742000 W  i2c=0x30 reg=0x0 len=1 data=09
1778318261.743000 R  i2c=0x30 reg=0x62 len=1
1778318261.747000 R= ret=0 data=51
1778318261.747000 W1 i2c=0x30 reg=0x0 val=0xd
1778318261.747000 W  i2c=0x30 reg=0x0 len=1 data=0d
1778318261.748000 R  i2c=0x30 reg=0x86 len=1
1778318261.751000 R= ret=0 data=00
1778318261.751000 W1 i2c=0x30 reg=0x0 val=0xd
1778318261.751000 W  i2c=0x30 reg=0x0 len=1 data=0d
1778318261.752000 R  i2c=0x30 reg=0x86 len=1
1778318261.756000 R= ret=0 data=00
1778318261.756000 W1 i2c=0x30 reg=0x0 val=0xd
1778318261.756000 W  i2c=0x30 reg=0x0 len=1 data=0d
1778318261.757000 R  i2c=0x30 reg=0x86 len=1
1778318261.760000 R= ret=0 data=00
1778318261.760000 W1 i2c=0xdc reg=0x8 val=0x1
1778318261.760000 W  i2c=0xdc reg=0x8 len=1 data=01
1778318261.761000 W  i2c=0xc0 reg=0x87 len=2 data=c4 41
1778318261.762000 W  i2c=0xc0 reg=0x59 len=2 data=05 01
1778318261.763000 R  i2c=0xc0 reg=0x5b len=1
1778318261.766000 R= ret=0 data=2a
1778318261.766000 W  i2c=0xc0 reg=0x59 len=2 data=03 01
1778318261.767000 R  i2c=0xc0 reg=0x5b len=1
1778318261.771000 R= ret=0 data=08
1778318261.771000 W1 i2c=0xc0 reg=0x59 val=0x4
1778318261.771000 W  i2c=0xc0 reg=0x59 len=1 data=04
1778318261.772000 W1 i2c=0xc0 reg=0x88 val=0x0
1778318261.772000 W  i2c=0xc0 reg=0x88 len=1 data=00
1778318261.774000 W1 i2c=0xc0 reg=0x87 val=0xc0
1778318261.774000 W  i2c=0xc0 reg=0x87 len=1 data=c0
1778318261.775000 R  i2c=0xc0 reg=0x69 len=1
1778318261.779000 R= ret=0 data=88
1778318261.779000 W1 i2c=0xdc reg=0x8 val=0x0
1778318261.779000 W  i2c=0xdc reg=0x8 len=1 data=00
1778318262.580000 W1 i2c=0x30 reg=0x0 val=0xf
1778318262.580000 W  i2c=0x30 reg=0x0 len=1 data=0f
1778318262.581000 R  i2c=0x30 reg=0x11 len=1
1778318262.585000 R= ret=0 data=00
1778318262.585000 W1 i2c=0x30 reg=0x0 val=0x9
1778318262.585000 W  i2c=0x30 reg=0x0 len=1 data=09
1778318262.586000 R  i2c=0x30 reg=0x62 len=1
1778318262.590000 R= ret=0 data=51
1778318262.590000 W1 i2c=0x30 reg=0x0 val=0xd
1778318262.590000 W  i2c=0x30 reg=0x0 len=1 data=0d
1778318262.591000 R  i2c=0x30 reg=0x86 len=1
1778318262.595000 R= ret=0 data=00
1778318262.595000 W1 i2c=0x30 reg=0x0 val=0xd
1778318262.595000 W  i2c=0x30 reg=0x0 len=1 data=0d
1778318262.596000 R  i2c=0x30 reg=0x86 len=1
1778318262.599000 R= ret=0 data=00
1778318262.599000 W1 i2c=0x30 reg=0x0 val=0xd
1778318262.599000 W  i2c=0x30 reg=0x0 len=1 data=0d
1778318262.600000 R  i2c=0x30 reg=0x86 len=1
1778318262.603000 R= ret=0 data=00
1778318262.603000 W1 i2c=0xdc reg=0x8 val=0x1
1778318262.603000 W  i2c=0xdc reg=0x8 len=1 data=01
1778318262.604000 W  i2c=0xc0 reg=0x87 len=2 data=c4 41
1778318262.605000 W  i2c=0xc0 reg=0x59 len=2 data=05 01
1778318262.606000 R  i2c=0xc0 reg=0x5b len=1
1778318262.610000 R= ret=0 data=2a
1778318262.610000 W  i2c=0xc0 reg=0x59 len=2 data=03 01
1778318262.611000 R  i2c=0xc0 reg=0x5b len=1
1778318262.614000 R= ret=0 data=08
1778318262.614000 W1 i2c=0xc0 reg=0x59 val=0x4
1778318262.614000 W  i2c=0xc0 reg=0x59 len=1 data=04
1778318262.615000 W1 i2c=0xc0 reg=0x88 val=0x0
1778318262.615000 W  i2c=0xc0 reg=0x88 len=1 data=00
1778318262.616000 W1 i2c=0xc0 reg=0x87 val=0xc0
1778318262.616000 W  i2c=0xc0 reg=0x87 len=1 data=c0
1778318262.617000 R  i2c=0xc0 reg=0x69 len=1
1778318262.620000 R= ret=0 data=88
1778318262.620000 W1 i2c=0xdc reg=0x8 val=0x0
1778318262.620000 W  i2c=0xdc reg=0x8 len=1 data=00
1778318263.422000 W1 i2c=0x30 reg=0x0 val=0xf
1778318263.422000 W  i2c=0x30 reg=0x0 len=1 data=0f
1778318263.423000 R  i2c=0x30 reg=0x11 len=1
1778318263.427000 R= ret=0 data=00
1778318263.427000 W1 i2c=0x30 reg=0x0 val=0x9
1778318263.427000 W  i2c=0x30 reg=0x0 len=1 data=09
1778318263.428000 R  i2c=0x30 reg=0x62 len=1
1778318263.432000 R= ret=0 data=51
1778318263.432000 W1 i2c=0x30 reg=0x0 val=0xd
1778318263.432000 W  i2c=0x30 reg=0x0 len=1 data=0d
1778318263.433000 R  i2c=0x30 reg=0x86 len=1
1778318263.436000 R= ret=0 data=00
1778318263.436000 W1 i2c=0x30 reg=0x0 val=0xd
1778318263.436000 W  i2c=0x30 reg=0x0 len=1 data=0d
1778318263.437000 R  i2c=0x30 reg=0x86 len=1
1778318263.440000 R= ret=0 data=00
1778318263.440000 W1 i2c=0x30 reg=0x0 val=0xd
1778318263.440000 W  i2c=0x30 reg=0x0 len=1 data=0d
1778318263.441000 R  i2c=0x30 reg=0x86 len=1
1778318263.445000 R= ret=0 data=00
1778318263.445000 W1 i2c=0xdc reg=0x8 val=0x1
1778318263.445000 W  i2c=0xdc reg=0x8 len=1 data=01
1778318263.446000 W  i2c=0xc0 reg=0x87 len=2 data=c4 41
1778318263.447000 W  i2c=0xc0 reg=0x59 len=2 data=05 01
1778318263.448000 R  i2c=0xc0 reg=0x5b len=1
1778318263.451000 R= ret=0 data=2b
1778318263.451000 W  i2c=0xc0 reg=0x59 len=2 data=03 01
1778318263.452000 R  i2c=0xc0 reg=0x5b len=1
1778318263.455000 R= ret=0 data=08
1778318263.455000 W1 i2c=0xc0 reg=0x59 val=0x4
1778318263.455000 W  i2c=0xc0 reg=0x59 len=1 data=04
1778318263.456000 W1 i2c=0xc0 reg=0x88 val=0x0
1778318263.456000 W  i2c=0xc0 reg=0x88 len=1 data=00
1778318263.457000 W1 i2c=0xc0 reg=0x87 val=0xc0
1778318263.457000 W  i2c=0xc0 reg=0x87 len=1 data=c0
1778318263.458000 R  i2c=0xc0 reg=0x69 len=1
1778318263.462000 R= ret=0 data=88
1778318263.462000 W1 i2c=0xdc reg=0x8 val=0x0
1778318263.462000 W  i2c=0xdc reg=0x8 len=1 data=00
1778318264.264000 W1 i2c=0x30 reg=0x0 val=0xf
1778318264.264000 W  i2c=0x30 reg=0x0 len=1 data=0f
1778318264.265000 R  i2c=0x30 reg=0x11 len=1
1778318264.269000 R= ret=0 data=00
1778318264.269000 W1 i2c=0x30 reg=0x0 val=0x9
1778318264.269000 W  i2c=0x30 reg=0x0 len=1 data=09
1778318264.270000 R  i2c=0x30 reg=0x62 len=1
1778318264.273000 R= ret=0 data=51
1778318264.274000 W1 i2c=0x30 reg=0x0 val=0xd
1778318264.274000 W  i2c=0x30 reg=0x0 len=1 data=0d
1778318264.275000 R  i2c=0x30 reg=0x86 len=1
1778318264.278000 R= ret=0 data=00
1778318264.278000 W1 i2c=0x30 reg=0x0 val=0xd
1778318264.278000 W  i2c=0x30 reg=0x0 len=1 data=0d
1778318264.279000 R  i2c=0x30 reg=0x86 len=1
1778318264.282000 R= ret=0 data=00
1778318264.282000 W1 i2c=0x30 reg=0x0 val=0xd
1778318264.282000 W  i2c=0x30 reg=0x0 len=1 data=0d
1778318264.283000 R  i2c=0x30 reg=0x86 len=1
1778318264.287000 R= ret=0 data=00
1778318264.287000 W1 i2c=0xdc reg=0x8 val=0x1
1778318264.287000 W  i2c=0xdc reg=0x8 len=1 data=01
1778318264.288000 W  i2c=0xc0 reg=0x87 len=2 data=c4 41
1778318264.288000 W  i2c=0xc0 reg=0x59 len=2 data=05 01
1778318264.289000 R  i2c=0xc0 reg=0x5b len=1
1778318264.293000 R= ret=0 data=2d
1778318264.293000 W  i2c=0xc0 reg=0x59 len=2 data=03 01
1778318264.294000 R  i2c=0xc0 reg=0x5b len=1
1778318264.297000 R= ret=0 data=08
1778318264.297000 W1 i2c=0xc0 reg=0x59 val=0x4
1778318264.297000 W  i2c=0xc0 reg=0x59 len=1 data=04
1778318264.298000 W1 i2c=0xc0 reg=0x88 val=0x0
1778318264.298000 W  i2c=0xc0 reg=0x88 len=1 data=00
1778318264.299000 W1 i2c=0xc0 reg=0x87 val=0xc0
1778318264.299000 W  i2c=0xc0 reg=0x87 len=1 data=c0
1778318264.300000 R  i2c=0xc0 reg=0x69 len=1
1778318264.303000 R= ret=0 data=88
1778318264.304000 W1 i2c=0xdc reg=0x8 val=0x0
1778318264.304000 W  i2c=0xdc reg=0x8 len=1 data=00
1778318265.107000 W1 i2c=0x30 reg=0x0 val=0xf
1778318265.107000 W  i2c=0x30 reg=0x0 len=1 data=0f
1778318265.108000 R  i2c=0x30 reg=0x11 len=1
1778318265.112000 R= ret=0 data=00
1778318265.112000 W1 i2c=0x30 reg=0x0 val=0x9
1778318265.112000 W  i2c=0x30 reg=0x0 len=1 data=09
1778318265.113000 R  i2c=0x30 reg=0x62 len=1
1778318265.117000 R= ret=0 data=51
1778318265.117000 W1 i2c=0x30 reg=0x0 val=0xd
1778318265.117000 W  i2c=0x30 reg=0x0 len=1 data=0d
1778318265.118000 R  i2c=0x30 reg=0x86 len=1
1778318265.121000 R= ret=0 data=00
1778318265.121000 W1 i2c=0x30 reg=0x0 val=0xd
1778318265.121000 W  i2c=0x30 reg=0x0 len=1 data=0d
1778318265.122000 R  i2c=0x30 reg=0x86 len=1
1778318265.126000 R= ret=0 data=00
1778318265.126000 W1 i2c=0x30 reg=0x0 val=0xd
1778318265.126000 W  i2c=0x30 reg=0x0 len=1 data=0d
1778318265.127000 R  i2c=0x30 reg=0x86 len=1
1778318265.130000 R= ret=0 data=00
1778318265.130000 W1 i2c=0xdc reg=0x8 val=0x1
1778318265.130000 W  i2c=0xdc reg=0x8 len=1 data=01
1778318265.131000 W  i2c=0xc0 reg=0x87 len=2 data=c4 41
1778318265.132000 W  i2c=0xc0 reg=0x59 len=2 data=05 01
1778318265.133000 R  i2c=0xc0 reg=0x5b len=1
1778318265.136000 R= ret=0 data=2a
1778318265.136000 W  i2c=0xc0 reg=0x59 len=2 data=03 01
1778318265.137000 R  i2c=0xc0 reg=0x5b len=1
1778318265.141000 R= ret=0 data=08
1778318265.141000 W1 i2c=0xc0 reg=0x59 val=0x4
1778318265.141000 W  i2c=0xc0 reg=0x59 len=1 data=04
1778318265.142000 W1 i2c=0xc0 reg=0x88 val=0x0
1778318265.142000 W  i2c=0xc0 reg=0x88 len=1 data=00
1778318265.143000 W1 i2c=0xc0 reg=0x87 val=0xc0
1778318265.143000 W  i2c=0xc0 reg=0x87 len=1 data=c0
1778318265.144000 R  i2c=0xc0 reg=0x69 len=1
1778318265.147000 R= ret=0 data=88
1778318265.147000 W1 i2c=0xdc reg=0x8 val=0x0
1778318265.147000 W  i2c=0xdc reg=0x8 len=1 data=00
1778318265.498000 nativeTune -> 563000
1778318265.498000 DRV_acquire: oldStd=0x5 freq=563000 -> ATSC 1.0
1778318265.498000 >>> sony_cxd6801_integ_atsc_Tune
1778318265.498000 >>> sony_cxd6801_demod_atsc_Tune
1778318265.498000 >>> sony_cxd6801_demod_SetStreamOutput
1778318265.498000 W1 i2c=0xd8 reg=0x0 val=0x0
1778318265.498000 W  i2c=0xd8 reg=0x0 len=1 data=00
1778318265.500000 R  i2c=0xd8 reg=0xa9 len=1
1778318265.503000 R= ret=0 data=00
1778318265.503000 W1 i2c=0xd8 reg=0x0 val=0x0
1778318265.503000 W  i2c=0xd8 reg=0x0 len=1 data=00
1778318265.504000 W1 i2c=0xd8 reg=0xc3 val=0x1
1778318265.504000 W  i2c=0xd8 reg=0xc3 len=1 data=01
1778318265.505000 <<< sony_cxd6801_demod_SetStreamOutput ret=0
1778318265.505000 <<< sony_cxd6801_demod_atsc_Tune ret=0
1778318265.505000 W1 i2c=0xdc reg=0x8 val=0x1
1778318265.505000 W  i2c=0xdc reg=0x8 len=1 data=01
1778318265.506000 B  i2c=0xc0 reg=0x74 val=0x2 mask=0x3
1778318265.506000 R  i2c=0xc0 reg=0x74 len=1
1778318265.510000 R= ret=0 data=11
1778318265.510000 W1 i2c=0xc0 reg=0x74 val=0x12
1778318265.510000 W  i2c=0xc0 reg=0x74 len=1 data=12
1778318265.511000 W  i2c=0xc0 reg=0x87 len=2 data=c4 40
1778318265.512000 W  i2c=0xc0 reg=0x91 len=2 data=10 20
1778318265.513000 W  i2c=0xc0 reg=0x9c len=2 data=00 00
1778318265.514000 W  i2c=0xc0 reg=0x5e len=9 data=ee 02 1e 67 03 b4 78 08
1778318265.515000 B  i2c=0xc0 reg=0x67 val=0x0 mask=0x6
1778318265.515000 R  i2c=0xc0 reg=0x67 len=1
1778318265.518000 R= ret=0 data=00
1778318265.518000 W1 i2c=0xc0 reg=0x67 val=0x0
1778318265.518000 W  i2c=0xc0 reg=0x67 len=1 data=00
1778318265.519000 W  i2c=0xc0 reg=0x68 len=17 data=00 88 00 0b 23 00 1a 1d
1778318265.572000 W1 i2c=0xc0 reg=0x88 val=0x0
1778318265.572000 W  i2c=0xc0 reg=0x88 len=1 data=00
1778318265.573000 W1 i2c=0xc0 reg=0x87 val=0xc0
1778318265.573000 W  i2c=0xc0 reg=0x87 len=1 data=c0
1778318265.574000 W1 i2c=0xdc reg=0x8 val=0x0
1778318265.574000 W  i2c=0xdc reg=0x8 len=1 data=00
1778318265.575000 W1 i2c=0x98 reg=0x0 val=0x1
1778318265.575000 W  i2c=0x98 reg=0x0 len=1 data=01
1778318265.576000 W1 i2c=0x98 reg=0x48 val=0x1
1778318265.576000 W  i2c=0x98 reg=0x48 len=1 data=01
1778318265.577000 W  i2c=0x98 reg=0xa len=6 data=b3 10 00 00 00 00
1778318265.578000 R  i2c=0x98 reg=0xa len=6
1778318265.581000 R= ret=0 data=30 00 00 00 00 b3
1778318265.581000 >>> sony_cxd6801_demod_SetStreamOutput
1778318265.581000 W1 i2c=0xd8 reg=0x0 val=0x0
1778318265.581000 W  i2c=0xd8 reg=0x0 len=1 data=00
1778318265.582000 R  i2c=0xd8 reg=0xa9 len=1
1778318265.585000 R= ret=0 data=00
1778318265.585000 W1 i2c=0xd8 reg=0x0 val=0x0
1778318265.585000 W  i2c=0xd8 reg=0x0 len=1 data=00
1778318265.586000 W1 i2c=0xd8 reg=0xc3 val=0x0
1778318265.586000 W  i2c=0xd8 reg=0xc3 len=1 data=00
1778318265.588000 <<< sony_cxd6801_demod_SetStreamOutput ret=0
1778318265.588000 W1 i2c=0x30 reg=0x0 val=0xf
1778318265.588000 W  i2c=0x30 reg=0x0 len=1 data=0f
1778318265.589000 R  i2c=0x30 reg=0x11 len=1
1778318265.592000 R= ret=0 data=00
1778318265.592000 W1 i2c=0x30 reg=0x0 val=0x9
1778318265.592000 W  i2c=0x30 reg=0x0 len=1 data=09
1778318265.593000 R  i2c=0x30 reg=0x62 len=1
1778318265.596000 R= ret=0 data=51
1778318265.596000 W1 i2c=0x30 reg=0x0 val=0xd
1778318265.596000 W  i2c=0x30 reg=0x0 len=1 data=0d
1778318265.597000 R  i2c=0x30 reg=0x86 len=1
1778318265.601000 R= ret=0 data=00
1778318265.611000 W1 i2c=0x30 reg=0x0 val=0xf
1778318265.611000 W  i2c=0x30 reg=0x0 len=1 data=0f
1778318265.612000 R  i2c=0x30 reg=0x11 len=1
1778318265.615000 R= ret=0 data=00
1778318265.615000 W1 i2c=0x30 reg=0x0 val=0x9
1778318265.615000 W  i2c=0x30 reg=0x0 len=1 data=09
1778318265.616000 R  i2c=0x30 reg=0x62 len=1
1778318265.620000 R= ret=0 data=51
1778318265.620000 W1 i2c=0x30 reg=0x0 val=0xd
1778318265.620000 W  i2c=0x30 reg=0x0 len=1 data=0d
1778318265.621000 R  i2c=0x30 reg=0x86 len=1
1778318265.624000 R= ret=0 data=00
1778318265.634000 W1 i2c=0x30 reg=0x0 val=0xf
1778318265.634000 W  i2c=0x30 reg=0x0 len=1 data=0f
1778318265.635000 R  i2c=0x30 reg=0x11 len=1
1778318265.639000 R= ret=0 data=00
1778318265.639000 W1 i2c=0x30 reg=0x0 val=0x9
1778318265.639000 W  i2c=0x30 reg=0x0 len=1 data=09
1778318265.640000 R  i2c=0x30 reg=0x62 len=1
1778318265.643000 R= ret=0 data=51
1778318265.643000 W1 i2c=0x30 reg=0x0 val=0xd
1778318265.643000 W  i2c=0x30 reg=0x0 len=1 data=0d
1778318265.644000 R  i2c=0x30 reg=0x86 len=1
1778318265.648000 R= ret=0 data=00
1778318265.658000 W1 i2c=0x30 reg=0x0 val=0xf
1778318265.659000 W  i2c=0x30 reg=0x0 len=1 data=0f
1778318265.660000 R  i2c=0x30 reg=0x11 len=1
1778318265.663000 R= ret=0 data=00
1778318265.663000 W1 i2c=0x30 reg=0x0 val=0x9
1778318265.663000 W  i2c=0x30 reg=0x0 len=1 data=09
1778318265.664000 R  i2c=0x30 reg=0x62 len=1
1778318265.667000 R= ret=0 data=51
1778318265.667000 W1 i2c=0x30 reg=0x0 val=0xd
1778318265.667000 W  i2c=0x30 reg=0x0 len=1 data=0d
1778318265.668000 R  i2c=0x30 reg=0x86 len=1
1778318265.672000 R= ret=0 data=00
1778318265.683000 W1 i2c=0x30 reg=0x0 val=0xf
1778318265.683000 W  i2c=0x30 reg=0x0 len=1 data=0f
1778318265.685000 R  i2c=0x30 reg=0x11 len=1
1778318265.689000 R= ret=0 data=00
1778318265.689000 W1 i2c=0x30 reg=0x0 val=0x9
1778318265.689000 W  i2c=0x30 reg=0x0 len=1 data=09
1778318265.690000 R  i2c=0x30 reg=0x62 len=1
1778318265.693000 R= ret=0 data=51
1778318265.693000 W1 i2c=0x30 reg=0x0 val=0xd
1778318265.693000 W  i2c=0x30 reg=0x0 len=1 data=0d
1778318265.694000 R  i2c=0x30 reg=0x86 len=1
1778318265.698000 R= ret=0 data=00
1778318265.708000 W1 i2c=0x30 reg=0x0 val=0xf
1778318265.708000 W  i2c=0x30 reg=0x0 len=1 data=0f
1778318265.709000 R  i2c=0x30 reg=0x11 len=1
1778318265.713000 R= ret=0 data=00
1778318265.713000 W1 i2c=0x30 reg=0x0 val=0x9
1778318265.713000 W  i2c=0x30 reg=0x0 len=1 data=09
1778318265.713000 R  i2c=0x30 reg=0x62 len=1
1778318265.717000 R= ret=0 data=51
1778318265.717000 W1 i2c=0x30 reg=0x0 val=0xd
1778318265.717000 W  i2c=0x30 reg=0x0 len=1 data=0d
1778318265.718000 R  i2c=0x30 reg=0x86 len=1
1778318265.721000 R= ret=0 data=00
1778318265.732000 W1 i2c=0x30 reg=0x0 val=0xf
1778318265.732000 W  i2c=0x30 reg=0x0 len=1 data=0f
1778318265.733000 R  i2c=0x30 reg=0x11 len=1
1778318265.736000 R= ret=0 data=00
1778318265.736000 W1 i2c=0x30 reg=0x0 val=0x9
1778318265.736000 W  i2c=0x30 reg=0x0 len=1 data=09
1778318265.737000 R  i2c=0x30 reg=0x62 len=1
1778318265.740000 R= ret=0 data=51
1778318265.740000 W1 i2c=0x30 reg=0x0 val=0xd
1778318265.740000 W  i2c=0x30 reg=0x0 len=1 data=0d
1778318265.741000 R  i2c=0x30 reg=0x86 len=1
1778318265.744000 R= ret=0 data=00
1778318265.755000 W1 i2c=0x30 reg=0x0 val=0xf
1778318265.755000 W  i2c=0x30 reg=0x0 len=1 data=0f
1778318265.756000 R  i2c=0x30 reg=0x11 len=1
1778318265.759000 R= ret=0 data=00
1778318265.759000 W1 i2c=0x30 reg=0x0 val=0x9
1778318265.759000 W  i2c=0x30 reg=0x0 len=1 data=09
1778318265.760000 R  i2c=0x30 reg=0x62 len=1
1778318265.763000 R= ret=0 data=51
1778318265.763000 W1 i2c=0x30 reg=0x0 val=0xd
1778318265.763000 W  i2c=0x30 reg=0x0 len=1 data=0d
1778318265.764000 R  i2c=0x30 reg=0x86 len=1
1778318265.767000 R= ret=0 data=00
1778318265.779000 W1 i2c=0x30 reg=0x0 val=0xf
1778318265.779000 W  i2c=0x30 reg=0x0 len=1 data=0f
1778318265.780000 R  i2c=0x30 reg=0x11 len=1
1778318265.783000 R= ret=0 data=00
1778318265.783000 W1 i2c=0x30 reg=0x0 val=0x9
1778318265.783000 W  i2c=0x30 reg=0x0 len=1 data=09
1778318265.784000 R  i2c=0x30 reg=0x62 len=1
1778318265.787000 R= ret=0 data=51
1778318265.787000 W1 i2c=0x30 reg=0x0 val=0xd
1778318265.787000 W  i2c=0x30 reg=0x0 len=1 data=0d
1778318265.788000 R  i2c=0x30 reg=0x86 len=1
1778318265.792000 R= ret=0 data=00
1778318265.802000 W1 i2c=0x30 reg=0x0 val=0xf
1778318265.802000 W  i2c=0x30 reg=0x0 len=1 data=0f
1778318265.803000 R  i2c=0x30 reg=0x11 len=1
1778318265.806000 R= ret=0 data=00
1778318265.806000 W1 i2c=0x30 reg=0x0 val=0x9
1778318265.806000 W  i2c=0x30 reg=0x0 len=1 data=09
1778318265.807000 R  i2c=0x30 reg=0x62 len=1
1778318265.810000 R= ret=0 data=51
1778318265.810000 W1 i2c=0x30 reg=0x0 val=0xd
1778318265.810000 W  i2c=0x30 reg=0x0 len=1 data=0d
1778318265.811000 R  i2c=0x30 reg=0x86 len=1
1778318265.814000 R= ret=0 data=00
1778318265.825000 W1 i2c=0x30 reg=0x0 val=0xf
1778318265.825000 W  i2c=0x30 reg=0x0 len=1 data=0f
1778318265.826000 R  i2c=0x30 reg=0x11 len=1
1778318265.829000 R= ret=0 data=00
1778318265.829000 W1 i2c=0x30 reg=0x0 val=0x9
1778318265.829000 W  i2c=0x30 reg=0x0 len=1 data=09
1778318265.830000 R  i2c=0x30 reg=0x62 len=1
1778318265.833000 R= ret=0 data=51
1778318265.833000 W1 i2c=0x30 reg=0x0 val=0xd
1778318265.833000 W  i2c=0x30 reg=0x0 len=1 data=0d
1778318265.834000 R  i2c=0x30 reg=0x86 len=1
1778318265.838000 R= ret=0 data=00
1778318265.848000 W1 i2c=0x30 reg=0x0 val=0xf
1778318265.848000 W  i2c=0x30 reg=0x0 len=1 data=0f
1778318265.849000 R  i2c=0x30 reg=0x11 len=1
1778318265.853000 R= ret=0 data=00
1778318265.853000 W1 i2c=0x30 reg=0x0 val=0x9
1778318265.853000 W  i2c=0x30 reg=0x0 len=1 data=09
1778318265.854000 R  i2c=0x30 reg=0x62 len=1
1778318265.857000 R= ret=0 data=51
1778318265.857000 W1 i2c=0x30 reg=0x0 val=0xd
1778318265.857000 W  i2c=0x30 reg=0x0 len=1 data=0d
1778318265.858000 R  i2c=0x30 reg=0x86 len=1
1778318265.862000 R= ret=0 data=00
1778318265.873000 W1 i2c=0x30 reg=0x0 val=0xf
1778318265.873000 W  i2c=0x30 reg=0x0 len=1 data=0f
1778318265.874000 R  i2c=0x30 reg=0x11 len=1
1778318265.878000 R= ret=0 data=00
1778318265.878000 W1 i2c=0x30 reg=0x0 val=0x9
1778318265.878000 W  i2c=0x30 reg=0x0 len=1 data=09
1778318265.878000 R  i2c=0x30 reg=0x62 len=1
1778318265.882000 R= ret=0 data=51
1778318265.882000 W1 i2c=0x30 reg=0x0 val=0xd
1778318265.882000 W  i2c=0x30 reg=0x0 len=1 data=0d
1778318265.883000 R  i2c=0x30 reg=0x86 len=1
1778318265.886000 R= ret=0 data=00
1778318265.896000 W1 i2c=0x30 reg=0x0 val=0xf
1778318265.897000 W  i2c=0x30 reg=0x0 len=1 data=0f
1778318265.897000 R  i2c=0x30 reg=0x11 len=1
1778318265.901000 R= ret=0 data=00
1778318265.901000 W1 i2c=0x30 reg=0x0 val=0x9
1778318265.901000 W  i2c=0x30 reg=0x0 len=1 data=09
1778318265.902000 R  i2c=0x30 reg=0x62 len=1
1778318265.906000 R= ret=0 data=51
1778318265.906000 W1 i2c=0x30 reg=0x0 val=0xd
1778318265.906000 W  i2c=0x30 reg=0x0 len=1 data=0d
1778318265.907000 R  i2c=0x30 reg=0x86 len=1
1778318265.910000 R= ret=0 data=00
1778318265.921000 W1 i2c=0x30 reg=0x0 val=0xf
1778318265.921000 W  i2c=0x30 reg=0x0 len=1 data=0f
1778318265.922000 R  i2c=0x30 reg=0x11 len=1
1778318265.926000 R= ret=0 data=00
1778318265.926000 W1 i2c=0x30 reg=0x0 val=0x9
1778318265.926000 W  i2c=0x30 reg=0x0 len=1 data=09
1778318265.927000 R  i2c=0x30 reg=0x62 len=1
1778318265.930000 R= ret=0 data=51
1778318265.930000 W1 i2c=0x30 reg=0x0 val=0xd
1778318265.930000 W  i2c=0x30 reg=0x0 len=1 data=0d
1778318265.931000 R  i2c=0x30 reg=0x86 len=1
1778318265.934000 R= ret=0 data=00
1778318265.944000 W1 i2c=0x30 reg=0x0 val=0xf
1778318265.944000 W  i2c=0x30 reg=0x0 len=1 data=0f
1778318265.945000 R  i2c=0x30 reg=0x11 len=1
1778318265.949000 R= ret=0 data=00
1778318265.949000 W1 i2c=0x30 reg=0x0 val=0x9
1778318265.949000 W  i2c=0x30 reg=0x0 len=1 data=09
1778318265.950000 R  i2c=0x30 reg=0x62 len=1
1778318265.950000 W1 i2c=0x30 reg=0x0 val=0xf
1778318265.950000 W  i2c=0x30 reg=0x0 len=1 data=0f
1778318265.953000 R= ret=0 data=51
1778318265.953000 W1 i2c=0x30 reg=0x0 val=0xd
1778318265.953000 W  i2c=0x30 reg=0x0 len=1 data=0d
1778318265.954000 R  i2c=0x30 reg=0x11 len=1
1778318265.955000 R  i2c=0x30 reg=0x86 len=1
1778318265.959000 R= ret=0 data=00
1778318265.959000 W1 i2c=0x30 reg=0x0 val=0x9
1778318265.959000 W  i2c=0x30 reg=0x0 len=1 data=09
1778318265.962000 R= ret=0 data=00
1778318265.963000 R  i2c=0x30 reg=0x62 len=1
1778318265.966000 R= ret=0 data=51
1778318265.966000 W1 i2c=0x30 reg=0x0 val=0xd
1778318265.966000 W  i2c=0x30 reg=0x0 len=1 data=0d
1778318265.967000 R  i2c=0x30 reg=0x86 len=1
1778318265.971000 R= ret=0 data=00
1778318265.971000 W1 i2c=0x30 reg=0x0 val=0xd
1778318265.971000 W  i2c=0x30 reg=0x0 len=1 data=0d
1778318265.972000 R  i2c=0x30 reg=0x86 len=1
1778318265.972000 W1 i2c=0x30 reg=0x0 val=0xf
1778318265.972000 W  i2c=0x30 reg=0x0 len=1 data=0f
1778318265.975000 R= ret=0 data=00
1778318265.975000 W1 i2c=0x30 reg=0x0 val=0xd
1778318265.975000 W  i2c=0x30 reg=0x0 len=1 data=0d
1778318265.976000 R  i2c=0x30 reg=0x11 len=1
1778318265.980000 R= ret=0 data=00
1778318265.980000 W1 i2c=0x30 reg=0x0 val=0x9
1778318265.980000 W  i2c=0x30 reg=0x0 len=1 data=09
1778318265.980000 R  i2c=0x30 reg=0x86 len=1
1778318265.981000 R  i2c=0x30 reg=0x62 len=1
1778318265.985000 R= ret=0 data=00
1778318265.985000 W1 i2c=0xdc reg=0x8 val=0x1
1778318265.985000 W  i2c=0xdc reg=0x8 len=1 data=01
1778318265.988000 R= ret=0 data=51
1778318265.988000 W1 i2c=0x30 reg=0x0 val=0xd
1778318265.988000 W  i2c=0x30 reg=0x0 len=1 data=0d
1778318265.989000 W  i2c=0xc0 reg=0x87 len=2 data=c4 41
1778318265.990000 R  i2c=0x30 reg=0x86 len=1
1778318265.991000 W  i2c=0xc0 reg=0x59 len=2 data=05 01
1778318265.994000 R= ret=0 data=00
1778318265.995000 R  i2c=0xc0 reg=0x5b len=1
1778318265.998000 R= ret=0 data=2c
1778318265.999000 W  i2c=0xc0 reg=0x59 len=2 data=03 01
1778318265.999000 R  i2c=0xc0 reg=0x5b len=1
1778318266.003000 R= ret=0 data=08
1778318266.003000 W1 i2c=0xc0 reg=0x59 val=0x4
1778318266.003000 W  i2c=0xc0 reg=0x59 len=1 data=04
1778318266.004000 W1 i2c=0xc0 reg=0x88 val=0x0
1778318266.004000 W  i2c=0xc0 reg=0x88 len=1 data=00
1778318266.004000 W1 i2c=0x30 reg=0x0 val=0xf
1778318266.004000 W  i2c=0x30 reg=0x0 len=1 data=0f
1778318266.005000 W1 i2c=0xc0 reg=0x87 val=0xc0
1778318266.005000 W  i2c=0xc0 reg=0x87 len=1 data=c0
1778318266.006000 R  i2c=0x30 reg=0x11 len=1
1778318266.007000 R  i2c=0xc0 reg=0x69 len=1
1778318266.010000 R= ret=0 data=00
1778318266.010000 W1 i2c=0x30 reg=0x0 val=0x9
1778318266.010000 W  i2c=0x30 reg=0x0 len=1 data=09
1778318266.014000 R= ret=0 data=88
1778318266.014000 W1 i2c=0xdc reg=0x8 val=0x0
1778318266.014000 W  i2c=0xdc reg=0x8 len=1 data=00
1778318266.015000 R  i2c=0x30 reg=0x62 len=1
1778318266.019000 R= ret=0 data=51
1778318266.019000 W1 i2c=0x30 reg=0x0 val=0xd
1778318266.019000 W  i2c=0x30 reg=0x0 len=1 data=0d
1778318266.019000 R  i2c=0x30 reg=0x86 len=1
1778318266.023000 R= ret=0 data=00
1778318266.034000 W1 i2c=0x30 reg=0x0 val=0xf
1778318266.034000 W  i2c=0x30 reg=0x0 len=1 data=0f
1778318266.035000 R  i2c=0x30 reg=0x11 len=1
1778318266.039000 R= ret=0 data=00
1778318266.039000 W1 i2c=0x30 reg=0x0 val=0x9
1778318266.039000 W  i2c=0x30 reg=0x0 len=1 data=09
1778318266.040000 R  i2c=0x30 reg=0x62 len=1
1778318266.043000 R= ret=0 data=51
1778318266.043000 W1 i2c=0x30 reg=0x0 val=0xd
1778318266.043000 W  i2c=0x30 reg=0x0 len=1 data=0d
1778318266.044000 R  i2c=0x30 reg=0x86 len=1
1778318266.047000 R= ret=0 data=00
1778318266.060000 W1 i2c=0x30 reg=0x0 val=0xf
1778318266.060000 W  i2c=0x30 reg=0x0 len=1 data=0f
1778318266.061000 R  i2c=0x30 reg=0x11 len=1
1778318266.064000 R= ret=0 data=00
1778318266.064000 W1 i2c=0x30 reg=0x0 val=0x9
1778318266.064000 W  i2c=0x30 reg=0x0 len=1 data=09
1778318266.065000 R  i2c=0x30 reg=0x62 len=1
1778318266.069000 R= ret=0 data=51
1778318266.069000 W1 i2c=0x30 reg=0x0 val=0xd
1778318266.069000 W  i2c=0x30 reg=0x0 len=1 data=0d
1778318266.070000 R  i2c=0x30 reg=0x86 len=1
1778318266.073000 R= ret=0 data=00
1778318266.083000 W1 i2c=0x30 reg=0x0 val=0xf
1778318266.083000 W  i2c=0x30 reg=0x0 len=1 data=0f
1778318266.084000 R  i2c=0x30 reg=0x11 len=1
1778318266.088000 R= ret=0 data=00
1778318266.088000 W1 i2c=0x30 reg=0x0 val=0x9
1778318266.088000 W  i2c=0x30 reg=0x0 len=1 data=09
1778318266.089000 R  i2c=0x30 reg=0x62 len=1
1778318266.092000 R= ret=0 data=51
1778318266.092000 W1 i2c=0x30 reg=0x0 val=0xd
1778318266.092000 W  i2c=0x30 reg=0x0 len=1 data=0d
1778318266.093000 R  i2c=0x30 reg=0x86 len=1
1778318266.097000 R= ret=0 data=00
1778318266.108000 W1 i2c=0x30 reg=0x0 val=0xf
1778318266.108000 W  i2c=0x30 reg=0x0 len=1 data=0f
1778318266.109000 R  i2c=0x30 reg=0x11 len=1
1778318266.113000 R= ret=0 data=00
1778318266.113000 W1 i2c=0x30 reg=0x0 val=0x9
1778318266.113000 W  i2c=0x30 reg=0x0 len=1 data=09
1778318266.114000 R  i2c=0x30 reg=0x62 len=1
1778318266.117000 R= ret=0 data=51
1778318266.117000 W1 i2c=0x30 reg=0x0 val=0xd
1778318266.117000 W  i2c=0x30 reg=0x0 len=1 data=0d
1778318266.118000 R  i2c=0x30 reg=0x86 len=1
1778318266.122000 R= ret=0 data=00
1778318266.133000 W1 i2c=0x30 reg=0x0 val=0xf
1778318266.133000 W  i2c=0x30 reg=0x0 len=1 data=0f
1778318266.134000 R  i2c=0x30 reg=0x11 len=1
1778318266.137000 R= ret=0 data=00
1778318266.137000 W1 i2c=0x30 reg=0x0 val=0x9
1778318266.137000 W  i2c=0x30 reg=0x0 len=1 data=09
1778318266.138000 R  i2c=0x30 reg=0x62 len=1
1778318266.141000 R= ret=0 data=51
1778318266.141000 W1 i2c=0x30 reg=0x0 val=0xd
1778318266.141000 W  i2c=0x30 reg=0x0 len=1 data=0d
1778318266.142000 R  i2c=0x30 reg=0x86 len=1
1778318266.145000 R= ret=0 data=00
1778318266.155000 W1 i2c=0x30 reg=0x0 val=0xf
1778318266.155000 W  i2c=0x30 reg=0x0 len=1 data=0f
1778318266.156000 R  i2c=0x30 reg=0x11 len=1
1778318266.160000 R= ret=0 data=00
1778318266.160000 W1 i2c=0x30 reg=0x0 val=0x9
1778318266.160000 W  i2c=0x30 reg=0x0 len=1 data=09
1778318266.160000 R  i2c=0x30 reg=0x62 len=1
1778318266.164000 R= ret=0 data=51
1778318266.164000 W1 i2c=0x30 reg=0x0 val=0xd
1778318266.164000 W  i2c=0x30 reg=0x0 len=1 data=0d
1778318266.165000 R  i2c=0x30 reg=0x86 len=1
1778318266.168000 R= ret=0 data=00
1778318266.178000 W1 i2c=0x30 reg=0x0 val=0xf
1778318266.178000 W  i2c=0x30 reg=0x0 len=1 data=0f
1778318266.179000 R  i2c=0x30 reg=0x11 len=1
1778318266.183000 R= ret=0 data=00
1778318266.183000 W1 i2c=0x30 reg=0x0 val=0x9
1778318266.183000 W  i2c=0x30 reg=0x0 len=1 data=09
1778318266.184000 R  i2c=0x30 reg=0x62 len=1
1778318266.187000 R= ret=0 data=51
1778318266.187000 W1 i2c=0x30 reg=0x0 val=0xd
1778318266.187000 W  i2c=0x30 reg=0x0 len=1 data=0d
1778318266.188000 R  i2c=0x30 reg=0x86 len=1
1778318266.192000 R= ret=0 data=00
1778318266.202000 W1 i2c=0x30 reg=0x0 val=0xf
1778318266.202000 W  i2c=0x30 reg=0x0 len=1 data=0f
1778318266.203000 R  i2c=0x30 reg=0x11 len=1
1778318266.206000 R= ret=0 data=00
1778318266.206000 W1 i2c=0x30 reg=0x0 val=0x9
1778318266.206000 W  i2c=0x30 reg=0x0 len=1 data=09
1778318266.207000 R  i2c=0x30 reg=0x62 len=1
1778318266.211000 R= ret=0 data=51
1778318266.211000 W1 i2c=0x30 reg=0x0 val=0xd
1778318266.211000 W  i2c=0x30 reg=0x0 len=1 data=0d
1778318266.212000 R  i2c=0x30 reg=0x86 len=1
1778318266.215000 R= ret=0 data=00
1778318266.225000 W1 i2c=0x30 reg=0x0 val=0xf
1778318266.225000 W  i2c=0x30 reg=0x0 len=1 data=0f
1778318266.226000 R  i2c=0x30 reg=0x11 len=1
1778318266.230000 R= ret=0 data=00
1778318266.230000 W1 i2c=0x30 reg=0x0 val=0x9
1778318266.230000 W  i2c=0x30 reg=0x0 len=1 data=09
1778318266.231000 R  i2c=0x30 reg=0x62 len=1
1778318266.234000 R= ret=0 data=51
1778318266.234000 W1 i2c=0x30 reg=0x0 val=0xd
1778318266.234000 W  i2c=0x30 reg=0x0 len=1 data=0d
1778318266.235000 R  i2c=0x30 reg=0x86 len=1
1778318266.239000 R= ret=0 data=00
1778318266.250000 W1 i2c=0x30 reg=0x0 val=0xf
1778318266.250000 W  i2c=0x30 reg=0x0 len=1 data=0f
1778318266.251000 R  i2c=0x30 reg=0x11 len=1
1778318266.254000 R= ret=0 data=00
1778318266.254000 W1 i2c=0x30 reg=0x0 val=0x9
1778318266.254000 W  i2c=0x30 reg=0x0 len=1 data=09
1778318266.255000 R  i2c=0x30 reg=0x62 len=1
1778318266.259000 R= ret=0 data=51
1778318266.259000 W1 i2c=0x30 reg=0x0 val=0xd
1778318266.259000 W  i2c=0x30 reg=0x0 len=1 data=0d
1778318266.260000 R  i2c=0x30 reg=0x86 len=1
1778318266.263000 R= ret=0 data=00
1778318266.273000 W1 i2c=0x30 reg=0x0 val=0xf
1778318266.273000 W  i2c=0x30 reg=0x0 len=1 data=0f
1778318266.274000 R  i2c=0x30 reg=0x11 len=1
1778318266.278000 R= ret=0 data=00
1778318266.278000 W1 i2c=0x30 reg=0x0 val=0x9
1778318266.278000 W  i2c=0x30 reg=0x0 len=1 data=09
1778318266.279000 R  i2c=0x30 reg=0x62 len=1
1778318266.282000 R= ret=0 data=51
1778318266.282000 W1 i2c=0x30 reg=0x0 val=0xd
1778318266.282000 W  i2c=0x30 reg=0x0 len=1 data=0d
1778318266.283000 R  i2c=0x30 reg=0x86 len=1
1778318266.287000 R= ret=0 data=00
1778318266.298000 W1 i2c=0x30 reg=0x0 val=0xf
1778318266.298000 W  i2c=0x30 reg=0x0 len=1 data=0f
1778318266.299000 R  i2c=0x30 reg=0x11 len=1
1778318266.303000 R= ret=0 data=00
1778318266.303000 W1 i2c=0x30 reg=0x0 val=0x9
1778318266.303000 W  i2c=0x30 reg=0x0 len=1 data=09
1778318266.304000 R  i2c=0x30 reg=0x62 len=1
1778318266.307000 R= ret=0 data=51
1778318266.308000 W1 i2c=0x30 reg=0x0 val=0xd
1778318266.308000 W  i2c=0x30 reg=0x0 len=1 data=0d
1778318266.309000 R  i2c=0x30 reg=0x86 len=1
1778318266.312000 R= ret=0 data=00
1778318266.322000 W1 i2c=0x30 reg=0x0 val=0xf
1778318266.322000 W  i2c=0x30 reg=0x0 len=1 data=0f
1778318266.324000 R  i2c=0x30 reg=0x11 len=1
1778318266.327000 R= ret=0 data=00
1778318266.327000 W1 i2c=0x30 reg=0x0 val=0x9
1778318266.327000 W  i2c=0x30 reg=0x0 len=1 data=09
1778318266.339000 R  i2c=0x30 reg=0x62 len=1
1778318266.342000 R= ret=0 data=51
1778318266.342000 W1 i2c=0x30 reg=0x0 val=0xd
1778318266.342000 W  i2c=0x30 reg=0x0 len=1 data=0d
1778318266.343000 R  i2c=0x30 reg=0x86 len=1
1778318266.346000 R= ret=0 data=00
1778318266.358000 W1 i2c=0x30 reg=0x0 val=0xf
1778318266.358000 W  i2c=0x30 reg=0x0 len=1 data=0f
1778318266.359000 R  i2c=0x30 reg=0x11 len=1
1778318266.362000 R= ret=0 data=00
1778318266.362000 W1 i2c=0x30 reg=0x0 val=0x9
1778318266.362000 W  i2c=0x30 reg=0x0 len=1 data=09
1778318266.363000 R  i2c=0x30 reg=0x62 len=1
1778318266.366000 R= ret=0 data=51
1778318266.366000 W1 i2c=0x30 reg=0x0 val=0xd
1778318266.367000 W  i2c=0x30 reg=0x0 len=1 data=0d
1778318266.367000 R  i2c=0x30 reg=0x86 len=1
1778318266.371000 R= ret=0 data=00
1778318266.381000 W1 i2c=0x30 reg=0x0 val=0xf
1778318266.381000 W  i2c=0x30 reg=0x0 len=1 data=0f
1778318266.382000 R  i2c=0x30 reg=0x11 len=1
1778318266.385000 R= ret=0 data=00
1778318266.385000 W1 i2c=0x30 reg=0x0 val=0x9
1778318266.385000 W  i2c=0x30 reg=0x0 len=1 data=09
1778318266.386000 R  i2c=0x30 reg=0x62 len=1
1778318266.389000 R= ret=0 data=51
1778318266.389000 W1 i2c=0x30 reg=0x0 val=0xd
1778318266.389000 W  i2c=0x30 reg=0x0 len=1 data=0d
1778318266.390000 R  i2c=0x30 reg=0x86 len=1
1778318266.394000 R= ret=0 data=00
1778318266.404000 W1 i2c=0x30 reg=0x0 val=0xf
1778318266.404000 W  i2c=0x30 reg=0x0 len=1 data=0f
1778318266.405000 R  i2c=0x30 reg=0x11 len=1
1778318266.408000 R= ret=0 data=00
1778318266.408000 W1 i2c=0x30 reg=0x0 val=0x9
1778318266.408000 W  i2c=0x30 reg=0x0 len=1 data=09
1778318266.409000 R  i2c=0x30 reg=0x62 len=1
1778318266.413000 R= ret=0 data=51
1778318266.413000 W1 i2c=0x30 reg=0x0 val=0xd
1778318266.413000 W  i2c=0x30 reg=0x0 len=1 data=0d
1778318266.414000 R  i2c=0x30 reg=0x86 len=1
1778318266.417000 R= ret=0 data=00
1778318266.428000 W1 i2c=0x30 reg=0x0 val=0xf
1778318266.428000 W  i2c=0x30 reg=0x0 len=1 data=0f
1778318266.429000 R  i2c=0x30 reg=0x11 len=1
1778318266.432000 R= ret=0 data=00
1778318266.432000 W1 i2c=0x30 reg=0x0 val=0x9
1778318266.432000 W  i2c=0x30 reg=0x0 len=1 data=09
1778318266.433000 R  i2c=0x30 reg=0x62 len=1
1778318266.437000 R= ret=0 data=51
1778318266.437000 W1 i2c=0x30 reg=0x0 val=0xd
1778318266.437000 W  i2c=0x30 reg=0x0 len=1 data=0d
1778318266.438000 R  i2c=0x30 reg=0x86 len=1
1778318266.441000 R= ret=0 data=00
1778318266.453000 W1 i2c=0x30 reg=0x0 val=0xf
1778318266.453000 W  i2c=0x30 reg=0x0 len=1 data=0f
1778318266.454000 R  i2c=0x30 reg=0x11 len=1
1778318266.457000 R= ret=0 data=00
1778318266.457000 W1 i2c=0x30 reg=0x0 val=0x9
1778318266.457000 W  i2c=0x30 reg=0x0 len=1 data=09
1778318266.458000 R  i2c=0x30 reg=0x62 len=1
1778318266.461000 R= ret=0 data=51
1778318266.461000 W1 i2c=0x30 reg=0x0 val=0xd
1778318266.461000 W  i2c=0x30 reg=0x0 len=1 data=0d
1778318266.462000 R  i2c=0x30 reg=0x86 len=1
1778318266.465000 R= ret=0 data=00
1778318266.475000 W1 i2c=0x30 reg=0x0 val=0xf
1778318266.475000 W  i2c=0x30 reg=0x0 len=1 data=0f
1778318266.476000 R  i2c=0x30 reg=0x11 len=1
1778318266.480000 R= ret=0 data=00
1778318266.480000 W1 i2c=0x30 reg=0x0 val=0x9
1778318266.480000 W  i2c=0x30 reg=0x0 len=1 data=09
1778318266.481000 R  i2c=0x30 reg=0x62 len=1
1778318266.484000 R= ret=0 data=51
1778318266.484000 W1 i2c=0x30 reg=0x0 val=0xd
1778318266.484000 W  i2c=0x30 reg=0x0 len=1 data=0d
1778318266.485000 R  i2c=0x30 reg=0x86 len=1
1778318266.489000 R= ret=0 data=00
1778318266.499000 W1 i2c=0x30 reg=0x0 val=0xf
1778318266.499000 W  i2c=0x30 reg=0x0 len=1 data=0f
1778318266.500000 R  i2c=0x30 reg=0x11 len=1
1778318266.504000 R= ret=0 data=00
1778318266.504000 W1 i2c=0x30 reg=0x0 val=0x9
1778318266.504000 W  i2c=0x30 reg=0x0 len=1 data=09
1778318266.506000 R  i2c=0x30 reg=0x62 len=1
1778318266.509000 R= ret=0 data=51
1778318266.509000 W1 i2c=0x30 reg=0x0 val=0xd
1778318266.509000 W  i2c=0x30 reg=0x0 len=1 data=0d
1778318266.510000 R  i2c=0x30 reg=0x86 len=1
1778318266.514000 R= ret=0 data=00
1778318266.524000 W1 i2c=0x30 reg=0x0 val=0xf
1778318266.524000 W  i2c=0x30 reg=0x0 len=1 data=0f
1778318266.525000 R  i2c=0x30 reg=0x11 len=1
1778318266.529000 R= ret=0 data=00
1778318266.529000 W1 i2c=0x30 reg=0x0 val=0x9
1778318266.529000 W  i2c=0x30 reg=0x0 len=1 data=09
1778318266.530000 R  i2c=0x30 reg=0x62 len=1
1778318266.533000 R= ret=0 data=51
1778318266.533000 W1 i2c=0x30 reg=0x0 val=0xd
1778318266.533000 W  i2c=0x30 reg=0x0 len=1 data=0d
1778318266.534000 R  i2c=0x30 reg=0x86 len=1
1778318266.538000 R= ret=0 data=00
1778318266.548000 W1 i2c=0x30 reg=0x0 val=0xf
1778318266.548000 W  i2c=0x30 reg=0x0 len=1 data=0f
1778318266.549000 R  i2c=0x30 reg=0x11 len=1
1778318266.552000 R= ret=0 data=00
1778318266.552000 W1 i2c=0x30 reg=0x0 val=0x9
1778318266.552000 W  i2c=0x30 reg=0x0 len=1 data=09
1778318266.553000 R  i2c=0x30 reg=0x62 len=1
1778318266.556000 R= ret=0 data=51
1778318266.556000 W1 i2c=0x30 reg=0x0 val=0xd
1778318266.556000 W  i2c=0x30 reg=0x0 len=1 data=0d
1778318266.557000 R  i2c=0x30 reg=0x86 len=1
1778318266.561000 R= ret=0 data=00
1778318266.571000 W1 i2c=0x30 reg=0x0 val=0xf
1778318266.571000 W  i2c=0x30 reg=0x0 len=1 data=0f
1778318266.572000 R  i2c=0x30 reg=0x11 len=1
1778318266.576000 R= ret=0 data=00
1778318266.576000 W1 i2c=0x30 reg=0x0 val=0x9
1778318266.576000 W  i2c=0x30 reg=0x0 len=1 data=09
1778318266.577000 R  i2c=0x30 reg=0x62 len=1
1778318266.580000 R= ret=0 data=51
1778318266.580000 W1 i2c=0x30 reg=0x0 val=0xd
1778318266.580000 W  i2c=0x30 reg=0x0 len=1 data=0d
1778318266.581000 R  i2c=0x30 reg=0x86 len=1
1778318266.584000 R= ret=0 data=00
1778318266.595000 W1 i2c=0x30 reg=0x0 val=0xf
1778318266.595000 W  i2c=0x30 reg=0x0 len=1 data=0f
1778318266.596000 R  i2c=0x30 reg=0x11 len=1
1778318266.599000 R= ret=0 data=00
1778318266.600000 W1 i2c=0x30 reg=0x0 val=0x9
1778318266.600000 W  i2c=0x30 reg=0x0 len=1 data=09
1778318266.600000 R  i2c=0x30 reg=0x62 len=1
1778318266.604000 R= ret=0 data=51
1778318266.604000 W1 i2c=0x30 reg=0x0 val=0xd
1778318266.604000 W  i2c=0x30 reg=0x0 len=1 data=0d
1778318266.605000 R  i2c=0x30 reg=0x86 len=1
1778318266.608000 R= ret=0 data=00
1778318266.619000 W1 i2c=0x30 reg=0x0 val=0xf
1778318266.619000 W  i2c=0x30 reg=0x0 len=1 data=0f
1778318266.620000 R  i2c=0x30 reg=0x11 len=1
1778318266.623000 R= ret=0 data=00
1778318266.623000 W1 i2c=0x30 reg=0x0 val=0x9
1778318266.623000 W  i2c=0x30 reg=0x0 len=1 data=09
1778318266.624000 R  i2c=0x30 reg=0x62 len=1
1778318266.628000 R= ret=0 data=51
1778318266.628000 W1 i2c=0x30 reg=0x0 val=0xd
1778318266.628000 W  i2c=0x30 reg=0x0 len=1 data=0d
1778318266.629000 R  i2c=0x30 reg=0x86 len=1
1778318266.632000 R= ret=0 data=00
1778318266.642000 W1 i2c=0x30 reg=0x0 val=0xf
1778318266.642000 W  i2c=0x30 reg=0x0 len=1 data=0f
1778318266.643000 R  i2c=0x30 reg=0x11 len=1
1778318266.647000 R= ret=0 data=00
1778318266.647000 W1 i2c=0x30 reg=0x0 val=0x9
1778318266.647000 W  i2c=0x30 reg=0x0 len=1 data=09
1778318266.647000 R  i2c=0x30 reg=0x62 len=1
1778318266.651000 R= ret=0 data=51
1778318266.651000 W1 i2c=0x30 reg=0x0 val=0xd
1778318266.651000 W  i2c=0x30 reg=0x0 len=1 data=0d
1778318266.652000 R  i2c=0x30 reg=0x86 len=1
1778318266.655000 R= ret=0 data=00
1778318266.665000 W1 i2c=0x30 reg=0x0 val=0xf
1778318266.665000 W  i2c=0x30 reg=0x0 len=1 data=0f
1778318266.666000 R  i2c=0x30 reg=0x11 len=1
1778318266.670000 R= ret=0 data=00
1778318266.670000 W1 i2c=0x30 reg=0x0 val=0x9
1778318266.670000 W  i2c=0x30 reg=0x0 len=1 data=09
1778318266.670000 R  i2c=0x30 reg=0x62 len=1
1778318266.674000 R= ret=0 data=51
1778318266.674000 W1 i2c=0x30 reg=0x0 val=0xd
1778318266.674000 W  i2c=0x30 reg=0x0 len=1 data=0d
1778318266.675000 R  i2c=0x30 reg=0x86 len=1
1778318266.678000 R= ret=0 data=00
1778318266.689000 W1 i2c=0x30 reg=0x0 val=0xf
1778318266.689000 W  i2c=0x30 reg=0x0 len=1 data=0f
1778318266.690000 R  i2c=0x30 reg=0x11 len=1
1778318266.693000 R= ret=0 data=00
1778318266.693000 W1 i2c=0x30 reg=0x0 val=0x9
1778318266.693000 W  i2c=0x30 reg=0x0 len=1 data=09
1778318266.694000 R  i2c=0x30 reg=0x62 len=1
1778318266.698000 R= ret=0 data=51
1778318266.698000 W1 i2c=0x30 reg=0x0 val=0xd
1778318266.698000 W  i2c=0x30 reg=0x0 len=1 data=0d
1778318266.698000 R  i2c=0x30 reg=0x86 len=1
1778318266.702000 R= ret=0 data=00
1778318266.712000 W1 i2c=0x30 reg=0x0 val=0xf
1778318266.713000 W  i2c=0x30 reg=0x0 len=1 data=0f
1778318266.714000 R  i2c=0x30 reg=0x11 len=1
1778318266.717000 R= ret=0 data=00
1778318266.717000 W1 i2c=0x30 reg=0x0 val=0x9
1778318266.717000 W  i2c=0x30 reg=0x0 len=1 data=09
1778318266.718000 R  i2c=0x30 reg=0x62 len=1
1778318266.721000 R= ret=0 data=51
1778318266.721000 W1 i2c=0x30 reg=0x0 val=0xd
1778318266.721000 W  i2c=0x30 reg=0x0 len=1 data=0d
1778318266.722000 R  i2c=0x30 reg=0x86 len=1
1778318266.726000 R= ret=0 data=00
1778318266.737000 W1 i2c=0x30 reg=0x0 val=0xf
1778318266.737000 W  i2c=0x30 reg=0x0 len=1 data=0f
1778318266.738000 R  i2c=0x30 reg=0x11 len=1
1778318266.741000 R= ret=0 data=00
1778318266.741000 W1 i2c=0x30 reg=0x0 val=0x9
1778318266.741000 W  i2c=0x30 reg=0x0 len=1 data=09
1778318266.742000 R  i2c=0x30 reg=0x62 len=1
1778318266.745000 R= ret=0 data=51
1778318266.746000 W1 i2c=0x30 reg=0x0 val=0xd
1778318266.746000 W  i2c=0x30 reg=0x0 len=1 data=0d
1778318266.746000 R  i2c=0x30 reg=0x86 len=1
1778318266.750000 R= ret=0 data=00
1778318266.760000 W1 i2c=0x30 reg=0x0 val=0xf
1778318266.760000 W  i2c=0x30 reg=0x0 len=1 data=0f
1778318266.761000 R  i2c=0x30 reg=0x11 len=1
1778318266.764000 R= ret=0 data=00
1778318266.764000 W1 i2c=0x30 reg=0x0 val=0x9
1778318266.764000 W  i2c=0x30 reg=0x0 len=1 data=09
1778318266.765000 R  i2c=0x30 reg=0x62 len=1
1778318266.769000 R= ret=0 data=51
1778318266.769000 W1 i2c=0x30 reg=0x0 val=0xd
1778318266.769000 W  i2c=0x30 reg=0x0 len=1 data=0d
1778318266.770000 R  i2c=0x30 reg=0x86 len=1
1778318266.773000 R= ret=0 data=00
1778318266.784000 W1 i2c=0x30 reg=0x0 val=0xf
1778318266.784000 W  i2c=0x30 reg=0x0 len=1 data=0f
1778318266.785000 R  i2c=0x30 reg=0x11 len=1
1778318266.789000 R= ret=0 data=00
1778318266.789000 W1 i2c=0x30 reg=0x0 val=0x9
1778318266.789000 W  i2c=0x30 reg=0x0 len=1 data=09
1778318266.790000 R  i2c=0x30 reg=0x62 len=1
1778318266.793000 R= ret=0 data=51
1778318266.793000 W1 i2c=0x30 reg=0x0 val=0xd
1778318266.793000 W  i2c=0x30 reg=0x0 len=1 data=0d
1778318266.794000 R  i2c=0x30 reg=0x86 len=1
1778318266.797000 R= ret=0 data=00
1778318266.808000 W1 i2c=0x30 reg=0x0 val=0xf
1778318266.808000 W  i2c=0x30 reg=0x0 len=1 data=0f
1778318266.809000 R  i2c=0x30 reg=0x11 len=1
1778318266.813000 R= ret=0 data=00
1778318266.813000 W1 i2c=0x30 reg=0x0 val=0x9
1778318266.813000 W  i2c=0x30 reg=0x0 len=1 data=09
1778318266.814000 R  i2c=0x30 reg=0x62 len=1
1778318266.816000 W1 i2c=0x30 reg=0x0 val=0xf
1778318266.816000 W  i2c=0x30 reg=0x0 len=1 data=0f
1778318266.817000 R= ret=0 data=51
1778318266.817000 W1 i2c=0x30 reg=0x0 val=0xd
1778318266.817000 W  i2c=0x30 reg=0x0 len=1 data=0d
1778318266.818000 R  i2c=0x30 reg=0x11 len=1
1778318266.819000 R  i2c=0x30 reg=0x86 len=1
1778318266.823000 R= ret=0 data=00
1778318266.823000 W1 i2c=0x30 reg=0x0 val=0x9
1778318266.823000 W  i2c=0x30 reg=0x0 len=1 data=09
1778318266.826000 R= ret=0 data=00
1778318266.826000 <<< sony_cxd6801_integ_atsc_Tune ret=5
1778318266.826000 DRV_acquire ret=5
1778318266.827000 R  i2c=0x30 reg=0x62 len=1
1778318266.830000 R= ret=0 data=51
1778318266.830000 W1 i2c=0x30 reg=0x0 val=0xd
1778318266.830000 W  i2c=0x30 reg=0x0 len=1 data=0d
1778318266.831000 R  i2c=0x30 reg=0x86 len=1
1778318266.835000 R= ret=0 data=00
1778318266.835000 W1 i2c=0x30 reg=0x0 val=0xd
1778318266.835000 W  i2c=0x30 reg=0x0 len=1 data=0d
1778318266.836000 R  i2c=0x30 reg=0x86 len=1
1778318266.839000 R= ret=0 data=00
1778318266.839000 W1 i2c=0x30 reg=0x0 val=0xd
1778318266.839000 W  i2c=0x30 reg=0x0 len=1 data=0d
1778318266.840000 R  i2c=0x30 reg=0x86 len=1
1778318266.843000 R= ret=0 data=00
1778318266.843000 W1 i2c=0xdc reg=0x8 val=0x1
1778318266.843000 W  i2c=0xdc reg=0x8 len=1 data=01
1778318266.844000 W  i2c=0xc0 reg=0x87 len=2 data=c4 41
1778318266.845000 W  i2c=0xc0 reg=0x59 len=2 data=05 01
1778318266.846000 R  i2c=0xc0 reg=0x5b len=1
1778318266.849000 R= ret=0 data=2c
1778318266.849000 W  i2c=0xc0 reg=0x59 len=2 data=03 01
1778318266.850000 R  i2c=0xc0 reg=0x5b len=1
1778318266.853000 R= ret=0 data=08
1778318266.853000 W1 i2c=0xc0 reg=0x59 val=0x4
1778318266.853000 W  i2c=0xc0 reg=0x59 len=1 data=04
1778318266.854000 W1 i2c=0xc0 reg=0x88 val=0x0
1778318266.854000 W  i2c=0xc0 reg=0x88 len=1 data=00
1778318266.855000 W1 i2c=0xc0 reg=0x87 val=0xc0
1778318266.855000 W  i2c=0xc0 reg=0x87 len=1 data=c0
1778318266.856000 R  i2c=0xc0 reg=0x69 len=1
1778318266.860000 R= ret=0 data=88
1778318266.860000 W1 i2c=0xdc reg=0x8 val=0x0
1778318266.860000 W  i2c=0xdc reg=0x8 len=1 data=00
1778318267.661000 W1 i2c=0x30 reg=0x0 val=0xf
1778318267.661000 W  i2c=0x30 reg=0x0 len=1 data=0f
1778318267.663000 R  i2c=0x30 reg=0x11 len=1
1778318267.666000 R= ret=0 data=00
1778318267.666000 W1 i2c=0x30 reg=0x0 val=0x9
1778318267.666000 W  i2c=0x30 reg=0x0 len=1 data=09
1778318267.667000 R  i2c=0x30 reg=0x62 len=1
1778318267.671000 R= ret=0 data=51
1778318267.671000 W1 i2c=0x30 reg=0x0 val=0xd
1778318267.671000 W  i2c=0x30 reg=0x0 len=1 data=0d
1778318267.672000 R  i2c=0x30 reg=0x86 len=1
1778318267.676000 R= ret=0 data=00
1778318267.676000 W1 i2c=0x30 reg=0x0 val=0xd
1778318267.676000 W  i2c=0x30 reg=0x0 len=1 data=0d
1778318267.677000 R  i2c=0x30 reg=0x86 len=1
1778318267.681000 R= ret=0 data=00
1778318267.681000 W1 i2c=0x30 reg=0x0 val=0xd
1778318267.681000 W  i2c=0x30 reg=0x0 len=1 data=0d
1778318267.682000 R  i2c=0x30 reg=0x86 len=1
1778318267.685000 R= ret=0 data=00
1778318267.685000 W1 i2c=0xdc reg=0x8 val=0x1
1778318267.685000 W  i2c=0xdc reg=0x8 len=1 data=01
1778318267.686000 W  i2c=0xc0 reg=0x87 len=2 data=c4 41
1778318267.687000 W  i2c=0xc0 reg=0x59 len=2 data=05 01
1778318267.688000 R  i2c=0xc0 reg=0x5b len=1
1778318267.691000 R= ret=0 data=2c
1778318267.692000 W  i2c=0xc0 reg=0x59 len=2 data=03 01
1778318267.692000 R  i2c=0xc0 reg=0x5b len=1
1778318267.696000 R= ret=0 data=08
1778318267.696000 W1 i2c=0xc0 reg=0x59 val=0x4
1778318267.696000 W  i2c=0xc0 reg=0x59 len=1 data=04
1778318267.697000 W1 i2c=0xc0 reg=0x88 val=0x0
1778318267.697000 W  i2c=0xc0 reg=0x88 len=1 data=00
1778318267.698000 W1 i2c=0xc0 reg=0x87 val=0xc0
1778318267.698000 W  i2c=0xc0 reg=0x87 len=1 data=c0
1778318267.699000 R  i2c=0xc0 reg=0x69 len=1
1778318267.702000 R= ret=0 data=88
1778318267.702000 W1 i2c=0xdc reg=0x8 val=0x0
1778318267.702000 W  i2c=0xdc reg=0x8 len=1 data=00
1778318268.505000 W1 i2c=0x30 reg=0x0 val=0xf
1778318268.505000 W  i2c=0x30 reg=0x0 len=1 data=0f
1778318268.507000 R  i2c=0x30 reg=0x11 len=1
1778318268.510000 R= ret=0 data=00
1778318268.510000 W1 i2c=0x30 reg=0x0 val=0x9
1778318268.510000 W  i2c=0x30 reg=0x0 len=1 data=09
1778318268.511000 R  i2c=0x30 reg=0x62 len=1
1778318268.516000 R= ret=0 data=51
1778318268.516000 W1 i2c=0x30 reg=0x0 val=0xd
1778318268.516000 W  i2c=0x30 reg=0x0 len=1 data=0d
1778318268.517000 R  i2c=0x30 reg=0x86 len=1
1778318268.520000 R= ret=0 data=00
1778318268.520000 W1 i2c=0x30 reg=0x0 val=0xd
1778318268.520000 W  i2c=0x30 reg=0x0 len=1 data=0d
1778318268.521000 R  i2c=0x30 reg=0x86 len=1
1778318268.525000 R= ret=0 data=00
1778318268.525000 W1 i2c=0x30 reg=0x0 val=0xd
1778318268.525000 W  i2c=0x30 reg=0x0 len=1 data=0d
1778318268.526000 R  i2c=0x30 reg=0x86 len=1
1778318268.530000 R= ret=0 data=00
1778318268.530000 W1 i2c=0xdc reg=0x8 val=0x1
1778318268.530000 W  i2c=0xdc reg=0x8 len=1 data=01
1778318268.531000 W  i2c=0xc0 reg=0x87 len=2 data=c4 41
1778318268.532000 W  i2c=0xc0 reg=0x59 len=2 data=05 01
1778318268.532000 R  i2c=0xc0 reg=0x5b len=1
1778318268.536000 R= ret=0 data=2d
1778318268.536000 W  i2c=0xc0 reg=0x59 len=2 data=03 01
1778318268.537000 R  i2c=0xc0 reg=0x5b len=1
1778318268.540000 R= ret=0 data=08
1778318268.540000 W1 i2c=0xc0 reg=0x59 val=0x4
1778318268.540000 W  i2c=0xc0 reg=0x59 len=1 data=04
1778318268.541000 W1 i2c=0xc0 reg=0x88 val=0x0
1778318268.541000 W  i2c=0xc0 reg=0x88 len=1 data=00
1778318268.542000 W1 i2c=0xc0 reg=0x87 val=0xc0
1778318268.542000 W  i2c=0xc0 reg=0x87 len=1 data=c0
1778318268.543000 R  i2c=0xc0 reg=0x69 len=1
1778318268.547000 R= ret=0 data=88
1778318268.547000 W1 i2c=0xdc reg=0x8 val=0x0
1778318268.547000 W  i2c=0xdc reg=0x8 len=1 data=00
1778318269.349000 W1 i2c=0x30 reg=0x0 val=0xf
1778318269.349000 W  i2c=0x30 reg=0x0 len=1 data=0f
1778318269.350000 R  i2c=0x30 reg=0x11 len=1
1778318269.354000 R= ret=0 data=00
1778318269.354000 W1 i2c=0x30 reg=0x0 val=0x9
1778318269.354000 W  i2c=0x30 reg=0x0 len=1 data=09
1778318269.355000 R  i2c=0x30 reg=0x62 len=1
1778318269.358000 R= ret=0 data=51
1778318269.358000 W1 i2c=0x30 reg=0x0 val=0xd
1778318269.358000 W  i2c=0x30 reg=0x0 len=1 data=0d
1778318269.359000 R  i2c=0x30 reg=0x86 len=1
1778318269.362000 R= ret=0 data=00
1778318269.362000 W1 i2c=0x30 reg=0x0 val=0xd
1778318269.362000 W  i2c=0x30 reg=0x0 len=1 data=0d
1778318269.363000 R  i2c=0x30 reg=0x86 len=1
1778318269.367000 R= ret=0 data=00
1778318269.367000 W1 i2c=0x30 reg=0x0 val=0xd
1778318269.367000 W  i2c=0x30 reg=0x0 len=1 data=0d
1778318269.367000 R  i2c=0x30 reg=0x86 len=1
1778318269.371000 R= ret=0 data=00
1778318269.371000 W1 i2c=0xdc reg=0x8 val=0x1
1778318269.371000 W  i2c=0xdc reg=0x8 len=1 data=01
1778318269.372000 W  i2c=0xc0 reg=0x87 len=2 data=c4 41
1778318269.372000 W  i2c=0xc0 reg=0x59 len=2 data=05 01
1778318269.373000 R  i2c=0xc0 reg=0x5b len=1
1778318269.377000 R= ret=0 data=2c
1778318269.377000 W  i2c=0xc0 reg=0x59 len=2 data=03 01
1778318269.378000 R  i2c=0xc0 reg=0x5b len=1
1778318269.381000 R= ret=0 data=08
1778318269.381000 W1 i2c=0xc0 reg=0x59 val=0x4
1778318269.381000 W  i2c=0xc0 reg=0x59 len=1 data=04
1778318269.382000 W1 i2c=0xc0 reg=0x88 val=0x0
1778318269.382000 W  i2c=0xc0 reg=0x88 len=1 data=00
1778318269.383000 W1 i2c=0xc0 reg=0x87 val=0xc0
1778318269.383000 W  i2c=0xc0 reg=0x87 len=1 data=c0
1778318269.384000 R  i2c=0xc0 reg=0x69 len=1
1778318269.387000 R= ret=0 data=88
1778318269.387000 W1 i2c=0xdc reg=0x8 val=0x0
1778318269.387000 W  i2c=0xdc reg=0x8 len=1 data=00
1778318270.191000 W1 i2c=0x30 reg=0x0 val=0xf
1778318270.191000 W  i2c=0x30 reg=0x0 len=1 data=0f
1778318270.192000 R  i2c=0x30 reg=0x11 len=1
1778318270.196000 R= ret=0 data=00
1778318270.196000 W1 i2c=0x30 reg=0x0 val=0x9
1778318270.196000 W  i2c=0x30 reg=0x0 len=1 data=09
1778318270.197000 R  i2c=0x30 reg=0x62 len=1
1778318270.200000 R= ret=0 data=51
1778318270.200000 W1 i2c=0x30 reg=0x0 val=0xd
1778318270.200000 W  i2c=0x30 reg=0x0 len=1 data=0d
1778318270.201000 R  i2c=0x30 reg=0x86 len=1
1778318270.205000 R= ret=0 data=00
1778318270.205000 W1 i2c=0x30 reg=0x0 val=0xd
1778318270.205000 W  i2c=0x30 reg=0x0 len=1 data=0d
1778318270.206000 R  i2c=0x30 reg=0x86 len=1
1778318270.209000 R= ret=0 data=00
1778318270.209000 W1 i2c=0x30 reg=0x0 val=0xd
1778318270.209000 W  i2c=0x30 reg=0x0 len=1 data=0d
1778318270.210000 R  i2c=0x30 reg=0x86 len=1
1778318270.214000 R= ret=0 data=00
1778318270.214000 W1 i2c=0xdc reg=0x8 val=0x1
1778318270.214000 W  i2c=0xdc reg=0x8 len=1 data=01
1778318270.215000 W  i2c=0xc0 reg=0x87 len=2 data=c4 41
1778318270.216000 W  i2c=0xc0 reg=0x59 len=2 data=05 01
1778318270.217000 R  i2c=0xc0 reg=0x5b len=1
1778318270.220000 R= ret=0 data=2c
1778318270.220000 W  i2c=0xc0 reg=0x59 len=2 data=03 01
1778318270.221000 R  i2c=0xc0 reg=0x5b len=1
1778318270.224000 R= ret=0 data=08
1778318270.224000 W1 i2c=0xc0 reg=0x59 val=0x4
1778318270.224000 W  i2c=0xc0 reg=0x59 len=1 data=04
1778318270.225000 W1 i2c=0xc0 reg=0x88 val=0x0
1778318270.225000 W  i2c=0xc0 reg=0x88 len=1 data=00
1778318270.226000 W1 i2c=0xc0 reg=0x87 val=0xc0
1778318270.226000 W  i2c=0xc0 reg=0x87 len=1 data=c0
1778318270.227000 R  i2c=0xc0 reg=0x69 len=1
1778318270.231000 R= ret=0 data=88
1778318270.231000 W1 i2c=0xdc reg=0x8 val=0x0
1778318270.231000 W  i2c=0xdc reg=0x8 len=1 data=00
1778318271.033000 W1 i2c=0x30 reg=0x0 val=0xf
1778318271.033000 W  i2c=0x30 reg=0x0 len=1 data=0f
1778318271.035000 R  i2c=0x30 reg=0x11 len=1
1778318271.039000 R= ret=0 data=00
1778318271.039000 W1 i2c=0x30 reg=0x0 val=0x9
1778318271.039000 W  i2c=0x30 reg=0x0 len=1 data=09
1778318271.040000 R  i2c=0x30 reg=0x62 len=1
1778318271.043000 R= ret=0 data=51
1778318271.043000 W1 i2c=0x30 reg=0x0 val=0xd
1778318271.043000 W  i2c=0x30 reg=0x0 len=1 data=0d
1778318271.044000 R  i2c=0x30 reg=0x86 len=1
1778318271.048000 R= ret=0 data=00
1778318271.048000 W1 i2c=0x30 reg=0x0 val=0xd
1778318271.048000 W  i2c=0x30 reg=0x0 len=1 data=0d
1778318271.049000 R  i2c=0x30 reg=0x86 len=1
1778318271.052000 R= ret=0 data=00
1778318271.052000 W1 i2c=0x30 reg=0x0 val=0xd
1778318271.052000 W  i2c=0x30 reg=0x0 len=1 data=0d
1778318271.053000 R  i2c=0x30 reg=0x86 len=1
1778318271.057000 R= ret=0 data=00
1778318271.057000 W1 i2c=0xdc reg=0x8 val=0x1
1778318271.057000 W  i2c=0xdc reg=0x8 len=1 data=01
1778318271.058000 W  i2c=0xc0 reg=0x87 len=2 data=c4 41
1778318271.059000 W  i2c=0xc0 reg=0x59 len=2 data=05 01
1778318271.060000 R  i2c=0xc0 reg=0x5b len=1
1778318271.063000 R= ret=0 data=2d
1778318271.063000 W  i2c=0xc0 reg=0x59 len=2 data=03 01
1778318271.064000 R  i2c=0xc0 reg=0x5b len=1
1778318271.067000 R= ret=0 data=08
1778318271.067000 W1 i2c=0xc0 reg=0x59 val=0x4
1778318271.067000 W  i2c=0xc0 reg=0x59 len=1 data=04
1778318271.068000 W1 i2c=0xc0 reg=0x88 val=0x0
1778318271.068000 W  i2c=0xc0 reg=0x88 len=1 data=00
1778318271.069000 W1 i2c=0xc0 reg=0x87 val=0xc0
1778318271.069000 W  i2c=0xc0 reg=0x87 len=1 data=c0
1778318271.070000 R  i2c=0xc0 reg=0x69 len=1
1778318271.073000 R= ret=0 data=88
1778318271.073000 W1 i2c=0xdc reg=0x8 val=0x0
1778318271.073000 W  i2c=0xdc reg=0x8 len=1 data=00
1778318271.875000 W1 i2c=0x30 reg=0x0 val=0xf
1778318271.875000 W  i2c=0x30 reg=0x0 len=1 data=0f
1778318271.876000 R  i2c=0x30 reg=0x11 len=1
1778318271.880000 R= ret=0 data=00
1778318271.880000 W1 i2c=0x30 reg=0x0 val=0x9
1778318271.880000 W  i2c=0x30 reg=0x0 len=1 data=09
1778318271.882000 R  i2c=0x30 reg=0x62 len=1
1778318271.885000 R= ret=0 data=51
1778318271.886000 W1 i2c=0x30 reg=0x0 val=0xd
1778318271.886000 W  i2c=0x30 reg=0x0 len=1 data=0d
1778318271.887000 R  i2c=0x30 reg=0x86 len=1
1778318271.890000 R= ret=0 data=00
1778318271.890000 W1 i2c=0x30 reg=0x0 val=0xd
1778318271.890000 W  i2c=0x30 reg=0x0 len=1 data=0d
1778318271.891000 R  i2c=0x30 reg=0x86 len=1
1778318271.895000 R= ret=0 data=00
1778318271.895000 W1 i2c=0x30 reg=0x0 val=0xd
1778318271.895000 W  i2c=0x30 reg=0x0 len=1 data=0d
1778318271.896000 R  i2c=0x30 reg=0x86 len=1
1778318271.900000 R= ret=0 data=00
1778318271.900000 W1 i2c=0xdc reg=0x8 val=0x1
1778318271.900000 W  i2c=0xdc reg=0x8 len=1 data=01
1778318271.901000 W  i2c=0xc0 reg=0x87 len=2 data=c4 41
1778318271.902000 W  i2c=0xc0 reg=0x59 len=2 data=05 01
1778318271.903000 R  i2c=0xc0 reg=0x5b len=1
1778318271.907000 R= ret=0 data=2c
1778318271.907000 W  i2c=0xc0 reg=0x59 len=2 data=03 01
1778318271.908000 R  i2c=0xc0 reg=0x5b len=1
1778318271.911000 R= ret=0 data=08
1778318271.911000 W1 i2c=0xc0 reg=0x59 val=0x4
1778318271.911000 W  i2c=0xc0 reg=0x59 len=1 data=04
1778318271.912000 W1 i2c=0xc0 reg=0x88 val=0x0
1778318271.912000 W  i2c=0xc0 reg=0x88 len=1 data=00
1778318271.913000 W1 i2c=0xc0 reg=0x87 val=0xc0
1778318271.913000 W  i2c=0xc0 reg=0x87 len=1 data=c0
1778318271.914000 R  i2c=0xc0 reg=0x69 len=1
1778318271.918000 R= ret=0 data=88
1778318271.918000 W1 i2c=0xdc reg=0x8 val=0x0
1778318271.918000 W  i2c=0xdc reg=0x8 len=1 data=00
1778318272.719000 W1 i2c=0x30 reg=0x0 val=0xf
1778318272.719000 W  i2c=0x30 reg=0x0 len=1 data=0f
1778318272.720000 R  i2c=0x30 reg=0x11 len=1
1778318272.724000 R= ret=0 data=00
1778318272.724000 W1 i2c=0x30 reg=0x0 val=0x9
1778318272.724000 W  i2c=0x30 reg=0x0 len=1 data=09
1778318272.725000 R  i2c=0x30 reg=0x62 len=1
1778318272.729000 R= ret=0 data=51
1778318272.729000 W1 i2c=0x30 reg=0x0 val=0xd
1778318272.729000 W  i2c=0x30 reg=0x0 len=1 data=0d
1778318272.730000 R  i2c=0x30 reg=0x86 len=1
1778318272.733000 R= ret=0 data=00
1778318272.733000 W1 i2c=0x30 reg=0x0 val=0xd
1778318272.733000 W  i2c=0x30 reg=0x0 len=1 data=0d
1778318272.734000 R  i2c=0x30 reg=0x86 len=1
1778318272.737000 R= ret=0 data=00
1778318272.737000 W1 i2c=0x30 reg=0x0 val=0xd
1778318272.737000 W  i2c=0x30 reg=0x0 len=1 data=0d
1778318272.738000 R  i2c=0x30 reg=0x86 len=1
1778318272.743000 R= ret=0 data=00
1778318272.743000 W1 i2c=0xdc reg=0x8 val=0x1
1778318272.743000 W  i2c=0xdc reg=0x8 len=1 data=01
1778318272.744000 W  i2c=0xc0 reg=0x87 len=2 data=c4 41
1778318272.745000 W  i2c=0xc0 reg=0x59 len=2 data=05 01
1778318272.745000 R  i2c=0xc0 reg=0x5b len=1
1778318272.749000 R= ret=0 data=2c
1778318272.749000 W  i2c=0xc0 reg=0x59 len=2 data=03 01
1778318272.750000 R  i2c=0xc0 reg=0x5b len=1
1778318272.753000 R= ret=0 data=08
1778318272.753000 W1 i2c=0xc0 reg=0x59 val=0x4
1778318272.753000 W  i2c=0xc0 reg=0x59 len=1 data=04
1778318272.754000 W1 i2c=0xc0 reg=0x88 val=0x0
1778318272.754000 W  i2c=0xc0 reg=0x88 len=1 data=00
1778318272.755000 W1 i2c=0xc0 reg=0x87 val=0xc0
1778318272.755000 W  i2c=0xc0 reg=0x87 len=1 data=c0
1778318272.756000 R  i2c=0xc0 reg=0x69 len=1
1778318272.759000 R= ret=0 data=88
1778318272.760000 W1 i2c=0xdc reg=0x8 val=0x0
1778318272.760000 W  i2c=0xdc reg=0x8 len=1 data=00
1778318272.829000 nativeTune -> 569000
1778318272.829000 DRV_acquire: oldStd=0x5 freq=569000 -> ATSC 1.0
1778318272.829000 >>> sony_cxd6801_integ_atsc_Tune
1778318272.829000 >>> sony_cxd6801_demod_atsc_Tune
1778318272.829000 >>> sony_cxd6801_demod_SetStreamOutput
1778318272.829000 W1 i2c=0xd8 reg=0x0 val=0x0
1778318272.829000 W  i2c=0xd8 reg=0x0 len=1 data=00
1778318272.830000 R  i2c=0xd8 reg=0xa9 len=1
1778318272.833000 R= ret=0 data=00
1778318272.833000 W1 i2c=0xd8 reg=0x0 val=0x0
1778318272.833000 W  i2c=0xd8 reg=0x0 len=1 data=00
1778318272.834000 W1 i2c=0xd8 reg=0xc3 val=0x1
1778318272.834000 W  i2c=0xd8 reg=0xc3 len=1 data=01
1778318272.835000 <<< sony_cxd6801_demod_SetStreamOutput ret=0
1778318272.835000 <<< sony_cxd6801_demod_atsc_Tune ret=0
1778318272.835000 W1 i2c=0xdc reg=0x8 val=0x1
1778318272.835000 W  i2c=0xdc reg=0x8 len=1 data=01
1778318272.836000 B  i2c=0xc0 reg=0x74 val=0x2 mask=0x3
1778318272.836000 R  i2c=0xc0 reg=0x74 len=1
1778318272.840000 R= ret=0 data=11
1778318272.840000 W1 i2c=0xc0 reg=0x74 val=0x12
1778318272.840000 W  i2c=0xc0 reg=0x74 len=1 data=12
1778318272.841000 W  i2c=0xc0 reg=0x87 len=2 data=c4 40
1778318272.842000 W  i2c=0xc0 reg=0x91 len=2 data=10 20
1778318272.843000 W  i2c=0xc0 reg=0x9c len=2 data=00 00
1778318272.844000 W  i2c=0xc0 reg=0x5e len=9 data=ee 02 1e 67 03 b4 78 08
1778318272.845000 B  i2c=0xc0 reg=0x67 val=0x0 mask=0x6
1778318272.845000 R  i2c=0xc0 reg=0x67 len=1
1778318272.849000 R= ret=0 data=00
1778318272.849000 W1 i2c=0xc0 reg=0x67 val=0x0
1778318272.849000 W  i2c=0xc0 reg=0x67 len=1 data=00
1778318272.850000 W  i2c=0xc0 reg=0x68 len=17 data=00 88 00 0b 23 00 1a 1d
1778318272.901000 W1 i2c=0xc0 reg=0x88 val=0x0
1778318272.901000 W  i2c=0xc0 reg=0x88 len=1 data=00
1778318272.902000 W1 i2c=0xc0 reg=0x87 val=0xc0
1778318272.902000 W  i2c=0xc0 reg=0x87 len=1 data=c0
1778318272.903000 W1 i2c=0xdc reg=0x8 val=0x0
1778318272.903000 W  i2c=0xdc reg=0x8 len=1 data=00
1778318272.904000 W1 i2c=0x98 reg=0x0 val=0x1
1778318272.904000 W  i2c=0x98 reg=0x0 len=1 data=01
1778318272.905000 W1 i2c=0x98 reg=0x48 val=0x1
1778318272.905000 W  i2c=0x98 reg=0x48 len=1 data=01
1778318272.906000 W  i2c=0x98 reg=0xa len=6 data=b3 10 00 00 00 00
1778318272.907000 R  i2c=0x98 reg=0xa len=6
1778318272.910000 R= ret=0 data=30 00 00 00 00 b3
1778318272.910000 >>> sony_cxd6801_demod_SetStreamOutput
1778318272.910000 W1 i2c=0xd8 reg=0x0 val=0x0
1778318272.910000 W  i2c=0xd8 reg=0x0 len=1 data=00
1778318272.911000 R  i2c=0xd8 reg=0xa9 len=1
1778318272.915000 R= ret=0 data=00
1778318272.915000 W1 i2c=0xd8 reg=0x0 val=0x0
1778318272.915000 W  i2c=0xd8 reg=0x0 len=1 data=00
1778318272.916000 W1 i2c=0xd8 reg=0xc3 val=0x0
1778318272.916000 W  i2c=0xd8 reg=0xc3 len=1 data=00
1778318272.917000 <<< sony_cxd6801_demod_SetStreamOutput ret=0
1778318272.917000 W1 i2c=0x30 reg=0x0 val=0xf
1778318272.917000 W  i2c=0x30 reg=0x0 len=1 data=0f
1778318272.918000 R  i2c=0x30 reg=0x11 len=1
1778318272.921000 R= ret=0 data=00
1778318272.921000 W1 i2c=0x30 reg=0x0 val=0x9
1778318272.921000 W  i2c=0x30 reg=0x0 len=1 data=09
1778318272.922000 R  i2c=0x30 reg=0x62 len=1
1778318272.925000 R= ret=0 data=51
1778318272.926000 W1 i2c=0x30 reg=0x0 val=0xd
1778318272.926000 W  i2c=0x30 reg=0x0 len=1 data=0d
1778318272.926000 R  i2c=0x30 reg=0x86 len=1
1778318272.930000 R= ret=0 data=00
1778318272.940000 W1 i2c=0x30 reg=0x0 val=0xf
1778318272.940000 W  i2c=0x30 reg=0x0 len=1 data=0f
1778318272.941000 R  i2c=0x30 reg=0x11 len=1
1778318272.945000 R= ret=0 data=00
1778318272.945000 W1 i2c=0x30 reg=0x0 val=0x9
1778318272.945000 W  i2c=0x30 reg=0x0 len=1 data=09
1778318272.946000 R  i2c=0x30 reg=0x62 len=1
1778318272.949000 R= ret=0 data=51
1778318272.949000 W1 i2c=0x30 reg=0x0 val=0xd
1778318272.949000 W  i2c=0x30 reg=0x0 len=1 data=0d
1778318272.950000 R  i2c=0x30 reg=0x86 len=1
1778318272.954000 R= ret=0 data=00
1778318272.964000 W1 i2c=0x30 reg=0x0 val=0xf
1778318272.964000 W  i2c=0x30 reg=0x0 len=1 data=0f
1778318272.966000 R  i2c=0x30 reg=0x11 len=1
1778318272.969000 R= ret=0 data=00
1778318272.969000 W1 i2c=0x30 reg=0x0 val=0x9
1778318272.969000 W  i2c=0x30 reg=0x0 len=1 data=09
1778318272.970000 R  i2c=0x30 reg=0x62 len=1
1778318272.973000 R= ret=0 data=51
1778318272.973000 W1 i2c=0x30 reg=0x0 val=0xd
1778318272.973000 W  i2c=0x30 reg=0x0 len=1 data=0d
1778318272.974000 R  i2c=0x30 reg=0x86 len=1
1778318272.977000 R= ret=0 data=00
1778318272.987000 W1 i2c=0x30 reg=0x0 val=0xf
1778318272.987000 W  i2c=0x30 reg=0x0 len=1 data=0f
1778318272.988000 R  i2c=0x30 reg=0x11 len=1
1778318272.992000 R= ret=0 data=00
1778318272.992000 W1 i2c=0x30 reg=0x0 val=0x9
1778318272.992000 W  i2c=0x30 reg=0x0 len=1 data=09
1778318272.993000 R  i2c=0x30 reg=0x62 len=1
1778318272.996000 R= ret=0 data=51
1778318272.996000 W1 i2c=0x30 reg=0x0 val=0xd
1778318272.996000 W  i2c=0x30 reg=0x0 len=1 data=0d
1778318272.997000 R  i2c=0x30 reg=0x86 len=1
1778318273.000000 R= ret=0 data=00
1778318273.011000 W1 i2c=0x30 reg=0x0 val=0xf
1778318273.011000 W  i2c=0x30 reg=0x0 len=1 data=0f
1778318273.012000 R  i2c=0x30 reg=0x11 len=1
1778318273.015000 R= ret=0 data=00
1778318273.015000 W1 i2c=0x30 reg=0x0 val=0x9
1778318273.015000 W  i2c=0x30 reg=0x0 len=1 data=09
1778318273.016000 R  i2c=0x30 reg=0x62 len=1
1778318273.020000 R= ret=0 data=51
1778318273.020000 W1 i2c=0x30 reg=0x0 val=0xd
1778318273.020000 W  i2c=0x30 reg=0x0 len=1 data=0d
1778318273.020000 R  i2c=0x30 reg=0x86 len=1
1778318273.024000 R= ret=0 data=00
1778318273.034000 W1 i2c=0x30 reg=0x0 val=0xf
1778318273.034000 W  i2c=0x30 reg=0x0 len=1 data=0f
1778318273.035000 R  i2c=0x30 reg=0x11 len=1
1778318273.038000 R= ret=0 data=00
1778318273.038000 W1 i2c=0x30 reg=0x0 val=0x9
1778318273.038000 W  i2c=0x30 reg=0x0 len=1 data=09
1778318273.039000 R  i2c=0x30 reg=0x62 len=1
1778318273.043000 R= ret=0 data=51
1778318273.043000 W1 i2c=0x30 reg=0x0 val=0xd
1778318273.043000 W  i2c=0x30 reg=0x0 len=1 data=0d
1778318273.044000 R  i2c=0x30 reg=0x86 len=1
1778318273.047000 R= ret=0 data=00
1778318273.059000 W1 i2c=0x30 reg=0x0 val=0xf
1778318273.059000 W  i2c=0x30 reg=0x0 len=1 data=0f
1778318273.059000 R  i2c=0x30 reg=0x11 len=1
1778318273.063000 R= ret=0 data=00
1778318273.063000 W1 i2c=0x30 reg=0x0 val=0x9
1778318273.063000 W  i2c=0x30 reg=0x0 len=1 data=09
1778318273.064000 R  i2c=0x30 reg=0x62 len=1
1778318273.067000 R= ret=0 data=51
1778318273.067000 W1 i2c=0x30 reg=0x0 val=0xd
1778318273.068000 W  i2c=0x30 reg=0x0 len=1 data=0d
1778318273.068000 R  i2c=0x30 reg=0x86 len=1
1778318273.072000 R= ret=0 data=00
1778318273.083000 W1 i2c=0x30 reg=0x0 val=0xf
1778318273.083000 W  i2c=0x30 reg=0x0 len=1 data=0f
1778318273.084000 R  i2c=0x30 reg=0x11 len=1
1778318273.087000 R= ret=0 data=00
1778318273.087000 W1 i2c=0x30 reg=0x0 val=0x9
1778318273.087000 W  i2c=0x30 reg=0x0 len=1 data=09
1778318273.088000 R  i2c=0x30 reg=0x62 len=1
1778318273.091000 R= ret=0 data=51
1778318273.091000 W1 i2c=0x30 reg=0x0 val=0xd
1778318273.091000 W  i2c=0x30 reg=0x0 len=1 data=0d
1778318273.092000 R  i2c=0x30 reg=0x86 len=1
1778318273.096000 R= ret=0 data=00
1778318273.107000 W1 i2c=0x30 reg=0x0 val=0xf
1778318273.107000 W  i2c=0x30 reg=0x0 len=1 data=0f
1778318273.107000 R  i2c=0x30 reg=0x11 len=1
1778318273.110000 R= ret=0 data=00
1778318273.111000 W1 i2c=0x30 reg=0x0 val=0x9
1778318273.111000 W  i2c=0x30 reg=0x0 len=1 data=09
1778318273.112000 R  i2c=0x30 reg=0x62 len=1
1778318273.115000 R= ret=0 data=51
1778318273.115000 W1 i2c=0x30 reg=0x0 val=0xd
1778318273.115000 W  i2c=0x30 reg=0x0 len=1 data=0d
1778318273.116000 R  i2c=0x30 reg=0x86 len=1
1778318273.119000 R= ret=0 data=00
1778318273.130000 W1 i2c=0x30 reg=0x0 val=0xf
1778318273.130000 W  i2c=0x30 reg=0x0 len=1 data=0f
1778318273.131000 R  i2c=0x30 reg=0x11 len=1
1778318273.134000 R= ret=0 data=00
1778318273.134000 W1 i2c=0x30 reg=0x0 val=0x9
1778318273.134000 W  i2c=0x30 reg=0x0 len=1 data=09
1778318273.135000 R  i2c=0x30 reg=0x62 len=1
1778318273.139000 R= ret=0 data=51
1778318273.139000 W1 i2c=0x30 reg=0x0 val=0xd
1778318273.139000 W  i2c=0x30 reg=0x0 len=1 data=0d
1778318273.140000 R  i2c=0x30 reg=0x86 len=1
1778318273.144000 R= ret=0 data=00
1778318273.154000 W1 i2c=0x30 reg=0x0 val=0xf
1778318273.154000 W  i2c=0x30 reg=0x0 len=1 data=0f
1778318273.155000 R  i2c=0x30 reg=0x11 len=1
1778318273.158000 R= ret=0 data=00
1778318273.158000 W1 i2c=0x30 reg=0x0 val=0x9
1778318273.158000 W  i2c=0x30 reg=0x0 len=1 data=09
1778318273.159000 R  i2c=0x30 reg=0x62 len=1
1778318273.163000 R= ret=0 data=51
1778318273.163000 W1 i2c=0x30 reg=0x0 val=0xd
1778318273.163000 W  i2c=0x30 reg=0x0 len=1 data=0d
1778318273.164000 R  i2c=0x30 reg=0x86 len=1
1778318273.167000 R= ret=0 data=00
1778318273.177000 W1 i2c=0x30 reg=0x0 val=0xf
1778318273.177000 W  i2c=0x30 reg=0x0 len=1 data=0f
1778318273.178000 R  i2c=0x30 reg=0x11 len=1
1778318273.182000 R= ret=0 data=00
1778318273.182000 W1 i2c=0x30 reg=0x0 val=0x9
1778318273.182000 W  i2c=0x30 reg=0x0 len=1 data=09
1778318273.182000 R  i2c=0x30 reg=0x62 len=1
1778318273.186000 R= ret=0 data=51
1778318273.186000 W1 i2c=0x30 reg=0x0 val=0xd
1778318273.186000 W  i2c=0x30 reg=0x0 len=1 data=0d
1778318273.186000 R  i2c=0x30 reg=0x86 len=1
1778318273.190000 R= ret=0 data=00
1778318273.201000 W1 i2c=0x30 reg=0x0 val=0xf
1778318273.201000 W  i2c=0x30 reg=0x0 len=1 data=0f
1778318273.201000 R  i2c=0x30 reg=0x11 len=1
1778318273.205000 R= ret=0 data=00
1778318273.205000 W1 i2c=0x30 reg=0x0 val=0x9
1778318273.205000 W  i2c=0x30 reg=0x0 len=1 data=09
1778318273.206000 R  i2c=0x30 reg=0x62 len=1
1778318273.209000 R= ret=0 data=51
1778318273.209000 W1 i2c=0x30 reg=0x0 val=0xd
1778318273.209000 W  i2c=0x30 reg=0x0 len=1 data=0d
1778318273.210000 R  i2c=0x30 reg=0x86 len=1
1778318273.213000 R= ret=0 data=00
1778318273.224000 W1 i2c=0x30 reg=0x0 val=0xf
1778318273.224000 W  i2c=0x30 reg=0x0 len=1 data=0f
1778318273.225000 R  i2c=0x30 reg=0x11 len=1
1778318273.228000 R= ret=0 data=00
1778318273.228000 W1 i2c=0x30 reg=0x0 val=0x9
1778318273.228000 W  i2c=0x30 reg=0x0 len=1 data=09
1778318273.229000 R  i2c=0x30 reg=0x62 len=1
1778318273.232000 R= ret=0 data=51
1778318273.232000 W1 i2c=0x30 reg=0x0 val=0xd
1778318273.232000 W  i2c=0x30 reg=0x0 len=1 data=0d
1778318273.233000 R  i2c=0x30 reg=0x86 len=1
1778318273.236000 R= ret=0 data=00
1778318273.246000 W1 i2c=0x30 reg=0x0 val=0xf
1778318273.246000 W  i2c=0x30 reg=0x0 len=1 data=0f
1778318273.248000 R  i2c=0x30 reg=0x11 len=1
1778318273.251000 R= ret=0 data=00
1778318273.251000 W1 i2c=0x30 reg=0x0 val=0x9
1778318273.251000 W  i2c=0x30 reg=0x0 len=1 data=09
1778318273.252000 R  i2c=0x30 reg=0x62 len=1
1778318273.255000 R= ret=0 data=51
1778318273.255000 W1 i2c=0x30 reg=0x0 val=0xd
1778318273.255000 W  i2c=0x30 reg=0x0 len=1 data=0d
1778318273.256000 R  i2c=0x30 reg=0x86 len=1
1778318273.259000 R= ret=0 data=00
1778318273.269000 W1 i2c=0x30 reg=0x0 val=0xf
1778318273.269000 W  i2c=0x30 reg=0x0 len=1 data=0f
1778318273.270000 R  i2c=0x30 reg=0x11 len=1
1778318273.273000 R= ret=0 data=00
1778318273.273000 W1 i2c=0x30 reg=0x0 val=0x9
1778318273.273000 W  i2c=0x30 reg=0x0 len=1 data=09
1778318273.274000 R  i2c=0x30 reg=0x62 len=1
1778318273.278000 R= ret=0 data=51
1778318273.278000 W1 i2c=0x30 reg=0x0 val=0xd
1778318273.278000 W  i2c=0x30 reg=0x0 len=1 data=0d
1778318273.279000 R  i2c=0x30 reg=0x86 len=1
1778318273.282000 R= ret=0 data=00
1778318273.292000 W1 i2c=0x30 reg=0x0 val=0xf
1778318273.292000 W  i2c=0x30 reg=0x0 len=1 data=0f
1778318273.293000 R  i2c=0x30 reg=0x11 len=1
1778318273.297000 R= ret=0 data=00
1778318273.297000 W1 i2c=0x30 reg=0x0 val=0x9
1778318273.297000 W  i2c=0x30 reg=0x0 len=1 data=09
1778318273.298000 R  i2c=0x30 reg=0x62 len=1
1778318273.301000 R= ret=0 data=51
1778318273.301000 W1 i2c=0x30 reg=0x0 val=0xd
1778318273.301000 W  i2c=0x30 reg=0x0 len=1 data=0d
1778318273.302000 R  i2c=0x30 reg=0x86 len=1
1778318273.305000 R= ret=0 data=00
1778318273.315000 W1 i2c=0x30 reg=0x0 val=0xf
1778318273.315000 W  i2c=0x30 reg=0x0 len=1 data=0f
1778318273.316000 R  i2c=0x30 reg=0x11 len=1
1778318273.319000 R= ret=0 data=00
1778318273.319000 W1 i2c=0x30 reg=0x0 val=0x9
1778318273.319000 W  i2c=0x30 reg=0x0 len=1 data=09
1778318273.320000 R  i2c=0x30 reg=0x62 len=1
1778318273.324000 R= ret=0 data=51
1778318273.324000 W1 i2c=0x30 reg=0x0 val=0xd
1778318273.324000 W  i2c=0x30 reg=0x0 len=1 data=0d
1778318273.325000 R  i2c=0x30 reg=0x86 len=1
1778318273.328000 R= ret=0 data=00
1778318273.340000 W1 i2c=0x30 reg=0x0 val=0xf
1778318273.340000 W  i2c=0x30 reg=0x0 len=1 data=0f
1778318273.342000 R  i2c=0x30 reg=0x11 len=1
1778318273.346000 R= ret=0 data=00
1778318273.346000 W1 i2c=0x30 reg=0x0 val=0x9
1778318273.346000 W  i2c=0x30 reg=0x0 len=1 data=09
1778318273.347000 R  i2c=0x30 reg=0x62 len=1
1778318273.350000 R= ret=0 data=51
1778318273.350000 W1 i2c=0x30 reg=0x0 val=0xd
1778318273.350000 W  i2c=0x30 reg=0x0 len=1 data=0d
1778318273.351000 R  i2c=0x30 reg=0x86 len=1
1778318273.355000 R= ret=0 data=00
1778318273.365000 W1 i2c=0x30 reg=0x0 val=0xf
1778318273.366000 W  i2c=0x30 reg=0x0 len=1 data=0f
1778318273.366000 R  i2c=0x30 reg=0x11 len=1
1778318273.370000 R= ret=0 data=00
1778318273.370000 W1 i2c=0x30 reg=0x0 val=0x9
1778318273.370000 W  i2c=0x30 reg=0x0 len=1 data=09
1778318273.371000 R  i2c=0x30 reg=0x62 len=1
1778318273.374000 R= ret=0 data=51
1778318273.374000 W1 i2c=0x30 reg=0x0 val=0xd
1778318273.374000 W  i2c=0x30 reg=0x0 len=1 data=0d
1778318273.375000 R  i2c=0x30 reg=0x86 len=1
1778318273.379000 R= ret=0 data=00
1778318273.389000 W1 i2c=0x30 reg=0x0 val=0xf
1778318273.389000 W  i2c=0x30 reg=0x0 len=1 data=0f
1778318273.390000 R  i2c=0x30 reg=0x11 len=1
1778318273.393000 R= ret=0 data=00
1778318273.393000 W1 i2c=0x30 reg=0x0 val=0x9
1778318273.393000 W  i2c=0x30 reg=0x0 len=1 data=09
1778318273.394000 R  i2c=0x30 reg=0x62 len=1
1778318273.398000 R= ret=0 data=51
1778318273.398000 W1 i2c=0x30 reg=0x0 val=0xd
1778318273.398000 W  i2c=0x30 reg=0x0 len=1 data=0d
1778318273.399000 R  i2c=0x30 reg=0x86 len=1
1778318273.402000 R= ret=0 data=00
1778318273.413000 W1 i2c=0x30 reg=0x0 val=0xf
1778318273.413000 W  i2c=0x30 reg=0x0 len=1 data=0f
1778318273.414000 R  i2c=0x30 reg=0x11 len=1
1778318273.417000 R= ret=0 data=00
1778318273.417000 W1 i2c=0x30 reg=0x0 val=0x9
1778318273.417000 W  i2c=0x30 reg=0x0 len=1 data=09
1778318273.418000 R  i2c=0x30 reg=0x62 len=1
1778318273.421000 R= ret=0 data=51
1778318273.421000 W1 i2c=0x30 reg=0x0 val=0xd
1778318273.421000 W  i2c=0x30 reg=0x0 len=1 data=0d
1778318273.422000 R  i2c=0x30 reg=0x86 len=1
1778318273.426000 R= ret=0 data=00
1778318273.436000 W1 i2c=0x30 reg=0x0 val=0xf
1778318273.436000 W  i2c=0x30 reg=0x0 len=1 data=0f
1778318273.437000 R  i2c=0x30 reg=0x11 len=1
1778318273.440000 R= ret=0 data=00
1778318273.440000 W1 i2c=0x30 reg=0x0 val=0x9
1778318273.440000 W  i2c=0x30 reg=0x0 len=1 data=09
1778318273.441000 R  i2c=0x30 reg=0x62 len=1
1778318273.445000 R= ret=0 data=51
1778318273.445000 W1 i2c=0x30 reg=0x0 val=0xd
1778318273.445000 W  i2c=0x30 reg=0x0 len=1 data=0d
1778318273.446000 R  i2c=0x30 reg=0x86 len=1
1778318273.449000 R= ret=0 data=00
1778318273.460000 W1 i2c=0x30 reg=0x0 val=0xf
1778318273.460000 W  i2c=0x30 reg=0x0 len=1 data=0f
1778318273.461000 R  i2c=0x30 reg=0x11 len=1
1778318273.465000 R= ret=0 data=00
1778318273.465000 W1 i2c=0x30 reg=0x0 val=0x9
1778318273.465000 W  i2c=0x30 reg=0x0 len=1 data=09
1778318273.466000 R  i2c=0x30 reg=0x62 len=1
1778318273.469000 R= ret=0 data=51
1778318273.469000 W1 i2c=0x30 reg=0x0 val=0xd
1778318273.469000 W  i2c=0x30 reg=0x0 len=1 data=0d
1778318273.470000 R  i2c=0x30 reg=0x86 len=1
1778318273.474000 R= ret=0 data=00
1778318273.486000 W1 i2c=0x30 reg=0x0 val=0xf
1778318273.486000 W  i2c=0x30 reg=0x0 len=1 data=0f
1778318273.487000 R  i2c=0x30 reg=0x11 len=1
1778318273.490000 R= ret=0 data=00
1778318273.490000 W1 i2c=0x30 reg=0x0 val=0x9
1778318273.490000 W  i2c=0x30 reg=0x0 len=1 data=09
1778318273.491000 R  i2c=0x30 reg=0x62 len=1
1778318273.495000 R= ret=0 data=51
1778318273.495000 W1 i2c=0x30 reg=0x0 val=0xd
1778318273.495000 W  i2c=0x30 reg=0x0 len=1 data=0d
1778318273.496000 R  i2c=0x30 reg=0x86 len=1
1778318273.499000 R= ret=0 data=00
1778318273.510000 W1 i2c=0x30 reg=0x0 val=0xf
1778318273.510000 W  i2c=0x30 reg=0x0 len=1 data=0f
1778318273.511000 R  i2c=0x30 reg=0x11 len=1
1778318273.514000 R= ret=0 data=00
1778318273.514000 W1 i2c=0x30 reg=0x0 val=0x9
1778318273.514000 W  i2c=0x30 reg=0x0 len=1 data=09
1778318273.515000 R  i2c=0x30 reg=0x62 len=1
1778318273.519000 R= ret=0 data=51
1778318273.519000 W1 i2c=0x30 reg=0x0 val=0xd
1778318273.519000 W  i2c=0x30 reg=0x0 len=1 data=0d
1778318273.520000 R  i2c=0x30 reg=0x86 len=1
1778318273.523000 R= ret=0 data=00
1778318273.534000 W1 i2c=0x30 reg=0x0 val=0xf
1778318273.534000 W  i2c=0x30 reg=0x0 len=1 data=0f
1778318273.535000 R  i2c=0x30 reg=0x11 len=1
1778318273.538000 R= ret=0 data=00
1778318273.538000 W1 i2c=0x30 reg=0x0 val=0x9
1778318273.538000 W  i2c=0x30 reg=0x0 len=1 data=09
1778318273.539000 R  i2c=0x30 reg=0x62 len=1
1778318273.543000 R= ret=0 data=51
1778318273.543000 W1 i2c=0x30 reg=0x0 val=0xd
1778318273.543000 W  i2c=0x30 reg=0x0 len=1 data=0d
1778318273.544000 R  i2c=0x30 reg=0x86 len=1
1778318273.548000 R= ret=0 data=00
1778318273.558000 W1 i2c=0x30 reg=0x0 val=0xf
1778318273.558000 W  i2c=0x30 reg=0x0 len=1 data=0f
1778318273.559000 R  i2c=0x30 reg=0x11 len=1
1778318273.562000 W1 i2c=0x30 reg=0x0 val=0xf
1778318273.562000 W  i2c=0x30 reg=0x0 len=1 data=0f
1778318273.563000 R= ret=0 data=00
1778318273.563000 W1 i2c=0x30 reg=0x0 val=0x9
1778318273.563000 W  i2c=0x30 reg=0x0 len=1 data=09
1778318273.564000 R  i2c=0x30 reg=0x62 len=1
1778318273.565000 R  i2c=0x30 reg=0x11 len=1
1778318273.568000 R= ret=0 data=00
1778318273.568000 W1 i2c=0x30 reg=0x0 val=0xd
1778318273.568000 W  i2c=0x30 reg=0x0 len=1 data=0d
1778318273.572000 R= ret=0 data=00
1778318273.572000 W1 i2c=0x30 reg=0x0 val=0x9
1778318273.572000 W  i2c=0x30 reg=0x0 len=1 data=09
1778318273.573000 R  i2c=0x30 reg=0x86 len=1
1778318273.574000 R  i2c=0x30 reg=0x62 len=1
1778318273.577000 R= ret=0 data=51
1778318273.577000 W1 i2c=0x30 reg=0x0 val=0xd
1778318273.577000 W  i2c=0x30 reg=0x0 len=1 data=0d
1778318273.580000 R= ret=0 data=00
1778318273.581000 R  i2c=0x30 reg=0x86 len=1
1778318273.584000 R= ret=0 data=00
1778318273.584000 W1 i2c=0x30 reg=0x0 val=0xd
1778318273.584000 W  i2c=0x30 reg=0x0 len=1 data=0d
1778318273.585000 R  i2c=0x30 reg=0x86 len=1
1778318273.589000 R= ret=0 data=00
1778318273.589000 W1 i2c=0x30 reg=0x0 val=0xd
1778318273.589000 W  i2c=0x30 reg=0x0 len=1 data=0d
1778318273.590000 R  i2c=0x30 reg=0x86 len=1
1778318273.590000 W1 i2c=0x30 reg=0x0 val=0xf
1778318273.591000 W  i2c=0x30 reg=0x0 len=1 data=0f
1778318273.593000 R= ret=0 data=00
1778318273.593000 W1 i2c=0xdc reg=0x8 val=0x1
1778318273.593000 W  i2c=0xdc reg=0x8 len=1 data=01
1778318273.594000 R  i2c=0x30 reg=0x11 len=1
1778318273.595000 W  i2c=0xc0 reg=0x87 len=2 data=c4 41
1778318273.598000 R= ret=0 data=00
1778318273.598000 W1 i2c=0x30 reg=0x0 val=0x9
1778318273.598000 W  i2c=0x30 reg=0x0 len=1 data=09
1778318273.599000 W  i2c=0xc0 reg=0x59 len=2 data=05 01
1778318273.600000 R  i2c=0x30 reg=0x62 len=1
1778318273.601000 R  i2c=0xc0 reg=0x5b len=1
1778318273.604000 R= ret=0 data=2d
1778318273.604000 W  i2c=0xc0 reg=0x59 len=2 data=03 01
1778318273.607000 R= ret=0 data=51
1778318273.607000 W1 i2c=0x30 reg=0x0 val=0xd
1778318273.607000 W  i2c=0x30 reg=0x0 len=1 data=0d
1778318273.608000 R  i2c=0xc0 reg=0x5b len=1
1778318273.609000 R  i2c=0x30 reg=0x86 len=1
1778318273.613000 R= ret=0 data=08
1778318273.613000 W1 i2c=0xc0 reg=0x59 val=0x4
1778318273.613000 W  i2c=0xc0 reg=0x59 len=1 data=04
1778318273.616000 R= ret=0 data=00
1778318273.617000 W1 i2c=0xc0 reg=0x88 val=0x0
1778318273.617000 W  i2c=0xc0 reg=0x88 len=1 data=00
1778318273.618000 W1 i2c=0xc0 reg=0x87 val=0xc0
1778318273.618000 W  i2c=0xc0 reg=0x87 len=1 data=c0
1778318273.619000 R  i2c=0xc0 reg=0x69 len=1
1778318273.622000 R= ret=0 data=88
1778318273.622000 W1 i2c=0xdc reg=0x8 val=0x0
1778318273.622000 W  i2c=0xdc reg=0x8 len=1 data=00
1778318273.627000 W1 i2c=0x30 reg=0x0 val=0xf
1778318273.627000 W  i2c=0x30 reg=0x0 len=1 data=0f
1778318273.628000 R  i2c=0x30 reg=0x11 len=1
1778318273.631000 R= ret=0 data=00
1778318273.631000 W1 i2c=0x30 reg=0x0 val=0x9
1778318273.631000 W  i2c=0x30 reg=0x0 len=1 data=09
1778318273.632000 R  i2c=0x30 reg=0x62 len=1
1778318273.635000 R= ret=0 data=51
1778318273.635000 W1 i2c=0x30 reg=0x0 val=0xd
1778318273.635000 W  i2c=0x30 reg=0x0 len=1 data=0d
1778318273.636000 R  i2c=0x30 reg=0x86 len=1
1778318273.639000 R= ret=0 data=00
1778318273.650000 W1 i2c=0x30 reg=0x0 val=0xf
1778318273.650000 W  i2c=0x30 reg=0x0 len=1 data=0f
1778318273.651000 R  i2c=0x30 reg=0x11 len=1
1778318273.654000 R= ret=0 data=00
1778318273.654000 W1 i2c=0x30 reg=0x0 val=0x9
1778318273.654000 W  i2c=0x30 reg=0x0 len=1 data=09
1778318273.655000 R  i2c=0x30 reg=0x62 len=1
1778318273.659000 R= ret=0 data=51
1778318273.659000 W1 i2c=0x30 reg=0x0 val=0xd
1778318273.659000 W  i2c=0x30 reg=0x0 len=1 data=0d
1778318273.660000 R  i2c=0x30 reg=0x86 len=1
1778318273.663000 R= ret=0 data=00
1778318273.673000 W1 i2c=0x30 reg=0x0 val=0xf
1778318273.673000 W  i2c=0x30 reg=0x0 len=1 data=0f
1778318273.674000 R  i2c=0x30 reg=0x11 len=1
1778318273.678000 R= ret=0 data=00
1778318273.678000 W1 i2c=0x30 reg=0x0 val=0x9
1778318273.678000 W  i2c=0x30 reg=0x0 len=1 data=09
1778318273.681000 R  i2c=0x30 reg=0x62 len=1
1778318273.684000 R= ret=0 data=51
1778318273.684000 W1 i2c=0x30 reg=0x0 val=0xd
1778318273.684000 W  i2c=0x30 reg=0x0 len=1 data=0d
1778318273.685000 R  i2c=0x30 reg=0x86 len=1
1778318273.688000 R= ret=0 data=00
1778318273.699000 W1 i2c=0x30 reg=0x0 val=0xf
1778318273.699000 W  i2c=0x30 reg=0x0 len=1 data=0f
1778318273.700000 R  i2c=0x30 reg=0x11 len=1
1778318273.704000 R= ret=0 data=00
1778318273.704000 W1 i2c=0x30 reg=0x0 val=0x9
1778318273.704000 W  i2c=0x30 reg=0x0 len=1 data=09
1778318273.704000 R  i2c=0x30 reg=0x62 len=1
1778318273.708000 R= ret=0 data=51
1778318273.708000 W1 i2c=0x30 reg=0x0 val=0xd
1778318273.708000 W  i2c=0x30 reg=0x0 len=1 data=0d
1778318273.709000 R  i2c=0x30 reg=0x86 len=1
1778318273.712000 R= ret=0 data=00
1778318273.722000 W1 i2c=0x30 reg=0x0 val=0xf
1778318273.722000 W  i2c=0x30 reg=0x0 len=1 data=0f
1778318273.723000 R  i2c=0x30 reg=0x11 len=1
1778318273.727000 R= ret=0 data=00
1778318273.727000 W1 i2c=0x30 reg=0x0 val=0x9
1778318273.727000 W  i2c=0x30 reg=0x0 len=1 data=09
1778318273.728000 R  i2c=0x30 reg=0x62 len=1
1778318273.731000 R= ret=0 data=51
1778318273.731000 W1 i2c=0x30 reg=0x0 val=0xd
1778318273.731000 W  i2c=0x30 reg=0x0 len=1 data=0d
1778318273.732000 R  i2c=0x30 reg=0x86 len=1
1778318273.736000 R= ret=0 data=00
1778318273.746000 W1 i2c=0x30 reg=0x0 val=0xf
1778318273.746000 W  i2c=0x30 reg=0x0 len=1 data=0f
1778318273.747000 R  i2c=0x30 reg=0x11 len=1
1778318273.750000 R= ret=0 data=00
1778318273.750000 W1 i2c=0x30 reg=0x0 val=0x9
1778318273.750000 W  i2c=0x30 reg=0x0 len=1 data=09
1778318273.751000 R  i2c=0x30 reg=0x62 len=1
1778318273.754000 R= ret=0 data=51
1778318273.754000 W1 i2c=0x30 reg=0x0 val=0xd
1778318273.755000 W  i2c=0x30 reg=0x0 len=1 data=0d
1778318273.755000 R  i2c=0x30 reg=0x86 len=1
1778318273.759000 R= ret=0 data=00
1778318273.770000 W1 i2c=0x30 reg=0x0 val=0xf
1778318273.770000 W  i2c=0x30 reg=0x0 len=1 data=0f
1778318273.771000 R  i2c=0x30 reg=0x11 len=1
1778318273.774000 R= ret=0 data=00
1778318273.774000 W1 i2c=0x30 reg=0x0 val=0x9
1778318273.774000 W  i2c=0x30 reg=0x0 len=1 data=09
1778318273.775000 R  i2c=0x30 reg=0x62 len=1
1778318273.778000 R= ret=0 data=51
1778318273.778000 W1 i2c=0x30 reg=0x0 val=0xd
1778318273.778000 W  i2c=0x30 reg=0x0 len=1 data=0d
1778318273.779000 R  i2c=0x30 reg=0x86 len=1
1778318273.782000 R= ret=0 data=00
1778318273.793000 W1 i2c=0x30 reg=0x0 val=0xf
1778318273.793000 W  i2c=0x30 reg=0x0 len=1 data=0f
1778318273.794000 R  i2c=0x30 reg=0x11 len=1
1778318273.797000 R= ret=0 data=00
1778318273.797000 W1 i2c=0x30 reg=0x0 val=0x9
1778318273.797000 W  i2c=0x30 reg=0x0 len=1 data=09
1778318273.798000 R  i2c=0x30 reg=0x62 len=1
1778318273.801000 R= ret=0 data=51
1778318273.802000 W1 i2c=0x30 reg=0x0 val=0xd
1778318273.802000 W  i2c=0x30 reg=0x0 len=1 data=0d
1778318273.802000 R  i2c=0x30 reg=0x86 len=1
1778318273.806000 R= ret=0 data=00
1778318273.817000 W1 i2c=0x30 reg=0x0 val=0xf
1778318273.817000 W  i2c=0x30 reg=0x0 len=1 data=0f
1778318273.818000 R  i2c=0x30 reg=0x11 len=1
1778318273.821000 R= ret=0 data=00
1778318273.821000 W1 i2c=0x30 reg=0x0 val=0x9
1778318273.821000 W  i2c=0x30 reg=0x0 len=1 data=09
1778318273.822000 R  i2c=0x30 reg=0x62 len=1
1778318273.826000 R= ret=0 data=51
1778318273.826000 W1 i2c=0x30 reg=0x0 val=0xd
1778318273.826000 W  i2c=0x30 reg=0x0 len=1 data=0d
1778318273.827000 R  i2c=0x30 reg=0x86 len=1
1778318273.830000 R= ret=0 data=00
1778318273.840000 W1 i2c=0x30 reg=0x0 val=0xf
1778318273.840000 W  i2c=0x30 reg=0x0 len=1 data=0f
1778318273.841000 R  i2c=0x30 reg=0x11 len=1
1778318273.845000 R= ret=0 data=00
1778318273.845000 W1 i2c=0x30 reg=0x0 val=0x9
1778318273.845000 W  i2c=0x30 reg=0x0 len=1 data=09
1778318273.846000 R  i2c=0x30 reg=0x62 len=1
1778318273.849000 R= ret=0 data=51
1778318273.849000 W1 i2c=0x30 reg=0x0 val=0xd
1778318273.849000 W  i2c=0x30 reg=0x0 len=1 data=0d
1778318273.850000 R  i2c=0x30 reg=0x86 len=1
1778318273.853000 R= ret=0 data=00
1778318273.864000 W1 i2c=0x30 reg=0x0 val=0xf
1778318273.864000 W  i2c=0x30 reg=0x0 len=1 data=0f
1778318273.865000 R  i2c=0x30 reg=0x11 len=1
1778318273.868000 R= ret=0 data=00
1778318273.868000 W1 i2c=0x30 reg=0x0 val=0x9
1778318273.868000 W  i2c=0x30 reg=0x0 len=1 data=09
1778318273.869000 R  i2c=0x30 reg=0x62 len=1
1778318273.873000 R= ret=0 data=51
1778318273.873000 W1 i2c=0x30 reg=0x0 val=0xd
1778318273.873000 W  i2c=0x30 reg=0x0 len=1 data=0d
1778318273.874000 R  i2c=0x30 reg=0x86 len=1
1778318273.877000 R= ret=0 data=00
1778318273.889000 W1 i2c=0x30 reg=0x0 val=0xf
1778318273.889000 W  i2c=0x30 reg=0x0 len=1 data=0f
1778318273.890000 R  i2c=0x30 reg=0x11 len=1
1778318273.893000 R= ret=0 data=00
1778318273.893000 W1 i2c=0x30 reg=0x0 val=0x9
1778318273.893000 W  i2c=0x30 reg=0x0 len=1 data=09
1778318273.894000 R  i2c=0x30 reg=0x62 len=1
1778318273.898000 R= ret=0 data=51
1778318273.898000 W1 i2c=0x30 reg=0x0 val=0xd
1778318273.898000 W  i2c=0x30 reg=0x0 len=1 data=0d
1778318273.898000 R  i2c=0x30 reg=0x86 len=1
1778318273.902000 R= ret=0 data=00
1778318273.912000 W1 i2c=0x30 reg=0x0 val=0xf
1778318273.912000 W  i2c=0x30 reg=0x0 len=1 data=0f
1778318273.913000 R  i2c=0x30 reg=0x11 len=1
1778318273.917000 R= ret=0 data=00
1778318273.917000 W1 i2c=0x30 reg=0x0 val=0x9
1778318273.917000 W  i2c=0x30 reg=0x0 len=1 data=09
1778318273.918000 R  i2c=0x30 reg=0x62 len=1
1778318273.922000 R= ret=0 data=51
1778318273.922000 W1 i2c=0x30 reg=0x0 val=0xd
1778318273.922000 W  i2c=0x30 reg=0x0 len=1 data=0d
1778318273.922000 R  i2c=0x30 reg=0x86 len=1
1778318273.926000 R= ret=0 data=00
1778318273.937000 W1 i2c=0x30 reg=0x0 val=0xf
1778318273.937000 W  i2c=0x30 reg=0x0 len=1 data=0f
1778318273.938000 R  i2c=0x30 reg=0x11 len=1
1778318273.942000 R= ret=0 data=00
1778318273.942000 W1 i2c=0x30 reg=0x0 val=0x9
1778318273.942000 W  i2c=0x30 reg=0x0 len=1 data=09
1778318273.943000 R  i2c=0x30 reg=0x62 len=1
1778318273.947000 R= ret=0 data=51
1778318273.947000 W1 i2c=0x30 reg=0x0 val=0xd
1778318273.947000 W  i2c=0x30 reg=0x0 len=1 data=0d
1778318273.948000 R  i2c=0x30 reg=0x86 len=1
1778318273.951000 R= ret=0 data=00
1778318273.962000 W1 i2c=0x30 reg=0x0 val=0xf
1778318273.962000 W  i2c=0x30 reg=0x0 len=1 data=0f
1778318273.963000 R  i2c=0x30 reg=0x11 len=1
1778318273.967000 R= ret=0 data=00
1778318273.967000 W1 i2c=0x30 reg=0x0 val=0x9
1778318273.967000 W  i2c=0x30 reg=0x0 len=1 data=09
1778318273.968000 R  i2c=0x30 reg=0x62 len=1
1778318273.971000 R= ret=0 data=51
1778318273.971000 W1 i2c=0x30 reg=0x0 val=0xd
1778318273.971000 W  i2c=0x30 reg=0x0 len=1 data=0d
1778318273.972000 R  i2c=0x30 reg=0x86 len=1
1778318273.975000 R= ret=0 data=00
1778318273.985000 W1 i2c=0x30 reg=0x0 val=0xf
1778318273.985000 W  i2c=0x30 reg=0x0 len=1 data=0f
1778318273.986000 R  i2c=0x30 reg=0x11 len=1
1778318273.990000 R= ret=0 data=00
1778318273.990000 W1 i2c=0x30 reg=0x0 val=0x9
1778318273.990000 W  i2c=0x30 reg=0x0 len=1 data=09
1778318273.991000 R  i2c=0x30 reg=0x62 len=1
1778318273.994000 R= ret=0 data=51
1778318273.994000 W1 i2c=0x30 reg=0x0 val=0xd
1778318273.994000 W  i2c=0x30 reg=0x0 len=1 data=0d
1778318273.995000 R  i2c=0x30 reg=0x86 len=1
1778318273.998000 R= ret=0 data=00
1778318274.009000 W1 i2c=0x30 reg=0x0 val=0xf
1778318274.009000 W  i2c=0x30 reg=0x0 len=1 data=0f
1778318274.010000 R  i2c=0x30 reg=0x11 len=1
1778318274.014000 R= ret=0 data=00
1778318274.014000 W1 i2c=0x30 reg=0x0 val=0x9
1778318274.014000 W  i2c=0x30 reg=0x0 len=1 data=09
1778318274.015000 R  i2c=0x30 reg=0x62 len=1
1778318274.018000 R= ret=0 data=51
1778318274.018000 W1 i2c=0x30 reg=0x0 val=0xd
1778318274.018000 W  i2c=0x30 reg=0x0 len=1 data=0d
1778318274.019000 R  i2c=0x30 reg=0x86 len=1
1778318274.022000 R= ret=0 data=00
1778318274.034000 W1 i2c=0x30 reg=0x0 val=0xf
1778318274.034000 W  i2c=0x30 reg=0x0 len=1 data=0f
1778318274.035000 R  i2c=0x30 reg=0x11 len=1
1778318274.039000 R= ret=0 data=00
1778318274.039000 W1 i2c=0x30 reg=0x0 val=0x9
1778318274.039000 W  i2c=0x30 reg=0x0 len=1 data=09
1778318274.040000 R  i2c=0x30 reg=0x62 len=1
1778318274.043000 R= ret=0 data=51
1778318274.043000 W1 i2c=0x30 reg=0x0 val=0xd
1778318274.043000 W  i2c=0x30 reg=0x0 len=1 data=0d
1778318274.044000 R  i2c=0x30 reg=0x86 len=1
1778318274.048000 R= ret=0 data=00
1778318274.058000 W1 i2c=0x30 reg=0x0 val=0xf
1778318274.058000 W  i2c=0x30 reg=0x0 len=1 data=0f
1778318274.059000 R  i2c=0x30 reg=0x11 len=1
1778318274.063000 R= ret=0 data=00
1778318274.063000 W1 i2c=0x30 reg=0x0 val=0x9
1778318274.063000 W  i2c=0x30 reg=0x0 len=1 data=09
1778318274.064000 R  i2c=0x30 reg=0x62 len=1
1778318274.067000 R= ret=0 data=41
1778318274.067000 W1 i2c=0x30 reg=0x0 val=0xd
1778318274.067000 W  i2c=0x30 reg=0x0 len=1 data=0d
1778318274.068000 R  i2c=0x30 reg=0x86 len=1
1778318274.072000 R= ret=0 data=00
1778318274.083000 W1 i2c=0x30 reg=0x0 val=0xf
1778318274.083000 W  i2c=0x30 reg=0x0 len=1 data=0f
1778318274.084000 R  i2c=0x30 reg=0x11 len=1
1778318274.087000 R= ret=0 data=00
1778318274.087000 W1 i2c=0x30 reg=0x0 val=0x9
1778318274.087000 W  i2c=0x30 reg=0x0 len=1 data=09
1778318274.088000 R  i2c=0x30 reg=0x62 len=1
1778318274.092000 R= ret=0 data=51
1778318274.092000 W1 i2c=0x30 reg=0x0 val=0xd
1778318274.092000 W  i2c=0x30 reg=0x0 len=1 data=0d
1778318274.093000 R  i2c=0x30 reg=0x86 len=1
1778318274.096000 R= ret=0 data=00
1778318274.106000 W1 i2c=0x30 reg=0x0 val=0xf
1778318274.106000 W  i2c=0x30 reg=0x0 len=1 data=0f
1778318274.107000 R  i2c=0x30 reg=0x11 len=1
1778318274.111000 R= ret=0 data=00
1778318274.111000 W1 i2c=0x30 reg=0x0 val=0x9
1778318274.111000 W  i2c=0x30 reg=0x0 len=1 data=09
1778318274.112000 R  i2c=0x30 reg=0x62 len=1
1778318274.115000 R= ret=0 data=51
1778318274.115000 W1 i2c=0x30 reg=0x0 val=0xd
1778318274.115000 W  i2c=0x30 reg=0x0 len=1 data=0d
1778318274.116000 R  i2c=0x30 reg=0x86 len=1
1778318274.119000 R= ret=0 data=00
1778318274.129000 W1 i2c=0x30 reg=0x0 val=0xf
1778318274.129000 W  i2c=0x30 reg=0x0 len=1 data=0f
1778318274.130000 R  i2c=0x30 reg=0x11 len=1
1778318274.134000 R= ret=0 data=00
1778318274.134000 W1 i2c=0x30 reg=0x0 val=0x9
1778318274.134000 W  i2c=0x30 reg=0x0 len=1 data=09
1778318274.135000 R  i2c=0x30 reg=0x62 len=1
1778318274.138000 R= ret=0 data=51
1778318274.138000 W1 i2c=0x30 reg=0x0 val=0xd
1778318274.138000 W  i2c=0x30 reg=0x0 len=1 data=0d
1778318274.139000 R  i2c=0x30 reg=0x86 len=1
1778318274.142000 R= ret=0 data=00
1778318274.142000 <<< sony_cxd6801_integ_atsc_Tune ret=5
1778318274.142000 DRV_acquire ret=5
1778318274.424000 W1 i2c=0x30 reg=0x0 val=0xf
1778318274.424000 W  i2c=0x30 reg=0x0 len=1 data=0f
1778318274.426000 R  i2c=0x30 reg=0x11 len=1
1778318274.429000 R= ret=0 data=00
1778318274.429000 W1 i2c=0x30 reg=0x0 val=0x9
1778318274.429000 W  i2c=0x30 reg=0x0 len=1 data=09
1778318274.430000 R  i2c=0x30 reg=0x62 len=1
1778318274.434000 R= ret=0 data=51
1778318274.434000 W1 i2c=0x30 reg=0x0 val=0xd
1778318274.434000 W  i2c=0x30 reg=0x0 len=1 data=0d
1778318274.435000 R  i2c=0x30 reg=0x86 len=1
1778318274.438000 R= ret=0 data=00
1778318274.438000 W1 i2c=0x30 reg=0x0 val=0xd
1778318274.438000 W  i2c=0x30 reg=0x0 len=1 data=0d
1778318274.439000 R  i2c=0x30 reg=0x86 len=1
1778318274.442000 R= ret=0 data=00
1778318274.442000 W1 i2c=0x30 reg=0x0 val=0xd
1778318274.442000 W  i2c=0x30 reg=0x0 len=1 data=0d
1778318274.443000 R  i2c=0x30 reg=0x86 len=1
1778318274.447000 R= ret=0 data=00
1778318274.447000 W1 i2c=0xdc reg=0x8 val=0x1
1778318274.447000 W  i2c=0xdc reg=0x8 len=1 data=01
1778318274.448000 W  i2c=0xc0 reg=0x87 len=2 data=c4 41
1778318274.449000 W  i2c=0xc0 reg=0x59 len=2 data=05 01
1778318274.450000 R  i2c=0xc0 reg=0x5b len=1
1778318274.453000 R= ret=0 data=2e
1778318274.453000 W  i2c=0xc0 reg=0x59 len=2 data=03 01
1778318274.454000 R  i2c=0xc0 reg=0x5b len=1
1778318274.457000 R= ret=0 data=08
1778318274.457000 W1 i2c=0xc0 reg=0x59 val=0x4
1778318274.457000 W  i2c=0xc0 reg=0x59 len=1 data=04
1778318274.458000 W1 i2c=0xc0 reg=0x88 val=0x0
1778318274.458000 W  i2c=0xc0 reg=0x88 len=1 data=00
1778318274.459000 W1 i2c=0xc0 reg=0x87 val=0xc0
1778318274.459000 W  i2c=0xc0 reg=0x87 len=1 data=c0
1778318274.460000 R  i2c=0xc0 reg=0x69 len=1
1778318274.463000 R= ret=0 data=88
1778318274.463000 W1 i2c=0xdc reg=0x8 val=0x0
1778318274.463000 W  i2c=0xdc reg=0x8 len=1 data=00
1778318275.264000 W1 i2c=0x30 reg=0x0 val=0xf
1778318275.265000 W  i2c=0x30 reg=0x0 len=1 data=0f
1778318275.266000 R  i2c=0x30 reg=0x11 len=1
1778318275.269000 R= ret=0 data=00
1778318275.269000 W1 i2c=0x30 reg=0x0 val=0x9
1778318275.269000 W  i2c=0x30 reg=0x0 len=1 data=09
1778318275.270000 R  i2c=0x30 reg=0x62 len=1
1778318275.274000 R= ret=0 data=51
1778318275.274000 W1 i2c=0x30 reg=0x0 val=0xd
1778318275.274000 W  i2c=0x30 reg=0x0 len=1 data=0d
1778318275.275000 R  i2c=0x30 reg=0x86 len=1
1778318275.279000 R= ret=0 data=00
1778318275.279000 W1 i2c=0x30 reg=0x0 val=0xd
1778318275.279000 W  i2c=0x30 reg=0x0 len=1 data=0d
1778318275.280000 R  i2c=0x30 reg=0x86 len=1
1778318275.283000 R= ret=0 data=00
1778318275.283000 W1 i2c=0x30 reg=0x0 val=0xd
1778318275.283000 W  i2c=0x30 reg=0x0 len=1 data=0d
1778318275.284000 R  i2c=0x30 reg=0x86 len=1
1778318275.287000 R= ret=0 data=00
1778318275.287000 W1 i2c=0xdc reg=0x8 val=0x1
1778318275.287000 W  i2c=0xdc reg=0x8 len=1 data=01
1778318275.288000 W  i2c=0xc0 reg=0x87 len=2 data=c4 41
1778318275.289000 W  i2c=0xc0 reg=0x59 len=2 data=05 01
1778318275.290000 R  i2c=0xc0 reg=0x5b len=1
1778318275.294000 R= ret=0 data=2e
1778318275.294000 W  i2c=0xc0 reg=0x59 len=2 data=03 01
1778318275.295000 R  i2c=0xc0 reg=0x5b len=1
1778318275.298000 R= ret=0 data=08
1778318275.298000 W1 i2c=0xc0 reg=0x59 val=0x4
1778318275.298000 W  i2c=0xc0 reg=0x59 len=1 data=04
1778318275.299000 W1 i2c=0xc0 reg=0x88 val=0x0
1778318275.299000 W  i2c=0xc0 reg=0x88 len=1 data=00
1778318275.300000 W1 i2c=0xc0 reg=0x87 val=0xc0
1778318275.300000 W  i2c=0xc0 reg=0x87 len=1 data=c0
1778318275.301000 R  i2c=0xc0 reg=0x69 len=1
1778318275.304000 R= ret=0 data=88
1778318275.304000 W1 i2c=0xdc reg=0x8 val=0x0
1778318275.304000 W  i2c=0xdc reg=0x8 len=1 data=00
1778318276.107000 W1 i2c=0x30 reg=0x0 val=0xf
1778318276.107000 W  i2c=0x30 reg=0x0 len=1 data=0f
1778318276.108000 R  i2c=0x30 reg=0x11 len=1
1778318276.112000 R= ret=0 data=00
1778318276.112000 W1 i2c=0x30 reg=0x0 val=0x9
1778318276.112000 W  i2c=0x30 reg=0x0 len=1 data=09
1778318276.113000 R  i2c=0x30 reg=0x62 len=1
1778318276.117000 R= ret=0 data=51
1778318276.117000 W1 i2c=0x30 reg=0x0 val=0xd
1778318276.117000 W  i2c=0x30 reg=0x0 len=1 data=0d
1778318276.118000 R  i2c=0x30 reg=0x86 len=1
1778318276.122000 R= ret=0 data=00
1778318276.122000 W1 i2c=0x30 reg=0x0 val=0xd
1778318276.122000 W  i2c=0x30 reg=0x0 len=1 data=0d
1778318276.123000 R  i2c=0x30 reg=0x86 len=1
1778318276.126000 R= ret=0 data=00
1778318276.126000 W1 i2c=0x30 reg=0x0 val=0xd
1778318276.126000 W  i2c=0x30 reg=0x0 len=1 data=0d
1778318276.127000 R  i2c=0x30 reg=0x86 len=1
1778318276.131000 R= ret=0 data=00
1778318276.131000 W1 i2c=0xdc reg=0x8 val=0x1
1778318276.131000 W  i2c=0xdc reg=0x8 len=1 data=01
1778318276.132000 W  i2c=0xc0 reg=0x87 len=2 data=c4 41
1778318276.133000 W  i2c=0xc0 reg=0x59 len=2 data=05 01
1778318276.133000 R  i2c=0xc0 reg=0x5b len=1
1778318276.137000 R= ret=0 data=2d
1778318276.137000 W  i2c=0xc0 reg=0x59 len=2 data=03 01
1778318276.138000 R  i2c=0xc0 reg=0x5b len=1
1778318276.141000 R= ret=0 data=08
1778318276.141000 W1 i2c=0xc0 reg=0x59 val=0x4
1778318276.141000 W  i2c=0xc0 reg=0x59 len=1 data=04
1778318276.142000 W1 i2c=0xc0 reg=0x88 val=0x0
1778318276.142000 W  i2c=0xc0 reg=0x88 len=1 data=00
1778318276.143000 W1 i2c=0xc0 reg=0x87 val=0xc0
1778318276.143000 W  i2c=0xc0 reg=0x87 len=1 data=c0
1778318276.144000 R  i2c=0xc0 reg=0x69 len=1
1778318276.148000 R= ret=0 data=88
1778318276.148000 W1 i2c=0xdc reg=0x8 val=0x0
1778318276.148000 W  i2c=0xdc reg=0x8 len=1 data=00
1778318276.951000 W1 i2c=0x30 reg=0x0 val=0xf
1778318276.952000 W  i2c=0x30 reg=0x0 len=1 data=0f
1778318276.953000 R  i2c=0x30 reg=0x11 len=1
1778318276.957000 R= ret=0 data=00
1778318276.957000 W1 i2c=0x30 reg=0x0 val=0x9
1778318276.957000 W  i2c=0x30 reg=0x0 len=1 data=09
1778318276.958000 R  i2c=0x30 reg=0x62 len=1
1778318276.962000 R= ret=0 data=51
1778318276.962000 W1 i2c=0x30 reg=0x0 val=0xd
1778318276.962000 W  i2c=0x30 reg=0x0 len=1 data=0d
1778318276.963000 R  i2c=0x30 reg=0x86 len=1
1778318276.967000 R= ret=0 data=00
1778318276.967000 W1 i2c=0x30 reg=0x0 val=0xd
1778318276.967000 W  i2c=0x30 reg=0x0 len=1 data=0d
1778318276.968000 R  i2c=0x30 reg=0x86 len=1
1778318276.971000 R= ret=0 data=00
1778318276.971000 W1 i2c=0x30 reg=0x0 val=0xd
1778318276.971000 W  i2c=0x30 reg=0x0 len=1 data=0d
1778318276.972000 R  i2c=0x30 reg=0x86 len=1
1778318276.976000 R= ret=0 data=00
1778318276.976000 W1 i2c=0xdc reg=0x8 val=0x1
1778318276.976000 W  i2c=0xdc reg=0x8 len=1 data=01
1778318276.977000 W  i2c=0xc0 reg=0x87 len=2 data=c4 41
1778318276.978000 W  i2c=0xc0 reg=0x59 len=2 data=05 01
1778318276.979000 R  i2c=0xc0 reg=0x5b len=1
1778318276.982000 R= ret=0 data=2d
1778318276.982000 W  i2c=0xc0 reg=0x59 len=2 data=03 01
1778318276.983000 R  i2c=0xc0 reg=0x5b len=1
1778318276.986000 R= ret=0 data=08
1778318276.986000 W1 i2c=0xc0 reg=0x59 val=0x4
1778318276.986000 W  i2c=0xc0 reg=0x59 len=1 data=04
1778318276.987000 W1 i2c=0xc0 reg=0x88 val=0x0
1778318276.987000 W  i2c=0xc0 reg=0x88 len=1 data=00
1778318276.988000 W1 i2c=0xc0 reg=0x87 val=0xc0
1778318276.988000 W  i2c=0xc0 reg=0x87 len=1 data=c0
1778318276.989000 R  i2c=0xc0 reg=0x69 len=1
1778318276.992000 R= ret=0 data=88
1778318276.992000 W1 i2c=0xdc reg=0x8 val=0x0
1778318276.992000 W  i2c=0xdc reg=0x8 len=1 data=00
1778318277.793000 W1 i2c=0x30 reg=0x0 val=0xf
1778318277.793000 W  i2c=0x30 reg=0x0 len=1 data=0f
1778318277.795000 R  i2c=0x30 reg=0x11 len=1
1778318277.798000 R= ret=0 data=00
1778318277.798000 W1 i2c=0x30 reg=0x0 val=0x9
1778318277.798000 W  i2c=0x30 reg=0x0 len=1 data=09
1778318277.799000 R  i2c=0x30 reg=0x62 len=1
1778318277.802000 R= ret=0 data=51
1778318277.802000 W1 i2c=0x30 reg=0x0 val=0xd
1778318277.802000 W  i2c=0x30 reg=0x0 len=1 data=0d
1778318277.803000 R  i2c=0x30 reg=0x86 len=1
1778318277.807000 R= ret=0 data=00
1778318277.807000 W1 i2c=0x30 reg=0x0 val=0xd
1778318277.807000 W  i2c=0x30 reg=0x0 len=1 data=0d
1778318277.808000 R  i2c=0x30 reg=0x86 len=1
1778318277.812000 R= ret=0 data=00
1778318277.812000 W1 i2c=0x30 reg=0x0 val=0xd
1778318277.812000 W  i2c=0x30 reg=0x0 len=1 data=0d
1778318277.813000 R  i2c=0x30 reg=0x86 len=1
1778318277.816000 R= ret=0 data=00
1778318277.816000 W1 i2c=0xdc reg=0x8 val=0x1
1778318277.816000 W  i2c=0xdc reg=0x8 len=1 data=01
1778318277.817000 W  i2c=0xc0 reg=0x87 len=2 data=c4 41
1778318277.818000 W  i2c=0xc0 reg=0x59 len=2 data=05 01
1778318277.819000 R  i2c=0xc0 reg=0x5b len=1
1778318277.823000 R= ret=0 data=2d
1778318277.823000 W  i2c=0xc0 reg=0x59 len=2 data=03 01
1778318277.823000 R  i2c=0xc0 reg=0x5b len=1
1778318277.827000 R= ret=0 data=08
1778318277.827000 W1 i2c=0xc0 reg=0x59 val=0x4
1778318277.827000 W  i2c=0xc0 reg=0x59 len=1 data=04
1778318277.828000 W1 i2c=0xc0 reg=0x88 val=0x0
1778318277.828000 W  i2c=0xc0 reg=0x88 len=1 data=00
1778318277.829000 W1 i2c=0xc0 reg=0x87 val=0xc0
1778318277.829000 W  i2c=0xc0 reg=0x87 len=1 data=c0
1778318277.830000 R  i2c=0xc0 reg=0x69 len=1
1778318277.833000 R= ret=0 data=88
1778318277.833000 W1 i2c=0xdc reg=0x8 val=0x0
1778318277.833000 W  i2c=0xdc reg=0x8 len=1 data=00
1778318278.636000 W1 i2c=0x30 reg=0x0 val=0xf
1778318278.636000 W  i2c=0x30 reg=0x0 len=1 data=0f
1778318278.637000 R  i2c=0x30 reg=0x11 len=1
1778318278.641000 R= ret=0 data=00
1778318278.641000 W1 i2c=0x30 reg=0x0 val=0x9
1778318278.641000 W  i2c=0x30 reg=0x0 len=1 data=09
1778318278.642000 R  i2c=0x30 reg=0x62 len=1
1778318278.645000 R= ret=0 data=51
1778318278.645000 W1 i2c=0x30 reg=0x0 val=0xd
1778318278.645000 W  i2c=0x30 reg=0x0 len=1 data=0d
1778318278.646000 R  i2c=0x30 reg=0x86 len=1
1778318278.649000 R= ret=0 data=00
1778318278.649000 W1 i2c=0x30 reg=0x0 val=0xd
1778318278.649000 W  i2c=0x30 reg=0x0 len=1 data=0d
1778318278.650000 R  i2c=0x30 reg=0x86 len=1
1778318278.654000 R= ret=0 data=00
1778318278.654000 W1 i2c=0x30 reg=0x0 val=0xd
1778318278.654000 W  i2c=0x30 reg=0x0 len=1 data=0d
1778318278.655000 R  i2c=0x30 reg=0x86 len=1
1778318278.658000 R= ret=0 data=00
1778318278.658000 W1 i2c=0xdc reg=0x8 val=0x1
1778318278.658000 W  i2c=0xdc reg=0x8 len=1 data=01
1778318278.659000 W  i2c=0xc0 reg=0x87 len=2 data=c4 41
1778318278.660000 W  i2c=0xc0 reg=0x59 len=2 data=05 01
1778318278.661000 R  i2c=0xc0 reg=0x5b len=1
1778318278.665000 R= ret=0 data=2d
1778318278.665000 W  i2c=0xc0 reg=0x59 len=2 data=03 01
1778318278.666000 R  i2c=0xc0 reg=0x5b len=1
1778318278.669000 R= ret=0 data=08
1778318278.669000 W1 i2c=0xc0 reg=0x59 val=0x4
1778318278.669000 W  i2c=0xc0 reg=0x59 len=1 data=04
1778318278.670000 W1 i2c=0xc0 reg=0x88 val=0x0
1778318278.670000 W  i2c=0xc0 reg=0x88 len=1 data=00
1778318278.671000 W1 i2c=0xc0 reg=0x87 val=0xc0
1778318278.671000 W  i2c=0xc0 reg=0x87 len=1 data=c0
1778318278.672000 R  i2c=0xc0 reg=0x69 len=1
1778318278.675000 R= ret=0 data=88
1778318278.675000 W1 i2c=0xdc reg=0x8 val=0x0
1778318278.675000 W  i2c=0xdc reg=0x8 len=1 data=00
1778318279.477000 W1 i2c=0x30 reg=0x0 val=0xf
1778318279.477000 W  i2c=0x30 reg=0x0 len=1 data=0f
1778318279.479000 R  i2c=0x30 reg=0x11 len=1
1778318279.482000 R= ret=0 data=00
1778318279.482000 W1 i2c=0x30 reg=0x0 val=0x9
1778318279.482000 W  i2c=0x30 reg=0x0 len=1 data=09
1778318279.483000 R  i2c=0x30 reg=0x62 len=1
1778318279.486000 R= ret=0 data=51
1778318279.486000 W1 i2c=0x30 reg=0x0 val=0xd
1778318279.486000 W  i2c=0x30 reg=0x0 len=1 data=0d
1778318279.487000 R  i2c=0x30 reg=0x86 len=1
1778318279.491000 R= ret=0 data=00
1778318279.491000 W1 i2c=0x30 reg=0x0 val=0xd
1778318279.491000 W  i2c=0x30 reg=0x0 len=1 data=0d
1778318279.492000 R  i2c=0x30 reg=0x86 len=1
1778318279.495000 R= ret=0 data=00
1778318279.495000 W1 i2c=0x30 reg=0x0 val=0xd
1778318279.495000 W  i2c=0x30 reg=0x0 len=1 data=0d
1778318279.496000 R  i2c=0x30 reg=0x86 len=1
1778318279.499000 R= ret=0 data=00
1778318279.499000 W1 i2c=0xdc reg=0x8 val=0x1
1778318279.499000 W  i2c=0xdc reg=0x8 len=1 data=01
1778318279.500000 W  i2c=0xc0 reg=0x87 len=2 data=c4 41
1778318279.501000 W  i2c=0xc0 reg=0x59 len=2 data=05 01
1778318279.502000 R  i2c=0xc0 reg=0x5b len=1
1778318279.505000 R= ret=0 data=2d
1778318279.505000 W  i2c=0xc0 reg=0x59 len=2 data=03 01
1778318279.506000 R  i2c=0xc0 reg=0x5b len=1
1778318279.509000 R= ret=0 data=08
1778318279.509000 W1 i2c=0xc0 reg=0x59 val=0x4
1778318279.509000 W  i2c=0xc0 reg=0x59 len=1 data=04
1778318279.510000 W1 i2c=0xc0 reg=0x88 val=0x0
1778318279.510000 W  i2c=0xc0 reg=0x88 len=1 data=00
1778318279.511000 W1 i2c=0xc0 reg=0x87 val=0xc0
1778318279.511000 W  i2c=0xc0 reg=0x87 len=1 data=c0
1778318279.512000 R  i2c=0xc0 reg=0x69 len=1
1778318279.515000 R= ret=0 data=88
1778318279.515000 W1 i2c=0xdc reg=0x8 val=0x0
1778318279.515000 W  i2c=0xdc reg=0x8 len=1 data=00
1778318280.143000 nativeTune -> 575000
1778318280.143000 DRV_acquire: oldStd=0x5 freq=575000 -> ATSC 1.0
1778318280.143000 >>> sony_cxd6801_integ_atsc_Tune
1778318280.143000 >>> sony_cxd6801_demod_atsc_Tune
1778318280.143000 >>> sony_cxd6801_demod_SetStreamOutput
1778318280.143000 W1 i2c=0xd8 reg=0x0 val=0x0
1778318280.143000 W  i2c=0xd8 reg=0x0 len=1 data=00
1778318280.144000 R  i2c=0xd8 reg=0xa9 len=1
1778318280.148000 R= ret=0 data=00
1778318280.148000 W1 i2c=0xd8 reg=0x0 val=0x0
1778318280.148000 W  i2c=0xd8 reg=0x0 len=1 data=00
1778318280.149000 W1 i2c=0xd8 reg=0xc3 val=0x1
1778318280.149000 W  i2c=0xd8 reg=0xc3 len=1 data=01
1778318280.149000 <<< sony_cxd6801_demod_SetStreamOutput ret=0
1778318280.150000 <<< sony_cxd6801_demod_atsc_Tune ret=0
1778318280.150000 W1 i2c=0xdc reg=0x8 val=0x1
1778318280.150000 W  i2c=0xdc reg=0x8 len=1 data=01
1778318280.150000 B  i2c=0xc0 reg=0x74 val=0x2 mask=0x3
1778318280.150000 R  i2c=0xc0 reg=0x74 len=1
1778318280.154000 R= ret=0 data=11
1778318280.154000 W1 i2c=0xc0 reg=0x74 val=0x12
1778318280.154000 W  i2c=0xc0 reg=0x74 len=1 data=12
1778318280.155000 W  i2c=0xc0 reg=0x87 len=2 data=c4 40
1778318280.156000 W  i2c=0xc0 reg=0x91 len=2 data=10 20
1778318280.157000 W  i2c=0xc0 reg=0x9c len=2 data=00 00
1778318280.158000 W  i2c=0xc0 reg=0x5e len=9 data=ee 02 1e 67 03 b4 78 08
1778318280.159000 B  i2c=0xc0 reg=0x67 val=0x0 mask=0x6
1778318280.160000 R  i2c=0xc0 reg=0x67 len=1
1778318280.163000 R= ret=0 data=00
1778318280.163000 W1 i2c=0xc0 reg=0x67 val=0x0
1778318280.163000 W  i2c=0xc0 reg=0x67 len=1 data=00
1778318280.164000 W  i2c=0xc0 reg=0x68 len=17 data=00 88 00 0b 23 00 1a 1d
1778318280.216000 W1 i2c=0xc0 reg=0x88 val=0x0
1778318280.216000 W  i2c=0xc0 reg=0x88 len=1 data=00
1778318280.217000 W1 i2c=0xc0 reg=0x87 val=0xc0
1778318280.217000 W  i2c=0xc0 reg=0x87 len=1 data=c0
1778318280.218000 W1 i2c=0xdc reg=0x8 val=0x0
1778318280.218000 W  i2c=0xdc reg=0x8 len=1 data=00
1778318280.219000 W1 i2c=0x98 reg=0x0 val=0x1
1778318280.219000 W  i2c=0x98 reg=0x0 len=1 data=01
1778318280.220000 W1 i2c=0x98 reg=0x48 val=0x1
1778318280.220000 W  i2c=0x98 reg=0x48 len=1 data=01
1778318280.221000 W  i2c=0x98 reg=0xa len=6 data=b3 10 00 00 00 00
1778318280.222000 R  i2c=0x98 reg=0xa len=6
1778318280.226000 R= ret=0 data=30 00 00 00 00 b3
1778318280.226000 >>> sony_cxd6801_demod_SetStreamOutput
1778318280.226000 W1 i2c=0xd8 reg=0x0 val=0x0
1778318280.226000 W  i2c=0xd8 reg=0x0 len=1 data=00
1778318280.227000 R  i2c=0xd8 reg=0xa9 len=1
1778318280.231000 R= ret=0 data=00
1778318280.231000 W1 i2c=0xd8 reg=0x0 val=0x0
1778318280.231000 W  i2c=0xd8 reg=0x0 len=1 data=00
1778318280.232000 W1 i2c=0xd8 reg=0xc3 val=0x0
1778318280.232000 W  i2c=0xd8 reg=0xc3 len=1 data=00
1778318280.233000 <<< sony_cxd6801_demod_SetStreamOutput ret=0
1778318280.233000 W1 i2c=0x30 reg=0x0 val=0xf
1778318280.233000 W  i2c=0x30 reg=0x0 len=1 data=0f
1778318280.234000 R  i2c=0x30 reg=0x11 len=1
1778318280.237000 R= ret=0 data=00
1778318280.237000 W1 i2c=0x30 reg=0x0 val=0x9
1778318280.237000 W  i2c=0x30 reg=0x0 len=1 data=09
1778318280.238000 R  i2c=0x30 reg=0x62 len=1
1778318280.241000 R= ret=0 data=51
1778318280.241000 W1 i2c=0x30 reg=0x0 val=0xd
1778318280.241000 W  i2c=0x30 reg=0x0 len=1 data=0d
1778318280.242000 R  i2c=0x30 reg=0x86 len=1
1778318280.246000 R= ret=0 data=00
1778318280.258000 W1 i2c=0x30 reg=0x0 val=0xf
1778318280.258000 W  i2c=0x30 reg=0x0 len=1 data=0f
1778318280.259000 R  i2c=0x30 reg=0x11 len=1
1778318280.262000 R= ret=0 data=00
1778318280.262000 W1 i2c=0x30 reg=0x0 val=0x9
1778318280.262000 W  i2c=0x30 reg=0x0 len=1 data=09
1778318280.263000 R  i2c=0x30 reg=0x62 len=1
1778318280.266000 R= ret=0 data=51
1778318280.266000 W1 i2c=0x30 reg=0x0 val=0xd
1778318280.266000 W  i2c=0x30 reg=0x0 len=1 data=0d
1778318280.267000 R  i2c=0x30 reg=0x86 len=1
1778318280.271000 R= ret=0 data=00
1778318280.281000 W1 i2c=0x30 reg=0x0 val=0xf
1778318280.281000 W  i2c=0x30 reg=0x0 len=1 data=0f
1778318280.282000 R  i2c=0x30 reg=0x11 len=1
1778318280.286000 R= ret=0 data=00
1778318280.286000 W1 i2c=0x30 reg=0x0 val=0x9
1778318280.286000 W  i2c=0x30 reg=0x0 len=1 data=09
1778318280.287000 R  i2c=0x30 reg=0x62 len=1
1778318280.290000 R= ret=0 data=51
1778318280.290000 W1 i2c=0x30 reg=0x0 val=0xd
1778318280.290000 W  i2c=0x30 reg=0x0 len=1 data=0d
1778318280.291000 R  i2c=0x30 reg=0x86 len=1
1778318280.295000 R= ret=0 data=00
1778318280.306000 W1 i2c=0x30 reg=0x0 val=0xf
1778318280.306000 W  i2c=0x30 reg=0x0 len=1 data=0f
1778318280.307000 R  i2c=0x30 reg=0x11 len=1
1778318280.310000 R= ret=0 data=00
1778318280.310000 W1 i2c=0x30 reg=0x0 val=0x9
1778318280.310000 W  i2c=0x30 reg=0x0 len=1 data=09
1778318280.311000 R  i2c=0x30 reg=0x62 len=1
1778318280.315000 R= ret=0 data=51
1778318280.315000 W1 i2c=0x30 reg=0x0 val=0xd
1778318280.315000 W  i2c=0x30 reg=0x0 len=1 data=0d
1778318280.316000 R  i2c=0x30 reg=0x86 len=1
1778318280.318000 W1 i2c=0x30 reg=0x0 val=0xf
1778318280.318000 W  i2c=0x30 reg=0x0 len=1 data=0f
1778318280.319000 R= ret=0 data=00
1778318280.320000 R  i2c=0x30 reg=0x11 len=1
1778318280.324000 R= ret=0 data=00
1778318280.324000 W1 i2c=0x30 reg=0x0 val=0x9
1778318280.324000 W  i2c=0x30 reg=0x0 len=1 data=09
1778318280.325000 R  i2c=0x30 reg=0x62 len=1
1778318280.328000 R= ret=0 data=51
1778318280.328000 W1 i2c=0x30 reg=0x0 val=0xd
1778318280.328000 W  i2c=0x30 reg=0x0 len=1 data=0d
1778318280.329000 R  i2c=0x30 reg=0x86 len=1
1778318280.329000 W1 i2c=0x30 reg=0x0 val=0xf
1778318280.329000 W  i2c=0x30 reg=0x0 len=1 data=0f
1778318280.332000 R= ret=0 data=00
1778318280.333000 W1 i2c=0x30 reg=0x0 val=0xd
1778318280.333000 W  i2c=0x30 reg=0x0 len=1 data=0d
1778318280.333000 R  i2c=0x30 reg=0x11 len=1
1778318280.334000 R  i2c=0x30 reg=0x86 len=1
1778318280.338000 R= ret=0 data=00
1778318280.338000 W1 i2c=0x30 reg=0x0 val=0x9
1778318280.338000 W  i2c=0x30 reg=0x0 len=1 data=09
1778318280.341000 R= ret=0 data=00
1778318280.341000 W1 i2c=0x30 reg=0x0 val=0xd
1778318280.341000 W  i2c=0x30 reg=0x0 len=1 data=0d
1778318280.342000 R  i2c=0x30 reg=0x62 len=1
1778318280.343000 R  i2c=0x30 reg=0x86 len=1
1778318280.346000 R= ret=0 data=00
1778318280.346000 W1 i2c=0x30 reg=0x0 val=0xd
1778318280.346000 W  i2c=0x30 reg=0x0 len=1 data=0d
1778318280.350000 R= ret=0 data=00
1778318280.350000 W1 i2c=0xdc reg=0x8 val=0x1
1778318280.350000 W  i2c=0xdc reg=0x8 len=1 data=01
1778318280.351000 R  i2c=0x30 reg=0x86 len=1
1778318280.352000 W  i2c=0xc0 reg=0x87 len=2 data=c4 41
1778318280.356000 R= ret=0 data=00
1778318280.357000 W  i2c=0xc0 reg=0x59 len=2 data=05 01
1778318280.358000 R  i2c=0xc0 reg=0x5b len=1
1778318280.361000 R= ret=0 data=26
1778318280.361000 W  i2c=0xc0 reg=0x59 len=2 data=03 01
1778318280.362000 R  i2c=0xc0 reg=0x5b len=1
1778318280.365000 R= ret=0 data=08
1778318280.365000 W1 i2c=0xc0 reg=0x59 val=0x4
1778318280.365000 W  i2c=0xc0 reg=0x59 len=1 data=04
1778318280.366000 W1 i2c=0x30 reg=0x0 val=0xf
1778318280.366000 W  i2c=0x30 reg=0x0 len=1 data=0f
1778318280.366000 W1 i2c=0xc0 reg=0x88 val=0x0
1778318280.366000 W  i2c=0xc0 reg=0x88 len=1 data=00
1778318280.367000 R  i2c=0x30 reg=0x11 len=1
1778318280.369000 W1 i2c=0xc0 reg=0x87 val=0xc0
1778318280.369000 W  i2c=0xc0 reg=0x87 len=1 data=c0
1778318280.372000 R= ret=0 data=00
1778318280.372000 W1 i2c=0x30 reg=0x0 val=0x9
1778318280.372000 W  i2c=0x30 reg=0x0 len=1 data=09
1778318280.373000 R  i2c=0xc0 reg=0x69 len=1
1778318280.374000 R  i2c=0x30 reg=0x62 len=1
1778318280.378000 R= ret=0 data=88
1778318280.378000 W1 i2c=0xdc reg=0x8 val=0x0
1778318280.378000 W  i2c=0xdc reg=0x8 len=1 data=00
1778318280.382000 R= ret=0 data=51
1778318280.382000 W1 i2c=0x30 reg=0x0 val=0xd
1778318280.382000 W  i2c=0x30 reg=0x0 len=1 data=0d
1778318280.383000 R  i2c=0x30 reg=0x86 len=1
1778318280.387000 R= ret=0 data=00
1778318280.398000 W1 i2c=0x30 reg=0x0 val=0xf
1778318280.398000 W  i2c=0x30 reg=0x0 len=1 data=0f
1778318280.399000 R  i2c=0x30 reg=0x11 len=1
1778318280.402000 R= ret=0 data=00
1778318280.402000 W1 i2c=0x30 reg=0x0 val=0x9
1778318280.402000 W  i2c=0x30 reg=0x0 len=1 data=09
1778318280.403000 R  i2c=0x30 reg=0x62 len=1
1778318280.407000 R= ret=0 data=51
1778318280.407000 W1 i2c=0x30 reg=0x0 val=0xd
1778318280.407000 W  i2c=0x30 reg=0x0 len=1 data=0d
1778318280.408000 R  i2c=0x30 reg=0x86 len=1
1778318280.411000 R= ret=0 data=00
1778318280.423000 W1 i2c=0x30 reg=0x0 val=0xf
1778318280.423000 W  i2c=0x30 reg=0x0 len=1 data=0f
1778318280.423000 R  i2c=0x30 reg=0x11 len=1
1778318280.427000 R= ret=0 data=00
1778318280.427000 W1 i2c=0x30 reg=0x0 val=0x9
1778318280.427000 W  i2c=0x30 reg=0x0 len=1 data=09
1778318280.428000 R  i2c=0x30 reg=0x62 len=1
1778318280.431000 R= ret=0 data=51
1778318280.431000 W1 i2c=0x30 reg=0x0 val=0xd
1778318280.432000 W  i2c=0x30 reg=0x0 len=1 data=0d
1778318280.433000 R  i2c=0x30 reg=0x86 len=1
1778318280.436000 R= ret=0 data=00
1778318280.446000 W1 i2c=0x30 reg=0x0 val=0xf
1778318280.446000 W  i2c=0x30 reg=0x0 len=1 data=0f
1778318280.447000 R  i2c=0x30 reg=0x11 len=1
1778318280.450000 R= ret=0 data=00
1778318280.450000 W1 i2c=0x30 reg=0x0 val=0x9
1778318280.450000 W  i2c=0x30 reg=0x0 len=1 data=09
1778318280.451000 R  i2c=0x30 reg=0x62 len=1
1778318280.455000 R= ret=0 data=51
1778318280.455000 W1 i2c=0x30 reg=0x0 val=0xd
1778318280.455000 W  i2c=0x30 reg=0x0 len=1 data=0d
1778318280.456000 R  i2c=0x30 reg=0x86 len=1
1778318280.459000 R= ret=0 data=00
1778318280.470000 W1 i2c=0x30 reg=0x0 val=0xf
1778318280.470000 W  i2c=0x30 reg=0x0 len=1 data=0f
1778318280.471000 R  i2c=0x30 reg=0x11 len=1
1778318280.475000 R= ret=0 data=00
1778318280.475000 W1 i2c=0x30 reg=0x0 val=0x9
1778318280.475000 W  i2c=0x30 reg=0x0 len=1 data=09
1778318280.476000 R  i2c=0x30 reg=0x62 len=1
1778318280.479000 R= ret=0 data=51
1778318280.479000 W1 i2c=0x30 reg=0x0 val=0xd
1778318280.479000 W  i2c=0x30 reg=0x0 len=1 data=0d
1778318280.480000 R  i2c=0x30 reg=0x86 len=1
1778318280.483000 R= ret=0 data=00
1778318280.495000 W1 i2c=0x30 reg=0x0 val=0xf
1778318280.495000 W  i2c=0x30 reg=0x0 len=1 data=0f
1778318280.496000 R  i2c=0x30 reg=0x11 len=1
1778318280.499000 R= ret=0 data=00
1778318280.499000 W1 i2c=0x30 reg=0x0 val=0x9
1778318280.499000 W  i2c=0x30 reg=0x0 len=1 data=09
1778318280.500000 R  i2c=0x30 reg=0x62 len=1
1778318280.504000 R= ret=0 data=51
1778318280.504000 W1 i2c=0x30 reg=0x0 val=0xd
1778318280.504000 W  i2c=0x30 reg=0x0 len=1 data=0d
1778318280.505000 R  i2c=0x30 reg=0x86 len=1
1778318280.508000 R= ret=0 data=00
1778318280.518000 W1 i2c=0x30 reg=0x0 val=0xf
1778318280.518000 W  i2c=0x30 reg=0x0 len=1 data=0f
1778318280.520000 R  i2c=0x30 reg=0x11 len=1
1778318280.523000 R= ret=0 data=00
1778318280.523000 W1 i2c=0x30 reg=0x0 val=0x9
1778318280.523000 W  i2c=0x30 reg=0x0 len=1 data=09
1778318280.524000 R  i2c=0x30 reg=0x62 len=1
1778318280.528000 R= ret=0 data=51
1778318280.528000 W1 i2c=0x30 reg=0x0 val=0xd
1778318280.528000 W  i2c=0x30 reg=0x0 len=1 data=0d
1778318280.528000 R  i2c=0x30 reg=0x86 len=1
1778318280.532000 R= ret=0 data=00
1778318280.543000 W1 i2c=0x30 reg=0x0 val=0xf
1778318280.543000 W  i2c=0x30 reg=0x0 len=1 data=0f
1778318280.544000 R  i2c=0x30 reg=0x11 len=1
1778318280.547000 R= ret=0 data=00
1778318280.547000 W1 i2c=0x30 reg=0x0 val=0x9
1778318280.547000 W  i2c=0x30 reg=0x0 len=1 data=09
1778318280.548000 R  i2c=0x30 reg=0x62 len=1
1778318280.552000 R= ret=0 data=51
1778318280.552000 W1 i2c=0x30 reg=0x0 val=0xd
1778318280.552000 W  i2c=0x30 reg=0x0 len=1 data=0d
1778318280.553000 R  i2c=0x30 reg=0x86 len=1
1778318280.557000 R= ret=0 data=00
1778318280.567000 W1 i2c=0x30 reg=0x0 val=0xf
1778318280.567000 W  i2c=0x30 reg=0x0 len=1 data=0f
1778318280.568000 R  i2c=0x30 reg=0x11 len=1
1778318280.572000 R= ret=0 data=00
1778318280.572000 W1 i2c=0x30 reg=0x0 val=0x9
1778318280.572000 W  i2c=0x30 reg=0x0 len=1 data=09
1778318280.573000 R  i2c=0x30 reg=0x62 len=1
1778318280.576000 R= ret=0 data=51
1778318280.576000 W1 i2c=0x30 reg=0x0 val=0xd
1778318280.576000 W  i2c=0x30 reg=0x0 len=1 data=0d
1778318280.577000 R  i2c=0x30 reg=0x86 len=1
1778318280.581000 R= ret=0 data=00
1778318280.591000 W1 i2c=0x30 reg=0x0 val=0xf
1778318280.591000 W  i2c=0x30 reg=0x0 len=1 data=0f
1778318280.592000 R  i2c=0x30 reg=0x11 len=1
1778318280.596000 R= ret=0 data=00
1778318280.596000 W1 i2c=0x30 reg=0x0 val=0x9
1778318280.596000 W  i2c=0x30 reg=0x0 len=1 data=09
1778318280.597000 R  i2c=0x30 reg=0x62 len=1
1778318280.600000 R= ret=0 data=51
1778318280.600000 W1 i2c=0x30 reg=0x0 val=0xd
1778318280.600000 W  i2c=0x30 reg=0x0 len=1 data=0d
1778318280.601000 R  i2c=0x30 reg=0x86 len=1
1778318280.604000 R= ret=0 data=00
1778318280.615000 W1 i2c=0x30 reg=0x0 val=0xf
1778318280.615000 W  i2c=0x30 reg=0x0 len=1 data=0f
1778318280.616000 R  i2c=0x30 reg=0x11 len=1
1778318280.619000 R= ret=0 data=00
1778318280.619000 W1 i2c=0x30 reg=0x0 val=0x9
1778318280.619000 W  i2c=0x30 reg=0x0 len=1 data=09
1778318280.620000 R  i2c=0x30 reg=0x62 len=1
1778318280.624000 R= ret=0 data=51
1778318280.624000 W1 i2c=0x30 reg=0x0 val=0xd
1778318280.624000 W  i2c=0x30 reg=0x0 len=1 data=0d
1778318280.624000 R  i2c=0x30 reg=0x86 len=1
1778318280.628000 R= ret=0 data=00
1778318280.639000 W1 i2c=0x30 reg=0x0 val=0xf
1778318280.639000 W  i2c=0x30 reg=0x0 len=1 data=0f
1778318280.640000 R  i2c=0x30 reg=0x11 len=1
1778318280.643000 R= ret=0 data=00
1778318280.643000 W1 i2c=0x30 reg=0x0 val=0x9
1778318280.643000 W  i2c=0x30 reg=0x0 len=1 data=09
1778318280.644000 R  i2c=0x30 reg=0x62 len=1
1778318280.648000 R= ret=0 data=51
1778318280.648000 W1 i2c=0x30 reg=0x0 val=0xd
1778318280.648000 W  i2c=0x30 reg=0x0 len=1 data=0d
1778318280.649000 R  i2c=0x30 reg=0x86 len=1
1778318280.652000 R= ret=0 data=00
1778318280.662000 W1 i2c=0x30 reg=0x0 val=0xf
1778318280.662000 W  i2c=0x30 reg=0x0 len=1 data=0f
1778318280.663000 R  i2c=0x30 reg=0x11 len=1
1778318280.667000 R= ret=0 data=00
1778318280.667000 W1 i2c=0x30 reg=0x0 val=0x9
1778318280.667000 W  i2c=0x30 reg=0x0 len=1 data=09
1778318280.668000 R  i2c=0x30 reg=0x62 len=1
1778318280.671000 R= ret=0 data=51
1778318280.671000 W1 i2c=0x30 reg=0x0 val=0xd
1778318280.671000 W  i2c=0x30 reg=0x0 len=1 data=0d
1778318280.672000 R  i2c=0x30 reg=0x86 len=1
1778318280.686000 R= ret=0 data=00
1778318280.696000 W1 i2c=0x30 reg=0x0 val=0xf
1778318280.696000 W  i2c=0x30 reg=0x0 len=1 data=0f
1778318280.697000 R  i2c=0x30 reg=0x11 len=1
1778318280.701000 R= ret=0 data=00
1778318280.701000 W1 i2c=0x30 reg=0x0 val=0x9
1778318280.701000 W  i2c=0x30 reg=0x0 len=1 data=09
1778318280.702000 R  i2c=0x30 reg=0x62 len=1
1778318280.705000 R= ret=0 data=51
1778318280.705000 W1 i2c=0x30 reg=0x0 val=0xd
1778318280.705000 W  i2c=0x30 reg=0x0 len=1 data=0d
1778318280.706000 R  i2c=0x30 reg=0x86 len=1
1778318280.709000 R= ret=0 data=00
1778318280.720000 W1 i2c=0x30 reg=0x0 val=0xf
1778318280.720000 W  i2c=0x30 reg=0x0 len=1 data=0f
1778318280.721000 R  i2c=0x30 reg=0x11 len=1
1778318280.724000 R= ret=0 data=00
1778318280.724000 W1 i2c=0x30 reg=0x0 val=0x9
1778318280.724000 W  i2c=0x30 reg=0x0 len=1 data=09
1778318280.725000 R  i2c=0x30 reg=0x62 len=1
1778318280.729000 R= ret=0 data=51
1778318280.729000 W1 i2c=0x30 reg=0x0 val=0xd
1778318280.729000 W  i2c=0x30 reg=0x0 len=1 data=0d
1778318280.730000 R  i2c=0x30 reg=0x86 len=1
1778318280.733000 R= ret=0 data=00
1778318280.744000 W1 i2c=0x30 reg=0x0 val=0xf
1778318280.744000 W  i2c=0x30 reg=0x0 len=1 data=0f
1778318280.745000 R  i2c=0x30 reg=0x11 len=1
1778318280.749000 R= ret=0 data=00
1778318280.749000 W1 i2c=0x30 reg=0x0 val=0x9
1778318280.749000 W  i2c=0x30 reg=0x0 len=1 data=09
1778318280.750000 R  i2c=0x30 reg=0x62 len=1
1778318280.753000 R= ret=0 data=51
1778318280.753000 W1 i2c=0x30 reg=0x0 val=0xd
1778318280.753000 W  i2c=0x30 reg=0x0 len=1 data=0d
1778318280.754000 R  i2c=0x30 reg=0x86 len=1
1778318280.757000 R= ret=0 data=00
1778318280.768000 W1 i2c=0x30 reg=0x0 val=0xf
1778318280.768000 W  i2c=0x30 reg=0x0 len=1 data=0f
1778318280.769000 R  i2c=0x30 reg=0x11 len=1
1778318280.772000 R= ret=0 data=00
1778318280.772000 W1 i2c=0x30 reg=0x0 val=0x9
1778318280.772000 W  i2c=0x30 reg=0x0 len=1 data=09
1778318280.773000 R  i2c=0x30 reg=0x62 len=1
1778318280.777000 R= ret=0 data=51
1778318280.777000 W1 i2c=0x30 reg=0x0 val=0xd
1778318280.777000 W  i2c=0x30 reg=0x0 len=1 data=0d
1778318280.778000 R  i2c=0x30 reg=0x86 len=1
1778318280.781000 R= ret=0 data=00
1778318280.791000 W1 i2c=0x30 reg=0x0 val=0xf
1778318280.791000 W  i2c=0x30 reg=0x0 len=1 data=0f
1778318280.793000 R  i2c=0x30 reg=0x11 len=1
1778318280.797000 R= ret=0 data=00
1778318280.797000 W1 i2c=0x30 reg=0x0 val=0x9
1778318280.797000 W  i2c=0x30 reg=0x0 len=1 data=09
1778318280.798000 R  i2c=0x30 reg=0x62 len=1
1778318280.801000 R= ret=0 data=51
1778318280.801000 W1 i2c=0x30 reg=0x0 val=0xd
1778318280.801000 W  i2c=0x30 reg=0x0 len=1 data=0d
1778318280.802000 R  i2c=0x30 reg=0x86 len=1
1778318280.805000 R= ret=0 data=00
1778318280.817000 W1 i2c=0x30 reg=0x0 val=0xf
1778318280.817000 W  i2c=0x30 reg=0x0 len=1 data=0f
1778318280.818000 R  i2c=0x30 reg=0x11 len=1
1778318280.822000 R= ret=0 data=00
1778318280.822000 W1 i2c=0x30 reg=0x0 val=0x9
1778318280.822000 W  i2c=0x30 reg=0x0 len=1 data=09
1778318280.823000 R  i2c=0x30 reg=0x62 len=1
1778318280.826000 R= ret=0 data=51
1778318280.826000 W1 i2c=0x30 reg=0x0 val=0xd
1778318280.826000 W  i2c=0x30 reg=0x0 len=1 data=0d
1778318280.827000 R  i2c=0x30 reg=0x86 len=1
1778318280.831000 R= ret=0 data=00
1778318280.841000 W1 i2c=0x30 reg=0x0 val=0xf
1778318280.841000 W  i2c=0x30 reg=0x0 len=1 data=0f
1778318280.841000 R  i2c=0x30 reg=0x11 len=1
1778318280.845000 R= ret=0 data=00
1778318280.845000 W1 i2c=0x30 reg=0x0 val=0x9
1778318280.845000 W  i2c=0x30 reg=0x0 len=1 data=09
1778318280.846000 R  i2c=0x30 reg=0x62 len=1
1778318280.849000 R= ret=0 data=51
1778318280.849000 W1 i2c=0x30 reg=0x0 val=0xd
1778318280.849000 W  i2c=0x30 reg=0x0 len=1 data=0d
1778318280.850000 R  i2c=0x30 reg=0x86 len=1
1778318280.853000 R= ret=0 data=00
1778318280.864000 W1 i2c=0x30 reg=0x0 val=0xf
1778318280.864000 W  i2c=0x30 reg=0x0 len=1 data=0f
1778318280.865000 R  i2c=0x30 reg=0x11 len=1
1778318280.868000 R= ret=0 data=00
1778318280.868000 W1 i2c=0x30 reg=0x0 val=0x9
1778318280.868000 W  i2c=0x30 reg=0x0 len=1 data=09
1778318280.869000 R  i2c=0x30 reg=0x62 len=1
1778318280.873000 R= ret=0 data=51
1778318280.873000 W1 i2c=0x30 reg=0x0 val=0xd
1778318280.873000 W  i2c=0x30 reg=0x0 len=1 data=0d
1778318280.874000 R  i2c=0x30 reg=0x86 len=1
1778318280.877000 R= ret=0 data=00
1778318280.887000 W1 i2c=0x30 reg=0x0 val=0xf
1778318280.887000 W  i2c=0x30 reg=0x0 len=1 data=0f
1778318280.888000 R  i2c=0x30 reg=0x11 len=1
1778318280.892000 R= ret=0 data=00
1778318280.892000 W1 i2c=0x30 reg=0x0 val=0x9
1778318280.892000 W  i2c=0x30 reg=0x0 len=1 data=09
1778318280.893000 R  i2c=0x30 reg=0x62 len=1
1778318280.896000 R= ret=0 data=51
1778318280.896000 W1 i2c=0x30 reg=0x0 val=0xd
1778318280.896000 W  i2c=0x30 reg=0x0 len=1 data=0d
1778318280.897000 R  i2c=0x30 reg=0x86 len=1
1778318280.900000 R= ret=0 data=00
1778318280.910000 W1 i2c=0x30 reg=0x0 val=0xf
1778318280.910000 W  i2c=0x30 reg=0x0 len=1 data=0f
1778318280.912000 R  i2c=0x30 reg=0x11 len=1
1778318280.915000 R= ret=0 data=00
1778318280.915000 W1 i2c=0x30 reg=0x0 val=0x9
1778318280.915000 W  i2c=0x30 reg=0x0 len=1 data=09
1778318280.916000 R  i2c=0x30 reg=0x62 len=1
1778318280.919000 R= ret=0 data=51
1778318280.919000 W1 i2c=0x30 reg=0x0 val=0xd
1778318280.919000 W  i2c=0x30 reg=0x0 len=1 data=0d
1778318280.920000 R  i2c=0x30 reg=0x86 len=1
1778318280.924000 R= ret=0 data=00
1778318280.934000 W1 i2c=0x30 reg=0x0 val=0xf
1778318280.934000 W  i2c=0x30 reg=0x0 len=1 data=0f
1778318280.935000 R  i2c=0x30 reg=0x11 len=1
1778318280.938000 R= ret=0 data=00
1778318280.938000 W1 i2c=0x30 reg=0x0 val=0x9
1778318280.938000 W  i2c=0x30 reg=0x0 len=1 data=09
1778318280.939000 R  i2c=0x30 reg=0x62 len=1
1778318280.942000 R= ret=0 data=51
1778318280.942000 W1 i2c=0x30 reg=0x0 val=0xd
1778318280.942000 W  i2c=0x30 reg=0x0 len=1 data=0d
1778318280.943000 R  i2c=0x30 reg=0x86 len=1
1778318280.946000 R= ret=0 data=00
1778318280.956000 W1 i2c=0x30 reg=0x0 val=0xf
1778318280.956000 W  i2c=0x30 reg=0x0 len=1 data=0f
1778318280.957000 R  i2c=0x30 reg=0x11 len=1
1778318280.960000 R= ret=0 data=00
1778318280.960000 W1 i2c=0x30 reg=0x0 val=0x9
1778318280.960000 W  i2c=0x30 reg=0x0 len=1 data=09
1778318280.961000 R  i2c=0x30 reg=0x62 len=1
1778318280.965000 R= ret=0 data=51
1778318280.965000 W1 i2c=0x30 reg=0x0 val=0xd
1778318280.965000 W  i2c=0x30 reg=0x0 len=1 data=0d
1778318280.966000 R  i2c=0x30 reg=0x86 len=1
1778318280.969000 R= ret=0 data=00
1778318280.980000 W1 i2c=0x30 reg=0x0 val=0xf
1778318280.980000 W  i2c=0x30 reg=0x0 len=1 data=0f
1778318280.981000 R  i2c=0x30 reg=0x11 len=1
1778318280.984000 R= ret=0 data=00
1778318280.984000 W1 i2c=0x30 reg=0x0 val=0x9
1778318280.984000 W  i2c=0x30 reg=0x0 len=1 data=09
1778318280.985000 R  i2c=0x30 reg=0x62 len=1
1778318280.990000 R= ret=0 data=51
1778318280.990000 W1 i2c=0x30 reg=0x0 val=0xd
1778318280.990000 W  i2c=0x30 reg=0x0 len=1 data=0d
1778318280.991000 R  i2c=0x30 reg=0x86 len=1
1778318280.994000 R= ret=0 data=00
1778318281.006000 W1 i2c=0x30 reg=0x0 val=0xf
1778318281.006000 W  i2c=0x30 reg=0x0 len=1 data=0f
1778318281.007000 R  i2c=0x30 reg=0x11 len=1
1778318281.010000 R= ret=0 data=00
1778318281.010000 W1 i2c=0x30 reg=0x0 val=0x9
1778318281.011000 W  i2c=0x30 reg=0x0 len=1 data=09
1778318281.012000 R  i2c=0x30 reg=0x62 len=1
1778318281.015000 R= ret=0 data=51
1778318281.015000 W1 i2c=0x30 reg=0x0 val=0xd
1778318281.015000 W  i2c=0x30 reg=0x0 len=1 data=0d
1778318281.016000 R  i2c=0x30 reg=0x86 len=1
1778318281.020000 R= ret=0 data=00
1778318281.030000 W1 i2c=0x30 reg=0x0 val=0xf
1778318281.030000 W  i2c=0x30 reg=0x0 len=1 data=0f
1778318281.031000 R  i2c=0x30 reg=0x11 len=1
1778318281.035000 R= ret=0 data=00
1778318281.035000 W1 i2c=0x30 reg=0x0 val=0x9
1778318281.035000 W  i2c=0x30 reg=0x0 len=1 data=09
1778318281.036000 R  i2c=0x30 reg=0x62 len=1
1778318281.039000 R= ret=0 data=51
1778318281.039000 W1 i2c=0x30 reg=0x0 val=0xd
1778318281.039000 W  i2c=0x30 reg=0x0 len=1 data=0d
1778318281.040000 R  i2c=0x30 reg=0x86 len=1
1778318281.044000 R= ret=0 data=00
1778318281.055000 W1 i2c=0x30 reg=0x0 val=0xf
1778318281.055000 W  i2c=0x30 reg=0x0 len=1 data=0f
1778318281.056000 R  i2c=0x30 reg=0x11 len=1
1778318281.059000 R= ret=0 data=00
1778318281.059000 W1 i2c=0x30 reg=0x0 val=0x9
1778318281.059000 W  i2c=0x30 reg=0x0 len=1 data=09
1778318281.060000 R  i2c=0x30 reg=0x62 len=1
1778318281.064000 R= ret=0 data=51
1778318281.064000 W1 i2c=0x30 reg=0x0 val=0xd
1778318281.064000 W  i2c=0x30 reg=0x0 len=1 data=0d
1778318281.065000 R  i2c=0x30 reg=0x86 len=1
1778318281.068000 R= ret=0 data=00
1778318281.079000 W1 i2c=0x30 reg=0x0 val=0xf
1778318281.079000 W  i2c=0x30 reg=0x0 len=1 data=0f
1778318281.081000 R  i2c=0x30 reg=0x11 len=1
1778318281.084000 R= ret=0 data=00
1778318281.084000 W1 i2c=0x30 reg=0x0 val=0x9
1778318281.084000 W  i2c=0x30 reg=0x0 len=1 data=09
1778318281.085000 R  i2c=0x30 reg=0x62 len=1
1778318281.088000 R= ret=0 data=51
1778318281.088000 W1 i2c=0x30 reg=0x0 val=0xd
1778318281.088000 W  i2c=0x30 reg=0x0 len=1 data=0d
1778318281.089000 R  i2c=0x30 reg=0x86 len=1
1778318281.093000 R= ret=0 data=00
1778318281.103000 W1 i2c=0x30 reg=0x0 val=0xf
1778318281.103000 W  i2c=0x30 reg=0x0 len=1 data=0f
1778318281.104000 R  i2c=0x30 reg=0x11 len=1
1778318281.108000 R= ret=0 data=00
1778318281.108000 W1 i2c=0x30 reg=0x0 val=0x9
1778318281.108000 W  i2c=0x30 reg=0x0 len=1 data=09
1778318281.108000 R  i2c=0x30 reg=0x62 len=1
1778318281.112000 R= ret=0 data=51
1778318281.112000 W1 i2c=0x30 reg=0x0 val=0xd
1778318281.112000 W  i2c=0x30 reg=0x0 len=1 data=0d
1778318281.113000 R  i2c=0x30 reg=0x86 len=1
1778318281.116000 R= ret=0 data=00
1778318281.127000 W1 i2c=0x30 reg=0x0 val=0xf
1778318281.127000 W  i2c=0x30 reg=0x0 len=1 data=0f
1778318281.128000 R  i2c=0x30 reg=0x11 len=1
1778318281.131000 R= ret=0 data=00
1778318281.131000 W1 i2c=0x30 reg=0x0 val=0x9
1778318281.131000 W  i2c=0x30 reg=0x0 len=1 data=09
1778318281.132000 R  i2c=0x30 reg=0x62 len=1
1778318281.135000 R= ret=0 data=51
1778318281.135000 W1 i2c=0x30 reg=0x0 val=0xd
1778318281.135000 W  i2c=0x30 reg=0x0 len=1 data=0d
1778318281.136000 R  i2c=0x30 reg=0x86 len=1
1778318281.140000 R= ret=0 data=00
1778318281.151000 W1 i2c=0x30 reg=0x0 val=0xf
1778318281.151000 W  i2c=0x30 reg=0x0 len=1 data=0f
1778318281.152000 R  i2c=0x30 reg=0x11 len=1
1778318281.156000 R= ret=0 data=00
1778318281.156000 W1 i2c=0x30 reg=0x0 val=0x9
1778318281.156000 W  i2c=0x30 reg=0x0 len=1 data=09
1778318281.157000 R  i2c=0x30 reg=0x62 len=1
1778318281.160000 R= ret=0 data=51
1778318281.160000 W1 i2c=0x30 reg=0x0 val=0xd
1778318281.160000 W  i2c=0x30 reg=0x0 len=1 data=0d
1778318281.161000 R  i2c=0x30 reg=0x86 len=1
1778318281.164000 R= ret=0 data=00
1778318281.175000 W1 i2c=0x30 reg=0x0 val=0xf
1778318281.175000 W  i2c=0x30 reg=0x0 len=1 data=0f
1778318281.176000 R  i2c=0x30 reg=0x11 len=1
1778318281.180000 R= ret=0 data=00
1778318281.180000 W1 i2c=0x30 reg=0x0 val=0x9
1778318281.180000 W  i2c=0x30 reg=0x0 len=1 data=09
1778318281.180000 R  i2c=0x30 reg=0x62 len=1
1778318281.183000 W1 i2c=0x30 reg=0x0 val=0xf
1778318281.183000 W  i2c=0x30 reg=0x0 len=1 data=0f
1778318281.184000 R= ret=0 data=51
1778318281.184000 W1 i2c=0x30 reg=0x0 val=0xd
1778318281.184000 W  i2c=0x30 reg=0x0 len=1 data=0d
1778318281.185000 R  i2c=0x30 reg=0x11 len=1
1778318281.186000 R  i2c=0x30 reg=0x86 len=1
1778318281.190000 R= ret=0 data=00
1778318281.190000 W1 i2c=0x30 reg=0x0 val=0x9
1778318281.190000 W  i2c=0x30 reg=0x0 len=1 data=09
1778318281.193000 R= ret=0 data=00
1778318281.194000 R  i2c=0x30 reg=0x62 len=1
1778318281.197000 R= ret=0 data=51
1778318281.197000 W1 i2c=0x30 reg=0x0 val=0xd
1778318281.197000 W  i2c=0x30 reg=0x0 len=1 data=0d
1778318281.198000 R  i2c=0x30 reg=0x86 len=1
1778318281.202000 R= ret=0 data=00
1778318281.202000 W1 i2c=0x30 reg=0x0 val=0xd
1778318281.202000 W  i2c=0x30 reg=0x0 len=1 data=0d
1778318281.203000 R  i2c=0x30 reg=0x86 len=1
1778318281.203000 W1 i2c=0x30 reg=0x0 val=0xf
1778318281.203000 W  i2c=0x30 reg=0x0 len=1 data=0f
1778318281.206000 R= ret=0 data=00
1778318281.206000 W1 i2c=0x30 reg=0x0 val=0xd
1778318281.206000 W  i2c=0x30 reg=0x0 len=1 data=0d
1778318281.207000 R  i2c=0x30 reg=0x11 len=1
1778318281.208000 R  i2c=0x30 reg=0x86 len=1
1778318281.212000 R= ret=0 data=00
1778318281.212000 W1 i2c=0xdc reg=0x8 val=0x1
1778318281.212000 W  i2c=0xdc reg=0x8 len=1 data=01
1778318281.215000 R= ret=0 data=00
1778318281.215000 W1 i2c=0x30 reg=0x0 val=0x9
1778318281.215000 W  i2c=0x30 reg=0x0 len=1 data=09
1778318281.216000 W  i2c=0xc0 reg=0x87 len=2 data=c4 41
1778318281.217000 R  i2c=0x30 reg=0x62 len=1
1778318281.218000 W  i2c=0xc0 reg=0x59 len=2 data=05 01
1778318281.221000 R= ret=0 data=51
1778318281.221000 W1 i2c=0x30 reg=0x0 val=0xd
1778318281.221000 W  i2c=0x30 reg=0x0 len=1 data=0d
1778318281.222000 R  i2c=0xc0 reg=0x5b len=1
1778318281.223000 R  i2c=0x30 reg=0x86 len=1
1778318281.226000 R= ret=0 data=26
1778318281.226000 W  i2c=0xc0 reg=0x59 len=2 data=03 01
1778318281.229000 R= ret=0 data=00
1778318281.230000 R  i2c=0xc0 reg=0x5b len=1
1778318281.233000 R= ret=0 data=08
1778318281.233000 W1 i2c=0xc0 reg=0x59 val=0x4
1778318281.233000 W  i2c=0xc0 reg=0x59 len=1 data=04
1778318281.234000 W1 i2c=0xc0 reg=0x88 val=0x0
1778318281.234000 W  i2c=0xc0 reg=0x88 len=1 data=00
1778318281.235000 W1 i2c=0xc0 reg=0x87 val=0xc0
1778318281.235000 W  i2c=0xc0 reg=0x87 len=1 data=c0
1778318281.236000 R  i2c=0xc0 reg=0x69 len=1
1778318281.239000 R= ret=0 data=88
1778318281.239000 W1 i2c=0xdc reg=0x8 val=0x0
1778318281.239000 W  i2c=0xdc reg=0x8 len=1 data=00
1778318281.239000 W1 i2c=0x30 reg=0x0 val=0xf
1778318281.239000 W  i2c=0x30 reg=0x0 len=1 data=0f
1778318281.241000 R  i2c=0x30 reg=0x11 len=1
1778318281.244000 R= ret=0 data=00
1778318281.244000 W1 i2c=0x30 reg=0x0 val=0x9
1778318281.244000 W  i2c=0x30 reg=0x0 len=1 data=09
1778318281.245000 R  i2c=0x30 reg=0x62 len=1
1778318281.248000 R= ret=0 data=51
1778318281.248000 W1 i2c=0x30 reg=0x0 val=0xd
1778318281.248000 W  i2c=0x30 reg=0x0 len=1 data=0d
1778318281.249000 R  i2c=0x30 reg=0x86 len=1
1778318281.252000 R= ret=0 data=00
1778318281.262000 W1 i2c=0x30 reg=0x0 val=0xf
1778318281.262000 W  i2c=0x30 reg=0x0 len=1 data=0f
1778318281.263000 R  i2c=0x30 reg=0x11 len=1
1778318281.266000 R= ret=0 data=00
1778318281.266000 W1 i2c=0x30 reg=0x0 val=0x9
1778318281.266000 W  i2c=0x30 reg=0x0 len=1 data=09
1778318281.267000 R  i2c=0x30 reg=0x62 len=1
1778318281.270000 R= ret=0 data=51
1778318281.270000 W1 i2c=0x30 reg=0x0 val=0xd
1778318281.271000 W  i2c=0x30 reg=0x0 len=1 data=0d
1778318281.271000 R  i2c=0x30 reg=0x86 len=1
1778318281.275000 R= ret=0 data=00
1778318281.285000 W1 i2c=0x30 reg=0x0 val=0xf
1778318281.285000 W  i2c=0x30 reg=0x0 len=1 data=0f
1778318281.287000 R  i2c=0x30 reg=0x11 len=1
1778318281.290000 R= ret=0 data=00
1778318281.290000 W1 i2c=0x30 reg=0x0 val=0x9
1778318281.290000 W  i2c=0x30 reg=0x0 len=1 data=09
1778318281.291000 R  i2c=0x30 reg=0x62 len=1
1778318281.295000 R= ret=0 data=51
1778318281.295000 W1 i2c=0x30 reg=0x0 val=0xd
1778318281.295000 W  i2c=0x30 reg=0x0 len=1 data=0d
1778318281.296000 R  i2c=0x30 reg=0x86 len=1
1778318281.299000 R= ret=0 data=00
1778318281.310000 W1 i2c=0x30 reg=0x0 val=0xf
1778318281.310000 W  i2c=0x30 reg=0x0 len=1 data=0f
1778318281.311000 R  i2c=0x30 reg=0x11 len=1
1778318281.314000 R= ret=0 data=00
1778318281.314000 W1 i2c=0x30 reg=0x0 val=0x9
1778318281.314000 W  i2c=0x30 reg=0x0 len=1 data=09
1778318281.315000 R  i2c=0x30 reg=0x62 len=1
1778318281.319000 R= ret=0 data=51
1778318281.319000 W1 i2c=0x30 reg=0x0 val=0xd
1778318281.319000 W  i2c=0x30 reg=0x0 len=1 data=0d
1778318281.320000 R  i2c=0x30 reg=0x86 len=1
1778318281.323000 R= ret=0 data=00
1778318281.334000 W1 i2c=0x30 reg=0x0 val=0xf
1778318281.334000 W  i2c=0x30 reg=0x0 len=1 data=0f
1778318281.335000 R  i2c=0x30 reg=0x11 len=1
1778318281.338000 R= ret=0 data=00
1778318281.339000 W1 i2c=0x30 reg=0x0 val=0x9
1778318281.339000 W  i2c=0x30 reg=0x0 len=1 data=09
1778318281.339000 R  i2c=0x30 reg=0x62 len=1
1778318281.343000 R= ret=0 data=51
1778318281.343000 W1 i2c=0x30 reg=0x0 val=0xd
1778318281.343000 W  i2c=0x30 reg=0x0 len=1 data=0d
1778318281.344000 R  i2c=0x30 reg=0x86 len=1
1778318281.347000 R= ret=0 data=00
1778318281.357000 W1 i2c=0x30 reg=0x0 val=0xf
1778318281.357000 W  i2c=0x30 reg=0x0 len=1 data=0f
1778318281.358000 R  i2c=0x30 reg=0x11 len=1
1778318281.361000 R= ret=0 data=00
1778318281.361000 W1 i2c=0x30 reg=0x0 val=0x9
1778318281.361000 W  i2c=0x30 reg=0x0 len=1 data=09
1778318281.362000 R  i2c=0x30 reg=0x62 len=1
1778318281.366000 R= ret=0 data=51
1778318281.366000 W1 i2c=0x30 reg=0x0 val=0xd
1778318281.366000 W  i2c=0x30 reg=0x0 len=1 data=0d
1778318281.367000 R  i2c=0x30 reg=0x86 len=1
1778318281.370000 R= ret=0 data=00
1778318281.380000 W1 i2c=0x30 reg=0x0 val=0xf
1778318281.380000 W  i2c=0x30 reg=0x0 len=1 data=0f
1778318281.381000 R  i2c=0x30 reg=0x11 len=1
1778318281.385000 R= ret=0 data=00
1778318281.385000 W1 i2c=0x30 reg=0x0 val=0x9
1778318281.385000 W  i2c=0x30 reg=0x0 len=1 data=09
1778318281.386000 R  i2c=0x30 reg=0x62 len=1
1778318281.390000 R= ret=0 data=41
1778318281.390000 W1 i2c=0x30 reg=0x0 val=0xd
1778318281.390000 W  i2c=0x30 reg=0x0 len=1 data=0d
1778318281.390000 R  i2c=0x30 reg=0x86 len=1
1778318281.394000 R= ret=0 data=00
1778318281.405000 W1 i2c=0x30 reg=0x0 val=0xf
1778318281.405000 W  i2c=0x30 reg=0x0 len=1 data=0f
1778318281.406000 R  i2c=0x30 reg=0x11 len=1
1778318281.409000 R= ret=0 data=00
1778318281.409000 W1 i2c=0x30 reg=0x0 val=0x9
1778318281.409000 W  i2c=0x30 reg=0x0 len=1 data=09
1778318281.410000 R  i2c=0x30 reg=0x62 len=1
1778318281.413000 R= ret=0 data=51
1778318281.413000 W1 i2c=0x30 reg=0x0 val=0xd
1778318281.413000 W  i2c=0x30 reg=0x0 len=1 data=0d
1778318281.414000 R  i2c=0x30 reg=0x86 len=1
1778318281.417000 R= ret=0 data=00
1778318281.429000 W1 i2c=0x30 reg=0x0 val=0xf
1778318281.429000 W  i2c=0x30 reg=0x0 len=1 data=0f
1778318281.430000 R  i2c=0x30 reg=0x11 len=1
1778318281.433000 R= ret=0 data=00
1778318281.433000 W1 i2c=0x30 reg=0x0 val=0x9
1778318281.433000 W  i2c=0x30 reg=0x0 len=1 data=09
1778318281.434000 R  i2c=0x30 reg=0x62 len=1
1778318281.437000 R= ret=0 data=51
1778318281.437000 W1 i2c=0x30 reg=0x0 val=0xd
1778318281.437000 W  i2c=0x30 reg=0x0 len=1 data=0d
1778318281.438000 R  i2c=0x30 reg=0x86 len=1
1778318281.441000 R= ret=0 data=00
1778318281.452000 W1 i2c=0x30 reg=0x0 val=0xf
1778318281.452000 W  i2c=0x30 reg=0x0 len=1 data=0f
1778318281.453000 R  i2c=0x30 reg=0x11 len=1
1778318281.456000 R= ret=0 data=00
1778318281.456000 W1 i2c=0x30 reg=0x0 val=0x9
1778318281.456000 W  i2c=0x30 reg=0x0 len=1 data=09
1778318281.457000 R  i2c=0x30 reg=0x62 len=1
1778318281.460000 R= ret=0 data=51
1778318281.460000 W1 i2c=0x30 reg=0x0 val=0xd
1778318281.461000 W  i2c=0x30 reg=0x0 len=1 data=0d
1778318281.461000 R  i2c=0x30 reg=0x86 len=1
1778318281.465000 R= ret=0 data=00
1778318281.465000 <<< sony_cxd6801_integ_atsc_Tune ret=5
1778318281.465000 DRV_acquire ret=5
1778318282.041000 W1 i2c=0x30 reg=0x0 val=0xf
1778318282.041000 W  i2c=0x30 reg=0x0 len=1 data=0f
1778318282.042000 R  i2c=0x30 reg=0x11 len=1
1778318282.046000 R= ret=0 data=00
1778318282.046000 W1 i2c=0x30 reg=0x0 val=0x9
1778318282.046000 W  i2c=0x30 reg=0x0 len=1 data=09
1778318282.047000 R  i2c=0x30 reg=0x62 len=1
1778318282.050000 R= ret=0 data=51
1778318282.050000 W1 i2c=0x30 reg=0x0 val=0xd
1778318282.050000 W  i2c=0x30 reg=0x0 len=1 data=0d
1778318282.052000 R  i2c=0x30 reg=0x86 len=1
1778318282.055000 R= ret=0 data=00
1778318282.055000 W1 i2c=0x30 reg=0x0 val=0xd
1778318282.055000 W  i2c=0x30 reg=0x0 len=1 data=0d
1778318282.056000 R  i2c=0x30 reg=0x86 len=1
1778318282.059000 R= ret=0 data=00
1778318282.060000 W1 i2c=0x30 reg=0x0 val=0xd
1778318282.060000 W  i2c=0x30 reg=0x0 len=1 data=0d
1778318282.060000 R  i2c=0x30 reg=0x86 len=1
1778318282.064000 R= ret=0 data=00
1778318282.064000 W1 i2c=0xdc reg=0x8 val=0x1
1778318282.064000 W  i2c=0xdc reg=0x8 len=1 data=01
1778318282.065000 W  i2c=0xc0 reg=0x87 len=2 data=c4 41
1778318282.066000 W  i2c=0xc0 reg=0x59 len=2 data=05 01
1778318282.067000 R  i2c=0xc0 reg=0x5b len=1
1778318282.070000 R= ret=0 data=26
1778318282.070000 W  i2c=0xc0 reg=0x59 len=2 data=03 01
1778318282.071000 R  i2c=0xc0 reg=0x5b len=1
1778318282.075000 R= ret=0 data=08
1778318282.075000 W1 i2c=0xc0 reg=0x59 val=0x4
1778318282.075000 W  i2c=0xc0 reg=0x59 len=1 data=04
1778318282.076000 W1 i2c=0xc0 reg=0x88 val=0x0
1778318282.076000 W  i2c=0xc0 reg=0x88 len=1 data=00
1778318282.076000 W1 i2c=0xc0 reg=0x87 val=0xc0
1778318282.076000 W  i2c=0xc0 reg=0x87 len=1 data=c0
1778318282.077000 R  i2c=0xc0 reg=0x69 len=1
1778318282.081000 R= ret=0 data=88
1778318282.081000 W1 i2c=0xdc reg=0x8 val=0x0
1778318282.081000 W  i2c=0xdc reg=0x8 len=1 data=00
1778318282.883000 W1 i2c=0x30 reg=0x0 val=0xf
1778318282.883000 W  i2c=0x30 reg=0x0 len=1 data=0f
1778318282.884000 R  i2c=0x30 reg=0x11 len=1
1778318282.888000 R= ret=0 data=00
1778318282.888000 W1 i2c=0x30 reg=0x0 val=0x9
1778318282.888000 W  i2c=0x30 reg=0x0 len=1 data=09
1778318282.889000 R  i2c=0x30 reg=0x62 len=1
1778318282.892000 R= ret=0 data=51
1778318282.892000 W1 i2c=0x30 reg=0x0 val=0xd
1778318282.892000 W  i2c=0x30 reg=0x0 len=1 data=0d
1778318282.894000 R  i2c=0x30 reg=0x86 len=1
1778318282.897000 R= ret=0 data=00
1778318282.897000 W1 i2c=0x30 reg=0x0 val=0xd
1778318282.897000 W  i2c=0x30 reg=0x0 len=1 data=0d
1778318282.898000 R  i2c=0x30 reg=0x86 len=1
1778318282.902000 R= ret=0 data=00
1778318282.902000 W1 i2c=0x30 reg=0x0 val=0xd
1778318282.902000 W  i2c=0x30 reg=0x0 len=1 data=0d
1778318282.902000 R  i2c=0x30 reg=0x86 len=1
1778318282.906000 R= ret=0 data=00
1778318282.906000 W1 i2c=0xdc reg=0x8 val=0x1
1778318282.906000 W  i2c=0xdc reg=0x8 len=1 data=01
1778318282.907000 W  i2c=0xc0 reg=0x87 len=2 data=c4 41
1778318282.908000 W  i2c=0xc0 reg=0x59 len=2 data=05 01
1778318282.909000 R  i2c=0xc0 reg=0x5b len=1
1778318282.912000 R= ret=0 data=26
1778318282.912000 W  i2c=0xc0 reg=0x59 len=2 data=03 01
1778318282.913000 R  i2c=0xc0 reg=0x5b len=1
1778318282.916000 R= ret=0 data=08
1778318282.916000 W1 i2c=0xc0 reg=0x59 val=0x4
1778318282.916000 W  i2c=0xc0 reg=0x59 len=1 data=04
1778318282.917000 W1 i2c=0xc0 reg=0x88 val=0x0
1778318282.917000 W  i2c=0xc0 reg=0x88 len=1 data=00
1778318282.918000 W1 i2c=0xc0 reg=0x87 val=0xc0
1778318282.918000 W  i2c=0xc0 reg=0x87 len=1 data=c0
1778318282.919000 R  i2c=0xc0 reg=0x69 len=1
1778318282.922000 R= ret=0 data=88
1778318282.922000 W1 i2c=0xdc reg=0x8 val=0x0
1778318282.922000 W  i2c=0xdc reg=0x8 len=1 data=00
1778318283.723000 W1 i2c=0x30 reg=0x0 val=0xf
1778318283.723000 W  i2c=0x30 reg=0x0 len=1 data=0f
1778318283.724000 R  i2c=0x30 reg=0x11 len=1
1778318283.728000 R= ret=0 data=00
1778318283.728000 W1 i2c=0x30 reg=0x0 val=0x9
1778318283.728000 W  i2c=0x30 reg=0x0 len=1 data=09
1778318283.729000 R  i2c=0x30 reg=0x62 len=1
1778318283.732000 R= ret=0 data=51
1778318283.732000 W1 i2c=0x30 reg=0x0 val=0xd
1778318283.732000 W  i2c=0x30 reg=0x0 len=1 data=0d
1778318283.733000 R  i2c=0x30 reg=0x86 len=1
1778318283.736000 R= ret=0 data=00
1778318283.736000 W1 i2c=0x30 reg=0x0 val=0xd
1778318283.736000 W  i2c=0x30 reg=0x0 len=1 data=0d
1778318283.737000 R  i2c=0x30 reg=0x86 len=1
1778318283.741000 R= ret=0 data=00
1778318283.741000 W1 i2c=0x30 reg=0x0 val=0xd
1778318283.741000 W  i2c=0x30 reg=0x0 len=1 data=0d
1778318283.742000 R  i2c=0x30 reg=0x86 len=1
1778318283.745000 R= ret=0 data=00
1778318283.745000 W1 i2c=0xdc reg=0x8 val=0x1
1778318283.745000 W  i2c=0xdc reg=0x8 len=1 data=01
1778318283.746000 W  i2c=0xc0 reg=0x87 len=2 data=c4 41
1778318283.747000 W  i2c=0xc0 reg=0x59 len=2 data=05 01
1778318283.748000 R  i2c=0xc0 reg=0x5b len=1
1778318283.751000 R= ret=0 data=26
1778318283.751000 W  i2c=0xc0 reg=0x59 len=2 data=03 01
1778318283.752000 R  i2c=0xc0 reg=0x5b len=1
1778318283.756000 R= ret=0 data=08
1778318283.756000 W1 i2c=0xc0 reg=0x59 val=0x4
1778318283.756000 W  i2c=0xc0 reg=0x59 len=1 data=04
1778318283.757000 W1 i2c=0xc0 reg=0x88 val=0x0
1778318283.757000 W  i2c=0xc0 reg=0x88 len=1 data=00
1778318283.757000 W1 i2c=0xc0 reg=0x87 val=0xc0
1778318283.757000 W  i2c=0xc0 reg=0x87 len=1 data=c0
1778318283.758000 R  i2c=0xc0 reg=0x69 len=1
1778318283.762000 R= ret=0 data=88
1778318283.762000 W1 i2c=0xdc reg=0x8 val=0x0
1778318283.762000 W  i2c=0xdc reg=0x8 len=1 data=00
1778318284.564000 W1 i2c=0x30 reg=0x0 val=0xf
1778318284.565000 W  i2c=0x30 reg=0x0 len=1 data=0f
1778318284.566000 R  i2c=0x30 reg=0x11 len=1
1778318284.570000 R= ret=0 data=00
1778318284.570000 W1 i2c=0x30 reg=0x0 val=0x9
1778318284.570000 W  i2c=0x30 reg=0x0 len=1 data=09
1778318284.572000 R  i2c=0x30 reg=0x62 len=1
1778318284.576000 R= ret=0 data=51
1778318284.576000 W1 i2c=0x30 reg=0x0 val=0xd
1778318284.576000 W  i2c=0x30 reg=0x0 len=1 data=0d
1778318284.577000 R  i2c=0x30 reg=0x86 len=1
1778318284.581000 R= ret=0 data=00
1778318284.581000 W1 i2c=0x30 reg=0x0 val=0xd
1778318284.581000 W  i2c=0x30 reg=0x0 len=1 data=0d
1778318284.582000 R  i2c=0x30 reg=0x86 len=1
1778318284.585000 R= ret=0 data=00
1778318284.585000 W1 i2c=0x30 reg=0x0 val=0xd
1778318284.585000 W  i2c=0x30 reg=0x0 len=1 data=0d
1778318284.586000 R  i2c=0x30 reg=0x86 len=1
1778318284.591000 R= ret=0 data=00
1778318284.591000 W1 i2c=0xdc reg=0x8 val=0x1
1778318284.591000 W  i2c=0xdc reg=0x8 len=1 data=01
1778318284.592000 W  i2c=0xc0 reg=0x87 len=2 data=c4 41
1778318284.593000 W  i2c=0xc0 reg=0x59 len=2 data=05 01
1778318284.595000 R  i2c=0xc0 reg=0x5b len=1
1778318284.598000 R= ret=0 data=26
1778318284.598000 W  i2c=0xc0 reg=0x59 len=2 data=03 01
1778318284.599000 R  i2c=0xc0 reg=0x5b len=1
1778318284.603000 R= ret=0 data=08
1778318284.603000 W1 i2c=0xc0 reg=0x59 val=0x4
1778318284.603000 W  i2c=0xc0 reg=0x59 len=1 data=04
1778318284.604000 W1 i2c=0xc0 reg=0x88 val=0x0
1778318284.604000 W  i2c=0xc0 reg=0x88 len=1 data=00
1778318284.606000 W1 i2c=0xc0 reg=0x87 val=0xc0
1778318284.606000 W  i2c=0xc0 reg=0x87 len=1 data=c0
1778318284.607000 R  i2c=0xc0 reg=0x69 len=1
1778318284.613000 R= ret=0 data=88
1778318284.613000 W1 i2c=0xdc reg=0x8 val=0x0
1778318284.613000 W  i2c=0xdc reg=0x8 len=1 data=00
1778318285.415000 W1 i2c=0x30 reg=0x0 val=0xf
1778318285.415000 W  i2c=0x30 reg=0x0 len=1 data=0f
1778318285.417000 R  i2c=0x30 reg=0x11 len=1
1778318285.421000 R= ret=0 data=00
1778318285.421000 W1 i2c=0x30 reg=0x0 val=0x9
1778318285.421000 W  i2c=0x30 reg=0x0 len=1 data=09
1778318285.422000 R  i2c=0x30 reg=0x62 len=1
1778318285.427000 R= ret=0 data=51
1778318285.427000 W1 i2c=0x30 reg=0x0 val=0xd
1778318285.427000 W  i2c=0x30 reg=0x0 len=1 data=0d
1778318285.428000 R  i2c=0x30 reg=0x86 len=1
1778318285.432000 R= ret=0 data=00
1778318285.432000 W1 i2c=0x30 reg=0x0 val=0xd
1778318285.432000 W  i2c=0x30 reg=0x0 len=1 data=0d
1778318285.433000 R  i2c=0x30 reg=0x86 len=1
1778318285.436000 R= ret=0 data=00
1778318285.436000 W1 i2c=0x30 reg=0x0 val=0xd
1778318285.436000 W  i2c=0x30 reg=0x0 len=1 data=0d
1778318285.437000 R  i2c=0x30 reg=0x86 len=1
1778318285.442000 R= ret=0 data=00
1778318285.442000 W1 i2c=0xdc reg=0x8 val=0x1
1778318285.442000 W  i2c=0xdc reg=0x8 len=1 data=01
1778318285.443000 W  i2c=0xc0 reg=0x87 len=2 data=c4 41
1778318285.446000 W  i2c=0xc0 reg=0x59 len=2 data=05 01
1778318285.447000 R  i2c=0xc0 reg=0x5b len=1
1778318285.451000 R= ret=0 data=26
1778318285.451000 W  i2c=0xc0 reg=0x59 len=2 data=03 01
1778318285.452000 R  i2c=0xc0 reg=0x5b len=1
1778318285.455000 R= ret=0 data=08
1778318285.455000 W1 i2c=0xc0 reg=0x59 val=0x4
1778318285.455000 W  i2c=0xc0 reg=0x59 len=1 data=04
1778318285.457000 W1 i2c=0xc0 reg=0x88 val=0x0
1778318285.457000 W  i2c=0xc0 reg=0x88 len=1 data=00
1778318285.458000 W1 i2c=0xc0 reg=0x87 val=0xc0
1778318285.458000 W  i2c=0xc0 reg=0x87 len=1 data=c0
1778318285.460000 R  i2c=0xc0 reg=0x69 len=1
1778318285.463000 R= ret=0 data=88
1778318285.463000 W1 i2c=0xdc reg=0x8 val=0x0
1778318285.463000 W  i2c=0xdc reg=0x8 len=1 data=00
1778318286.266000 W1 i2c=0x30 reg=0x0 val=0xf
1778318286.266000 W  i2c=0x30 reg=0x0 len=1 data=0f
1778318286.267000 R  i2c=0x30 reg=0x11 len=1
1778318286.271000 R= ret=0 data=00
1778318286.271000 W1 i2c=0x30 reg=0x0 val=0x9
1778318286.271000 W  i2c=0x30 reg=0x0 len=1 data=09
1778318286.273000 R  i2c=0x30 reg=0x62 len=1
1778318286.277000 R= ret=0 data=51
1778318286.277000 W1 i2c=0x30 reg=0x0 val=0xd
1778318286.277000 W  i2c=0x30 reg=0x0 len=1 data=0d
1778318286.278000 R  i2c=0x30 reg=0x86 len=1
1778318286.282000 R= ret=0 data=00
1778318286.282000 W1 i2c=0x30 reg=0x0 val=0xd
1778318286.282000 W  i2c=0x30 reg=0x0 len=1 data=0d
1778318286.283000 R  i2c=0x30 reg=0x86 len=1
1778318286.286000 R= ret=0 data=00
1778318286.286000 W1 i2c=0x30 reg=0x0 val=0xd
1778318286.286000 W  i2c=0x30 reg=0x0 len=1 data=0d
1778318286.287000 R  i2c=0x30 reg=0x86 len=1
1778318286.291000 R= ret=0 data=00
1778318286.291000 W1 i2c=0xdc reg=0x8 val=0x1
1778318286.291000 W  i2c=0xdc reg=0x8 len=1 data=01
1778318286.293000 W  i2c=0xc0 reg=0x87 len=2 data=c4 41
1778318286.294000 W  i2c=0xc0 reg=0x59 len=2 data=05 01
1778318286.295000 R  i2c=0xc0 reg=0x5b len=1
1778318286.298000 R= ret=0 data=26
1778318286.298000 W  i2c=0xc0 reg=0x59 len=2 data=03 01
1778318286.299000 R  i2c=0xc0 reg=0x5b len=1
1778318286.303000 R= ret=0 data=08
1778318286.303000 W1 i2c=0xc0 reg=0x59 val=0x4
1778318286.303000 W  i2c=0xc0 reg=0x59 len=1 data=04
1778318286.304000 W1 i2c=0xc0 reg=0x88 val=0x0
1778318286.304000 W  i2c=0xc0 reg=0x88 len=1 data=00
1778318286.305000 W1 i2c=0xc0 reg=0x87 val=0xc0
1778318286.305000 W  i2c=0xc0 reg=0x87 len=1 data=c0
1778318286.306000 R  i2c=0xc0 reg=0x69 len=1
1778318286.310000 R= ret=0 data=88
1778318286.310000 W1 i2c=0xdc reg=0x8 val=0x0
1778318286.310000 W  i2c=0xdc reg=0x8 len=1 data=00
